version,1.5.0
info,team,Rajasthan Royals
info,team,Chennai Super Kings
info,gender,male
info,season,2013
info,date,2013/05/12
info,event,Indian Premier League
info,match_number,61
info,venue,Sawai Mansingh Stadium
info,city,Jaipur
info,toss_winner,Rajasthan Royals
info,toss_decision,field
info,player_of_match,SR Watson
info,umpire,HDPK Dharmasena
info,umpire,CK Nandan
info,reserve_umpire,Tapan Sharma
info,tv_umpire,S Ravi
info,match_referee,RS Mahanama
info,winner,Rajasthan Royals
info,winner_wickets,5
ball,1,0.1,Chennai Super Kings,MEK Hussey,M Vijay,VS Malik,2,0,,,,,,"",""
ball,1,0.2,Chennai Super Kings,MEK Hussey,M Vijay,VS Malik,0,0,,,,,,"",""
ball,1,0.3,Chennai Super Kings,MEK Hussey,M Vijay,VS Malik,0,0,,,,,,"",""
ball,1,0.4,Chennai Super Kings,MEK Hussey,M Vijay,VS Malik,1,0,,,,,,"",""
ball,1,0.5,Chennai Super Kings,M Vijay,MEK Hussey,VS Malik,0,0,,,,,,"",""
ball,1,0.6,Chennai Super Kings,M Vijay,MEK Hussey,VS Malik,0,0,,,,,,"",""
ball,1,1.1,Chennai Super Kings,MEK Hussey,M Vijay,JP Faulkner,1,0,,,,,,"",""
ball,1,1.2,Chennai Super Kings,M Vijay,MEK Hussey,JP Faulkner,0,0,,,,,,"",""
ball,1,1.3,Chennai Super Kings,M Vijay,MEK Hussey,JP Faulkner,0,0,,,,,,"",""
ball,1,1.4,Chennai Super Kings,M Vijay,MEK Hussey,JP Faulkner,1,0,,,,,,"",""
ball,1,1.5,Chennai Super Kings,MEK Hussey,M Vijay,JP Faulkner,1,0,,,,,,"",""
ball,1,1.6,Chennai Super Kings,M Vijay,MEK Hussey,JP Faulkner,0,1,,,,1,,"",""
ball,1,2.1,Chennai Super Kings,M Vijay,MEK Hussey,VS Malik,0,0,,,,,,"",""
ball,1,2.2,Chennai Super Kings,M Vijay,MEK Hussey,VS Malik,4,0,,,,,,"",""
ball,1,2.3,Chennai Super Kings,M Vijay,MEK Hussey,VS Malik,1,0,,,,,,"",""
ball,1,2.4,Chennai Super Kings,MEK Hussey,M Vijay,VS Malik,0,0,,,,,,"",""
ball,1,2.5,Chennai Super Kings,MEK Hussey,M Vijay,VS Malik,0,0,,,,,,"",""
ball,1,2.6,Chennai Super Kings,MEK Hussey,M Vijay,VS Malik,4,0,,,,,,"",""
ball,1,3.1,Chennai Super Kings,M Vijay,MEK Hussey,SR Watson,0,0,,,,,,"",""
ball,1,3.2,Chennai Super Kings,M Vijay,MEK Hussey,SR Watson,3,0,,,,,,"",""
ball,1,3.3,Chennai Super Kings,MEK Hussey,M Vijay,SR Watson,0,0,,,,,,"",""
ball,1,3.4,Chennai Super Kings,MEK Hussey,M Vijay,SR Watson,0,2,,,,2,,"",""
ball,1,3.5,Chennai Super Kings,MEK Hussey,M Vijay,SR Watson,1,0,,,,,,"",""
ball,1,3.6,Chennai Super Kings,M Vijay,MEK Hussey,SR Watson,0,0,,,,,,"",""
ball,1,4.1,Chennai Super Kings,MEK Hussey,M Vijay,JP Faulkner,0,0,,,,,,"",""
ball,1,4.2,Chennai Super Kings,MEK Hussey,M Vijay,JP Faulkner,0,0,,,,,,"",""
ball,1,4.3,Chennai Super Kings,MEK Hussey,M Vijay,JP Faulkner,0,0,,,,,,"",""
ball,1,4.4,Chennai Super Kings,MEK Hussey,M Vijay,JP Faulkner,0,0,,,,,,"",""
ball,1,4.5,Chennai Super Kings,MEK Hussey,M Vijay,JP Faulkner,4,0,,,,,,"",""
ball,1,4.6,Chennai Super Kings,MEK Hussey,M Vijay,JP Faulkner,0,0,,,,,,"",""
ball,1,5.1,Chennai Super Kings,M Vijay,MEK Hussey,SR Watson,0,0,,,,,,"",""
ball,1,5.2,Chennai Super Kings,M Vijay,MEK Hussey,SR Watson,4,0,,,,,,"",""
ball,1,5.3,Chennai Super Kings,M Vijay,MEK Hussey,SR Watson,4,0,,,,,,"",""
ball,1,5.4,Chennai Super Kings,M Vijay,MEK Hussey,SR Watson,0,0,,,,,,"",""
ball,1,5.5,Chennai Super Kings,M Vijay,MEK Hussey,SR Watson,2,0,,,,,,"",""
ball,1,5.6,Chennai Super Kings,M Vijay,MEK Hussey,SR Watson,0,1,1,,,,,"",""
ball,1,5.7,Chennai Super Kings,M Vijay,MEK Hussey,SR Watson,0,0,,,,,,"",""
ball,1,6.1,Chennai Super Kings,MEK Hussey,M Vijay,VS Malik,1,0,,,,,,"",""
ball,1,6.2,Chennai Super Kings,M Vijay,MEK Hussey,VS Malik,1,0,,,,,,"",""
ball,1,6.3,Chennai Super Kings,MEK Hussey,M Vijay,VS Malik,0,0,,,,,,"",""
ball,1,6.4,Chennai Super Kings,MEK Hussey,M Vijay,VS Malik,0,0,,,,,,"",""
ball,1,6.5,Chennai Super Kings,MEK Hussey,M Vijay,VS Malik,4,0,,,,,,"",""
ball,1,6.6,Chennai Super Kings,MEK Hussey,M Vijay,VS Malik,1,0,,,,,,"",""
ball,1,7.1,Chennai Super Kings,MEK Hussey,M Vijay,SK Trivedi,0,0,,,,,,"",""
ball,1,7.2,Chennai Super Kings,MEK Hussey,M Vijay,SK Trivedi,4,0,,,,,,"",""
ball,1,7.3,Chennai Super Kings,MEK Hussey,M Vijay,SK Trivedi,1,0,,,,,,"",""
ball,1,7.4,Chennai Super Kings,M Vijay,MEK Hussey,SK Trivedi,4,0,,,,,,"",""
ball,1,7.5,Chennai Super Kings,M Vijay,MEK Hussey,SK Trivedi,2,0,,,,,,"",""
ball,1,7.6,Chennai Super Kings,M Vijay,MEK Hussey,SK Trivedi,4,0,,,,,,"",""
ball,1,8.1,Chennai Super Kings,MEK Hussey,M Vijay,KK Cooper,1,0,,,,,,"",""
ball,1,8.2,Chennai Super Kings,M Vijay,MEK Hussey,KK Cooper,1,0,,,,,,"",""
ball,1,8.3,Chennai Super Kings,MEK Hussey,M Vijay,KK Cooper,1,0,,,,,,"",""
ball,1,8.4,Chennai Super Kings,M Vijay,MEK Hussey,KK Cooper,2,0,,,,,,"",""
ball,1,8.5,Chennai Super Kings,M Vijay,MEK Hussey,KK Cooper,1,0,,,,,,"",""
ball,1,8.6,Chennai Super Kings,MEK Hussey,M Vijay,KK Cooper,1,0,,,,,,"",""
ball,1,9.1,Chennai Super Kings,MEK Hussey,M Vijay,STR Binny,4,0,,,,,,"",""
ball,1,9.2,Chennai Super Kings,MEK Hussey,M Vijay,STR Binny,2,0,,,,,,"",""
ball,1,9.3,Chennai Super Kings,MEK Hussey,M Vijay,STR Binny,0,1,,,,1,,"",""
ball,1,9.4,Chennai Super Kings,M Vijay,MEK Hussey,STR Binny,0,0,,,,,,"",""
ball,1,9.5,Chennai Super Kings,M Vijay,MEK Hussey,STR Binny,1,0,,,,,,"",""
ball,1,9.6,Chennai Super Kings,MEK Hussey,M Vijay,STR Binny,1,0,,,,,,"",""
ball,1,10.1,Chennai Super Kings,MEK Hussey,M Vijay,SK Trivedi,0,0,,,,,,"",""
ball,1,10.2,Chennai Super Kings,MEK Hussey,M Vijay,SK Trivedi,0,1,1,,,,,"",""
ball,1,10.3,Chennai Super Kings,MEK Hussey,M Vijay,SK Trivedi,4,0,,,,,,"",""
ball,1,10.4,Chennai Super Kings,MEK Hussey,M Vijay,SK Trivedi,0,0,,,,,,"",""
ball,1,10.5,Chennai Super Kings,MEK Hussey,M Vijay,SK Trivedi,1,0,,,,,,"",""
ball,1,10.6,Chennai Super Kings,M Vijay,MEK Hussey,SK Trivedi,1,0,,,,,,"",""
ball,1,10.7,Chennai Super Kings,MEK Hussey,M Vijay,SK Trivedi,0,0,,,,,,"",""
ball,1,11.1,Chennai Super Kings,M Vijay,MEK Hussey,STR Binny,1,0,,,,,,"",""
ball,1,11.2,Chennai Super Kings,MEK Hussey,M Vijay,STR Binny,0,0,,,,,,"",""
ball,1,11.3,Chennai Super Kings,MEK Hussey,M Vijay,STR Binny,0,0,,,,,,bowled,MEK Hussey
ball,1,11.4,Chennai Super Kings,SK Raina,M Vijay,STR Binny,1,0,,,,,,"",""
ball,1,11.5,Chennai Super Kings,M Vijay,SK Raina,STR Binny,0,0,,,,,,"",""
ball,1,11.6,Chennai Super Kings,M Vijay,SK Raina,STR Binny,2,0,,,,,,"",""
ball,1,12.1,Chennai Super Kings,SK Raina,M Vijay,KK Cooper,0,0,,,,,,caught,SK Raina
ball,1,12.2,Chennai Super Kings,M Vijay,MS Dhoni,KK Cooper,1,0,,,,,,"",""
ball,1,12.3,Chennai Super Kings,MS Dhoni,M Vijay,KK Cooper,2,0,,,,,,"",""
ball,1,12.4,Chennai Super Kings,MS Dhoni,M Vijay,KK Cooper,0,0,,,,,,"",""
ball,1,12.5,Chennai Super Kings,MS Dhoni,M Vijay,KK Cooper,0,0,,,,,,caught,MS Dhoni
ball,1,12.6,Chennai Super Kings,RA Jadeja,M Vijay,KK Cooper,0,0,,,,,,"",""
ball,1,13.1,Chennai Super Kings,M Vijay,RA Jadeja,STR Binny,0,0,,,,,,"",""
ball,1,13.2,Chennai Super Kings,M Vijay,RA Jadeja,STR Binny,0,0,,,,,,"",""
ball,1,13.3,Chennai Super Kings,M Vijay,RA Jadeja,STR Binny,1,0,,,,,,"",""
ball,1,13.4,Chennai Super Kings,RA Jadeja,M Vijay,STR Binny,0,1,1,,,,,"",""
ball,1,13.5,Chennai Super Kings,RA Jadeja,M Vijay,STR Binny,2,0,,,,,,"",""
ball,1,13.6,Chennai Super Kings,RA Jadeja,M Vijay,STR Binny,1,0,,,,,,"",""
ball,1,13.7,Chennai Super Kings,M Vijay,RA Jadeja,STR Binny,0,0,,,,,,"",""
ball,1,14.1,Chennai Super Kings,RA Jadeja,M Vijay,SR Watson,2,0,,,,,,"",""
ball,1,14.2,Chennai Super Kings,RA Jadeja,M Vijay,SR Watson,1,0,,,,,,"",""
ball,1,14.3,Chennai Super Kings,M Vijay,RA Jadeja,SR Watson,0,0,,,,,,"",""
ball,1,14.4,Chennai Super Kings,M Vijay,RA Jadeja,SR Watson,2,0,,,,,,"",""
ball,1,14.5,Chennai Super Kings,M Vijay,RA Jadeja,SR Watson,0,0,,,,,,"",""
ball,1,14.6,Chennai Super Kings,M Vijay,RA Jadeja,SR Watson,1,0,,,,,,"",""
ball,1,15.1,Chennai Super Kings,M Vijay,RA Jadeja,JP Faulkner,2,0,,,,,,"",""
ball,1,15.2,Chennai Super Kings,M Vijay,RA Jadeja,JP Faulkner,0,0,,,,,,"",""
ball,1,15.3,Chennai Super Kings,M Vijay,RA Jadeja,JP Faulkner,1,0,,,,,,"",""
ball,1,15.4,Chennai Super Kings,RA Jadeja,M Vijay,JP Faulkner,1,0,,,,,,"",""
ball,1,15.5,Chennai Super Kings,M Vijay,RA Jadeja,JP Faulkner,0,0,,,,,,"",""
ball,1,15.6,Chennai Super Kings,M Vijay,RA Jadeja,JP Faulkner,1,0,,,,,,"",""
ball,1,16.1,Chennai Super Kings,M Vijay,RA Jadeja,KK Cooper,0,0,,,,,,"",""
ball,1,16.2,Chennai Super Kings,M Vijay,RA Jadeja,KK Cooper,1,0,,,,,,"",""
ball,1,16.3,Chennai Super Kings,RA Jadeja,M Vijay,KK Cooper,1,0,,,,,,"",""
ball,1,16.4,Chennai Super Kings,M Vijay,RA Jadeja,KK Cooper,0,0,,,,,,"",""
ball,1,16.5,Chennai Super Kings,M Vijay,RA Jadeja,KK Cooper,4,0,,,,,,"",""
ball,1,16.6,Chennai Super Kings,M Vijay,RA Jadeja,KK Cooper,2,0,,,,,,"",""
ball,1,17.1,Chennai Super Kings,RA Jadeja,M Vijay,SR Watson,0,0,,,,,,"",""
ball,1,17.2,Chennai Super Kings,RA Jadeja,M Vijay,SR Watson,0,0,,,,,,run out,M Vijay
ball,1,17.3,Chennai Super Kings,DJ Bravo,RA Jadeja,SR Watson,0,1,,,,1,,"",""
ball,1,17.4,Chennai Super Kings,RA Jadeja,DJ Bravo,SR Watson,0,0,,,,,,"",""
ball,1,17.5,Chennai Super Kings,RA Jadeja,DJ Bravo,SR Watson,2,0,,,,,,"",""
ball,1,17.6,Chennai Super Kings,RA Jadeja,DJ Bravo,SR Watson,0,0,,,,,,"",""
ball,1,18.1,Chennai Super Kings,DJ Bravo,RA Jadeja,KK Cooper,2,0,,,,,,"",""
ball,1,18.2,Chennai Super Kings,DJ Bravo,RA Jadeja,KK Cooper,4,0,,,,,,"",""
ball,1,18.3,Chennai Super Kings,DJ Bravo,RA Jadeja,KK Cooper,4,0,,,,,,"",""
ball,1,18.4,Chennai Super Kings,DJ Bravo,RA Jadeja,KK Cooper,0,0,,,,,,"",""
ball,1,18.5,Chennai Super Kings,DJ Bravo,RA Jadeja,KK Cooper,4,0,,,,,,"",""
ball,1,18.6,Chennai Super Kings,DJ Bravo,RA Jadeja,KK Cooper,0,0,,,,,,"",""
ball,1,19.1,Chennai Super Kings,RA Jadeja,DJ Bravo,JP Faulkner,1,0,,,,,,"",""
ball,1,19.2,Chennai Super Kings,DJ Bravo,RA Jadeja,JP Faulkner,2,0,,,,,,"",""
ball,1,19.3,Chennai Super Kings,DJ Bravo,RA Jadeja,JP Faulkner,2,0,,,,,,"",""
ball,1,19.4,Chennai Super Kings,DJ Bravo,RA Jadeja,JP Faulkner,1,0,,,,,,"",""
ball,1,19.5,Chennai Super Kings,RA Jadeja,DJ Bravo,JP Faulkner,1,0,,,,,,"",""
ball,1,19.6,Chennai Super Kings,DJ Bravo,RA Jadeja,JP Faulkner,4,0,,,,,,"",""
ball,2,0.1,Rajasthan Royals,R Dravid,AM Rahane,MM Sharma,0,0,,,,,,"",""
ball,2,0.2,Rajasthan Royals,R Dravid,AM Rahane,MM Sharma,0,0,,,,,,"",""
ball,2,0.3,Rajasthan Royals,R Dravid,AM Rahane,MM Sharma,1,0,,,,,,"",""
ball,2,0.4,Rajasthan Royals,AM Rahane,R Dravid,MM Sharma,1,0,,,,,,"",""
ball,2,0.5,Rajasthan Royals,R Dravid,AM Rahane,MM Sharma,0,0,,,,,,"",""
ball,2,0.6,Rajasthan Royals,R Dravid,AM Rahane,MM Sharma,0,0,,,,,,"",""
ball,2,1.1,Rajasthan Royals,AM Rahane,R Dravid,JO Holder,0,0,,,,,,"",""
ball,2,1.2,Rajasthan Royals,AM Rahane,R Dravid,JO Holder,0,0,,,,,,"",""
ball,2,1.3,Rajasthan Royals,AM Rahane,R Dravid,JO Holder,0,0,,,,,,"",""
ball,2,1.4,Rajasthan Royals,AM Rahane,R Dravid,JO Holder,1,0,,,,,,"",""
ball,2,1.5,Rajasthan Royals,R Dravid,AM Rahane,JO Holder,0,0,,,,,,"",""
ball,2,1.6,Rajasthan Royals,R Dravid,AM Rahane,JO Holder,0,0,,,,,,"",""
ball,2,2.1,Rajasthan Royals,AM Rahane,R Dravid,MM Sharma,4,0,,,,,,"",""
ball,2,2.2,Rajasthan Royals,AM Rahane,R Dravid,MM Sharma,0,0,,,,,,"",""
ball,2,2.3,Rajasthan Royals,AM Rahane,R Dravid,MM Sharma,0,0,,,,,,"",""
ball,2,2.4,Rajasthan Royals,AM Rahane,R Dravid,MM Sharma,3,0,,,,,,"",""
ball,2,2.5,Rajasthan Royals,R Dravid,AM Rahane,MM Sharma,0,0,,,,,,"",""
ball,2,2.6,Rajasthan Royals,R Dravid,AM Rahane,MM Sharma,4,0,,,,,,"",""
ball,2,3.1,Rajasthan Royals,AM Rahane,R Dravid,JO Holder,0,0,,,,,,caught,AM Rahane
ball,2,3.2,Rajasthan Royals,JP Faulkner,R Dravid,JO Holder,1,0,,,,,,"",""
ball,2,3.3,Rajasthan Royals,R Dravid,JP Faulkner,JO Holder,3,0,,,,,,"",""
ball,2,3.4,Rajasthan Royals,JP Faulkner,R Dravid,JO Holder,0,0,,,,,,bowled,JP Faulkner
ball,2,3.5,Rajasthan Royals,SV Samson,R Dravid,JO Holder,0,0,,,,,,"",""
ball,2,3.6,Rajasthan Royals,SV Samson,R Dravid,JO Holder,0,0,,,,,,"",""
ball,2,4.1,Rajasthan Royals,R Dravid,SV Samson,MM Sharma,1,0,,,,,,"",""
ball,2,4.2,Rajasthan Royals,SV Samson,R Dravid,MM Sharma,0,0,,,,,,"",""
ball,2,4.3,Rajasthan Royals,SV Samson,R Dravid,MM Sharma,0,0,,,,,,"",""
ball,2,4.4,Rajasthan Royals,SV Samson,R Dravid,MM Sharma,0,0,,,,,,caught,SV Samson
ball,2,4.5,Rajasthan Royals,SR Watson,R Dravid,MM Sharma,0,0,,,,,,"",""
ball,2,4.6,Rajasthan Royals,SR Watson,R Dravid,MM Sharma,0,0,,,,,,"",""
ball,2,5.1,Rajasthan Royals,R Dravid,SR Watson,JO Holder,0,0,,,,,,"",""
ball,2,5.2,Rajasthan Royals,R Dravid,SR Watson,JO Holder,0,0,,,,,,"",""
ball,2,5.3,Rajasthan Royals,R Dravid,SR Watson,JO Holder,4,0,,,,,,"",""
ball,2,5.4,Rajasthan Royals,R Dravid,SR Watson,JO Holder,0,0,,,,,,"",""
ball,2,5.5,Rajasthan Royals,R Dravid,SR Watson,JO Holder,1,0,,,,,,"",""
ball,2,5.6,Rajasthan Royals,SR Watson,R Dravid,JO Holder,0,0,,,,,,"",""
ball,2,6.1,Rajasthan Royals,R Dravid,SR Watson,MM Sharma,0,0,,,,,,"",""
ball,2,6.2,Rajasthan Royals,R Dravid,SR Watson,MM Sharma,1,0,,,,,,"",""
ball,2,6.3,Rajasthan Royals,SR Watson,R Dravid,MM Sharma,1,0,,,,,,"",""
ball,2,6.4,Rajasthan Royals,R Dravid,SR Watson,MM Sharma,1,0,,,,,,"",""
ball,2,6.5,Rajasthan Royals,SR Watson,R Dravid,MM Sharma,4,0,,,,,,"",""
ball,2,6.6,Rajasthan Royals,SR Watson,R Dravid,MM Sharma,0,0,,,,,,"",""
ball,2,7.1,Rajasthan Royals,R Dravid,SR Watson,CH Morris,1,0,,,,,,"",""
ball,2,7.2,Rajasthan Royals,SR Watson,R Dravid,CH Morris,1,0,,,,,,"",""
ball,2,7.3,Rajasthan Royals,R Dravid,SR Watson,CH Morris,0,0,,,,,,"",""
ball,2,7.4,Rajasthan Royals,R Dravid,SR Watson,CH Morris,2,0,,,,,,"",""
ball,2,7.5,Rajasthan Royals,R Dravid,SR Watson,CH Morris,0,0,,,,,,"",""
ball,2,7.6,Rajasthan Royals,R Dravid,SR Watson,CH Morris,0,0,,,,,,"",""
ball,2,8.1,Rajasthan Royals,SR Watson,R Dravid,DJ Bravo,0,0,,,,,,"",""
ball,2,8.2,Rajasthan Royals,SR Watson,R Dravid,DJ Bravo,1,0,,,,,,"",""
ball,2,8.3,Rajasthan Royals,R Dravid,SR Watson,DJ Bravo,0,0,,,,,,"",""
ball,2,8.4,Rajasthan Royals,R Dravid,SR Watson,DJ Bravo,1,0,,,,,,"",""
ball,2,8.5,Rajasthan Royals,SR Watson,R Dravid,DJ Bravo,6,0,,,,,,"",""
ball,2,8.6,Rajasthan Royals,SR Watson,R Dravid,DJ Bravo,0,0,,,,,,"",""
ball,2,9.1,Rajasthan Royals,R Dravid,SR Watson,CH Morris,2,0,,,,,,"",""
ball,2,9.2,Rajasthan Royals,R Dravid,SR Watson,CH Morris,0,0,,,,,,caught,R Dravid
ball,2,9.3,Rajasthan Royals,STR Binny,SR Watson,CH Morris,0,0,,,,,,"",""
ball,2,9.4,Rajasthan Royals,STR Binny,SR Watson,CH Morris,1,0,,,,,,"",""
ball,2,9.5,Rajasthan Royals,SR Watson,STR Binny,CH Morris,1,0,,,,,,"",""
ball,2,9.6,Rajasthan Royals,STR Binny,SR Watson,CH Morris,2,0,,,,,,"",""
ball,2,10.1,Rajasthan Royals,SR Watson,STR Binny,R Ashwin,1,0,,,,,,"",""
ball,2,10.2,Rajasthan Royals,STR Binny,SR Watson,R Ashwin,0,1,1,,,,,"",""
ball,2,10.3,Rajasthan Royals,STR Binny,SR Watson,R Ashwin,2,0,,,,,,"",""
ball,2,10.4,Rajasthan Royals,STR Binny,SR Watson,R Ashwin,6,0,,,,,,"",""
ball,2,10.5,Rajasthan Royals,STR Binny,SR Watson,R Ashwin,1,0,,,,,,"",""
ball,2,10.6,Rajasthan Royals,SR Watson,STR Binny,R Ashwin,6,0,,,,,,"",""
ball,2,10.7,Rajasthan Royals,SR Watson,STR Binny,R Ashwin,6,0,,,,,,"",""
ball,2,11.1,Rajasthan Royals,STR Binny,SR Watson,CH Morris,0,0,,,,,,"",""
ball,2,11.2,Rajasthan Royals,STR Binny,SR Watson,CH Morris,1,0,,,,,,"",""
ball,2,11.3,Rajasthan Royals,SR Watson,STR Binny,CH Morris,1,0,,,,,,"",""
ball,2,11.4,Rajasthan Royals,STR Binny,SR Watson,CH Morris,4,0,,,,,,"",""
ball,2,11.5,Rajasthan Royals,STR Binny,SR Watson,CH Morris,0,0,,,,,,"",""
ball,2,11.6,Rajasthan Royals,STR Binny,SR Watson,CH Morris,4,0,,,,,,"",""
ball,2,12.1,Rajasthan Royals,SR Watson,STR Binny,JO Holder,0,0,,,,,,"",""
ball,2,12.2,Rajasthan Royals,SR Watson,STR Binny,JO Holder,1,0,,,,,,"",""
ball,2,12.3,Rajasthan Royals,STR Binny,SR Watson,JO Holder,1,0,,,,,,"",""
ball,2,12.4,Rajasthan Royals,SR Watson,STR Binny,JO Holder,1,0,,,,,,"",""
ball,2,12.5,Rajasthan Royals,STR Binny,SR Watson,JO Holder,1,0,,,,,,"",""
ball,2,12.6,Rajasthan Royals,SR Watson,STR Binny,JO Holder,6,0,,,,,,"",""
ball,2,13.1,Rajasthan Royals,STR Binny,SR Watson,DJ Bravo,6,0,,,,,,"",""
ball,2,13.2,Rajasthan Royals,STR Binny,SR Watson,DJ Bravo,2,0,,,,,,"",""
ball,2,13.3,Rajasthan Royals,STR Binny,SR Watson,DJ Bravo,1,0,,,,,,"",""
ball,2,13.4,Rajasthan Royals,SR Watson,STR Binny,DJ Bravo,6,0,,,,,,"",""
ball,2,13.5,Rajasthan Royals,SR Watson,STR Binny,DJ Bravo,6,0,,,,,,"",""
ball,2,13.6,Rajasthan Royals,SR Watson,STR Binny,DJ Bravo,1,0,,,,,,"",""
ball,2,14.1,Rajasthan Royals,SR Watson,STR Binny,CH Morris,0,0,,,,,,"",""
ball,2,14.2,Rajasthan Royals,SR Watson,STR Binny,CH Morris,4,0,,,,,,"",""
ball,2,14.3,Rajasthan Royals,SR Watson,STR Binny,CH Morris,0,0,,,,,,"",""
ball,2,14.4,Rajasthan Royals,SR Watson,STR Binny,CH Morris,4,0,,,,,,"",""
ball,2,14.5,Rajasthan Royals,SR Watson,STR Binny,CH Morris,4,0,,,,,,"",""
ball,2,14.6,Rajasthan Royals,SR Watson,STR Binny,CH Morris,4,0,,,,,,"",""
ball,2,15.1,Rajasthan Royals,STR Binny,SR Watson,RA Jadeja,0,0,,,,,,"",""
ball,2,15.2,Rajasthan Royals,STR Binny,SR Watson,RA Jadeja,0,0,,,,,,"",""
ball,2,15.3,Rajasthan Royals,STR Binny,SR Watson,RA Jadeja,1,0,,,,,,"",""
ball,2,15.4,Rajasthan Royals,SR Watson,STR Binny,RA Jadeja,0,0,,,,,,"",""
ball,2,15.5,Rajasthan Royals,SR Watson,STR Binny,RA Jadeja,1,0,,,,,,"",""
ball,2,15.6,Rajasthan Royals,STR Binny,SR Watson,RA Jadeja,1,0,,,,,,"",""
ball,2,16.1,Rajasthan Royals,STR Binny,SR Watson,DJ Bravo,0,0,,,,,,"",""
ball,2,16.2,Rajasthan Royals,STR Binny,SR Watson,DJ Bravo,1,0,,,,,,"",""
ball,2,16.3,Rajasthan Royals,SR Watson,STR Binny,DJ Bravo,4,0,,,,,,"",""
ball,2,16.4,Rajasthan Royals,SR Watson,STR Binny,DJ Bravo,0,0,,,,,,"",""
ball,2,16.5,Rajasthan Royals,SR Watson,STR Binny,DJ Bravo,0,0,,,,,,bowled,SR Watson
ball,2,16.6,Rajasthan Royals,BJ Hodge,STR Binny,DJ Bravo,0,0,,,,,,"",""
ball,2,17.1,Rajasthan Royals,STR Binny,BJ Hodge,RA Jadeja,6,0,,,,,,"",""
