match_id,season,start_date,venue,innings,ball,batting_team,bowling_team,striker,non_striker,bowler,runs_off_bat,extras,wides,noballs,byes,legbyes,penalty,wicket_type,player_dismissed,other_wicket_type,other_player_dismissed
548332,2012,2012-04-21,"MA Chidambaram Stadium, Chepauk",1,0.1,Rajasthan Royals,Chennai Super Kings,R Dravid,AM Rahane,KMDN Kulasekara,0,0,,,,,,,,,
548332,2012,2012-04-21,"MA Chidambaram Stadium, Chepauk",1,0.2,Rajasthan Royals,Chennai Super Kings,R Dravid,AM Rahane,KMDN Kulasekara,0,0,,,,,,,,,
548332,2012,2012-04-21,"MA Chidambaram Stadium, Chepauk",1,0.3,Rajasthan Royals,Chennai Super Kings,R Dravid,AM Rahane,KMDN Kulasekara,0,0,,,,,,,,,
548332,2012,2012-04-21,"MA Chidambaram Stadium, Chepauk",1,0.4,Rajasthan Royals,Chennai Super Kings,R Dravid,AM Rahane,KMDN Kulasekara,0,0,,,,,,,,,
548332,2012,2012-04-21,"MA Chidambaram Stadium, Chepauk",1,0.5,Rajasthan Royals,Chennai Super Kings,R Dravid,AM Rahane,KMDN Kulasekara,1,0,,,,,,,,,
548332,2012,2012-04-21,"MA Chidambaram Stadium, Chepauk",1,0.6,Rajasthan Royals,Chennai Super Kings,AM Rahane,R Dravid,KMDN Kulasekara,4,0,,,,,,,,,
548332,2012,2012-04-21,"MA Chidambaram Stadium, Chepauk",1,1.1,Rajasthan Royals,Chennai Super Kings,R Dravid,AM Rahane,DE Bollinger,0,1,1,,,,,,,,
548332,2012,2012-04-21,"MA Chidambaram Stadium, Chepauk",1,1.2,Rajasthan Royals,Chennai Super Kings,R Dravid,AM Rahane,DE Bollinger,1,0,,,,,,,,,
548332,2012,2012-04-21,"MA Chidambaram Stadium, Chepauk",1,1.3,Rajasthan Royals,Chennai Super Kings,AM Rahane,R Dravid,DE Bollinger,0,0,,,,,,,,,
548332,2012,2012-04-21,"MA Chidambaram Stadium, Chepauk",1,1.4,Rajasthan Royals,Chennai Super Kings,AM Rahane,R Dravid,DE Bollinger,1,0,,,,,,,,,
548332,2012,2012-04-21,"MA Chidambaram Stadium, Chepauk",1,1.5,Rajasthan Royals,Chennai Super Kings,R Dravid,AM Rahane,DE Bollinger,4,0,,,,,,,,,
548332,2012,2012-04-21,"MA Chidambaram Stadium, Chepauk",1,1.6,Rajasthan Royals,Chennai Super Kings,R Dravid,AM Rahane,DE Bollinger,1,0,,,,,,,,,
548332,2012,2012-04-21,"MA Chidambaram Stadium, Chepauk",1,1.7,Rajasthan Royals,Chennai Super Kings,AM Rahane,R Dravid,DE Bollinger,0,0,,,,,,,,,
548332,2012,2012-04-21,"MA Chidambaram Stadium, Chepauk",1,2.1,Rajasthan Royals,Chennai Super Kings,R Dravid,AM Rahane,KMDN Kulasekara,0,0,,,,,,,,,
548332,2012,2012-04-21,"MA Chidambaram Stadium, Chepauk",1,2.2,Rajasthan Royals,Chennai Super Kings,R Dravid,AM Rahane,KMDN Kulasekara,4,0,,,,,,,,,
548332,2012,2012-04-21,"MA Chidambaram Stadium, Chepauk",1,2.3,Rajasthan Royals,Chennai Super Kings,R Dravid,AM Rahane,KMDN Kulasekara,2,0,,,,,,,,,
548332,2012,2012-04-21,"MA Chidambaram Stadium, Chepauk",1,2.4,Rajasthan Royals,Chennai Super Kings,R Dravid,AM Rahane,KMDN Kulasekara,0,0,,,,,,,,,
548332,2012,2012-04-21,"MA Chidambaram Stadium, Chepauk",1,2.5,Rajasthan Royals,Chennai Super Kings,R Dravid,AM Rahane,KMDN Kulasekara,0,0,,,,,,,,,
548332,2012,2012-04-21,"MA Chidambaram Stadium, Chepauk",1,2.6,Rajasthan Royals,Chennai Super Kings,R Dravid,AM Rahane,KMDN Kulasekara,0,0,,,,,,,,,
548332,2012,2012-04-21,"MA Chidambaram Stadium, Chepauk",1,3.1,Rajasthan Royals,Chennai Super Kings,AM Rahane,R Dravid,DJ Bravo,4,0,,,,,,,,,
548332,2012,2012-04-21,"MA Chidambaram Stadium, Chepauk",1,3.2,Rajasthan Royals,Chennai Super Kings,AM Rahane,R Dravid,DJ Bravo,4,0,,,,,,,,,
548332,2012,2012-04-21,"MA Chidambaram Stadium, Chepauk",1,3.3,Rajasthan Royals,Chennai Super Kings,AM Rahane,R Dravid,DJ Bravo,1,0,,,,,,,,,
548332,2012,2012-04-21,"MA Chidambaram Stadium, Chepauk",1,3.4,Rajasthan Royals,Chennai Super Kings,R Dravid,AM Rahane,DJ Bravo,0,0,,,,,,,,,
548332,2012,2012-04-21,"MA Chidambaram Stadium, Chepauk",1,3.5,Rajasthan Royals,Chennai Super Kings,R Dravid,AM Rahane,DJ Bravo,0,0,,,,,,,,,
548332,2012,2012-04-21,"MA Chidambaram Stadium, Chepauk",1,3.6,Rajasthan Royals,Chennai Super Kings,R Dravid,AM Rahane,DJ Bravo,6,0,,,,,,,,,
548332,2012,2012-04-21,"MA Chidambaram Stadium, Chepauk",1,4.1,Rajasthan Royals,Chennai Super Kings,AM Rahane,R Dravid,R Ashwin,0,0,,,,,,,,,
548332,2012,2012-04-21,"MA Chidambaram Stadium, Chepauk",1,4.2,Rajasthan Royals,Chennai Super Kings,AM Rahane,R Dravid,R Ashwin,1,0,,,,,,,,,
548332,2012,2012-04-21,"MA Chidambaram Stadium, Chepauk",1,4.3,Rajasthan Royals,Chennai Super Kings,R Dravid,AM Rahane,R Ashwin,1,0,,,,,,,,,
548332,2012,2012-04-21,"MA Chidambaram Stadium, Chepauk",1,4.4,Rajasthan Royals,Chennai Super Kings,AM Rahane,R Dravid,R Ashwin,0,0,,,,,,caught,AM Rahane,,
548332,2012,2012-04-21,"MA Chidambaram Stadium, Chepauk",1,4.5,Rajasthan Royals,Chennai Super Kings,OA Shah,R Dravid,R Ashwin,0,0,,,,,,,,,
548332,2012,2012-04-21,"MA Chidambaram Stadium, Chepauk",1,4.6,Rajasthan Royals,Chennai Super Kings,OA Shah,R Dravid,R Ashwin,0,0,,,,,,,,,
548332,2012,2012-04-21,"MA Chidambaram Stadium, Chepauk",1,5.1,Rajasthan Royals,Chennai Super Kings,R Dravid,OA Shah,DE Bollinger,4,0,,,,,,,,,
548332,2012,2012-04-21,"MA Chidambaram Stadium, Chepauk",1,5.2,Rajasthan Royals,Chennai Super Kings,R Dravid,OA Shah,DE Bollinger,0,0,,,,,,,,,
548332,2012,2012-04-21,"MA Chidambaram Stadium, Chepauk",1,5.3,Rajasthan Royals,Chennai Super Kings,R Dravid,OA Shah,DE Bollinger,0,0,,,,,,,,,
548332,2012,2012-04-21,"MA Chidambaram Stadium, Chepauk",1,5.4,Rajasthan Royals,Chennai Super Kings,R Dravid,OA Shah,DE Bollinger,0,0,,,,,,,,,
548332,2012,2012-04-21,"MA Chidambaram Stadium, Chepauk",1,5.5,Rajasthan Royals,Chennai Super Kings,R Dravid,OA Shah,DE Bollinger,1,0,,,,,,,,,
548332,2012,2012-04-21,"MA Chidambaram Stadium, Chepauk",1,5.6,Rajasthan Royals,Chennai Super Kings,OA Shah,R Dravid,DE Bollinger,0,0,,,,,,,,,
548332,2012,2012-04-21,"MA Chidambaram Stadium, Chepauk",1,6.1,Rajasthan Royals,Chennai Super Kings,R Dravid,OA Shah,R Ashwin,0,0,,,,,,,,,
548332,2012,2012-04-21,"MA Chidambaram Stadium, Chepauk",1,6.2,Rajasthan Royals,Chennai Super Kings,R Dravid,OA Shah,R Ashwin,1,0,,,,,,,,,
548332,2012,2012-04-21,"MA Chidambaram Stadium, Chepauk",1,6.3,Rajasthan Royals,Chennai Super Kings,OA Shah,R Dravid,R Ashwin,0,0,,,,,,,,,
548332,2012,2012-04-21,"MA Chidambaram Stadium, Chepauk",1,6.4,Rajasthan Royals,Chennai Super Kings,OA Shah,R Dravid,R Ashwin,0,0,,,,,,,,,
548332,2012,2012-04-21,"MA Chidambaram Stadium, Chepauk",1,6.5,Rajasthan Royals,Chennai Super Kings,OA Shah,R Dravid,R Ashwin,0,0,,,,,,,,,
548332,2012,2012-04-21,"MA Chidambaram Stadium, Chepauk",1,6.6,Rajasthan Royals,Chennai Super Kings,OA Shah,R Dravid,R Ashwin,1,0,,,,,,,,,
548332,2012,2012-04-21,"MA Chidambaram Stadium, Chepauk",1,7.1,Rajasthan Royals,Chennai Super Kings,OA Shah,R Dravid,SB Jakati,0,0,,,,,,,,,
548332,2012,2012-04-21,"MA Chidambaram Stadium, Chepauk",1,7.2,Rajasthan Royals,Chennai Super Kings,OA Shah,R Dravid,SB Jakati,6,0,,,,,,,,,
548332,2012,2012-04-21,"MA Chidambaram Stadium, Chepauk",1,7.3,Rajasthan Royals,Chennai Super Kings,OA Shah,R Dravid,SB Jakati,1,0,,,,,,,,,
548332,2012,2012-04-21,"MA Chidambaram Stadium, Chepauk",1,7.4,Rajasthan Royals,Chennai Super Kings,R Dravid,OA Shah,SB Jakati,0,0,,,,,,,,,
548332,2012,2012-04-21,"MA Chidambaram Stadium, Chepauk",1,7.5,Rajasthan Royals,Chennai Super Kings,R Dravid,OA Shah,SB Jakati,0,0,,,,,,,,,
548332,2012,2012-04-21,"MA Chidambaram Stadium, Chepauk",1,7.6,Rajasthan Royals,Chennai Super Kings,R Dravid,OA Shah,SB Jakati,0,0,,,,,,caught,R Dravid,,
548332,2012,2012-04-21,"MA Chidambaram Stadium, Chepauk",1,8.1,Rajasthan Royals,Chennai Super Kings,AL Menaria,OA Shah,R Ashwin,0,0,,,,,,,,,
548332,2012,2012-04-21,"MA Chidambaram Stadium, Chepauk",1,8.2,Rajasthan Royals,Chennai Super Kings,AL Menaria,OA Shah,R Ashwin,0,0,,,,,,,,,
548332,2012,2012-04-21,"MA Chidambaram Stadium, Chepauk",1,8.3,Rajasthan Royals,Chennai Super Kings,AL Menaria,OA Shah,R Ashwin,0,0,,,,,,,,,
548332,2012,2012-04-21,"MA Chidambaram Stadium, Chepauk",1,8.4,Rajasthan Royals,Chennai Super Kings,AL Menaria,OA Shah,R Ashwin,4,0,,,,,,,,,
548332,2012,2012-04-21,"MA Chidambaram Stadium, Chepauk",1,8.5,Rajasthan Royals,Chennai Super Kings,AL Menaria,OA Shah,R Ashwin,2,0,,,,,,,,,
548332,2012,2012-04-21,"MA Chidambaram Stadium, Chepauk",1,8.6,Rajasthan Royals,Chennai Super Kings,AL Menaria,OA Shah,R Ashwin,0,0,,,,,,,,,
548332,2012,2012-04-21,"MA Chidambaram Stadium, Chepauk",1,9.1,Rajasthan Royals,Chennai Super Kings,OA Shah,AL Menaria,RA Jadeja,1,0,,,,,,,,,
548332,2012,2012-04-21,"MA Chidambaram Stadium, Chepauk",1,9.2,Rajasthan Royals,Chennai Super Kings,AL Menaria,OA Shah,RA Jadeja,0,0,,,,,,,,,
548332,2012,2012-04-21,"MA Chidambaram Stadium, Chepauk",1,9.3,Rajasthan Royals,Chennai Super Kings,AL Menaria,OA Shah,RA Jadeja,2,0,,,,,,,,,
548332,2012,2012-04-21,"MA Chidambaram Stadium, Chepauk",1,9.4,Rajasthan Royals,Chennai Super Kings,AL Menaria,OA Shah,RA Jadeja,1,0,,,,,,,,,
548332,2012,2012-04-21,"MA Chidambaram Stadium, Chepauk",1,9.5,Rajasthan Royals,Chennai Super Kings,OA Shah,AL Menaria,RA Jadeja,0,0,,,,,,,,,
548332,2012,2012-04-21,"MA Chidambaram Stadium, Chepauk",1,9.6,Rajasthan Royals,Chennai Super Kings,OA Shah,AL Menaria,RA Jadeja,2,0,,,,,,,,,
548332,2012,2012-04-21,"MA Chidambaram Stadium, Chepauk",1,10.1,Rajasthan Royals,Chennai Super Kings,AL Menaria,OA Shah,R Ashwin,1,0,,,,,,,,,
548332,2012,2012-04-21,"MA Chidambaram Stadium, Chepauk",1,10.2,Rajasthan Royals,Chennai Super Kings,OA Shah,AL Menaria,R Ashwin,4,0,,,,,,,,,
548332,2012,2012-04-21,"MA Chidambaram Stadium, Chepauk",1,10.3,Rajasthan Royals,Chennai Super Kings,OA Shah,AL Menaria,R Ashwin,2,0,,,,,,,,,
548332,2012,2012-04-21,"MA Chidambaram Stadium, Chepauk",1,10.4,Rajasthan Royals,Chennai Super Kings,OA Shah,AL Menaria,R Ashwin,0,0,,,,,,,,,
548332,2012,2012-04-21,"MA Chidambaram Stadium, Chepauk",1,10.5,Rajasthan Royals,Chennai Super Kings,OA Shah,AL Menaria,R Ashwin,1,0,,,,,,,,,
548332,2012,2012-04-21,"MA Chidambaram Stadium, Chepauk",1,10.6,Rajasthan Royals,Chennai Super Kings,AL Menaria,OA Shah,R Ashwin,1,0,,,,,,,,,
548332,2012,2012-04-21,"MA Chidambaram Stadium, Chepauk",1,11.1,Rajasthan Royals,Chennai Super Kings,AL Menaria,OA Shah,SB Jakati,0,0,,,,,,,,,
548332,2012,2012-04-21,"MA Chidambaram Stadium, Chepauk",1,11.2,Rajasthan Royals,Chennai Super Kings,AL Menaria,OA Shah,SB Jakati,2,0,,,,,,,,,
548332,2012,2012-04-21,"MA Chidambaram Stadium, Chepauk",1,11.3,Rajasthan Royals,Chennai Super Kings,AL Menaria,OA Shah,SB Jakati,1,0,,,,,,,,,
548332,2012,2012-04-21,"MA Chidambaram Stadium, Chepauk",1,11.4,Rajasthan Royals,Chennai Super Kings,OA Shah,AL Menaria,SB Jakati,0,0,,,,,,,,,
548332,2012,2012-04-21,"MA Chidambaram Stadium, Chepauk",1,11.5,Rajasthan Royals,Chennai Super Kings,OA Shah,AL Menaria,SB Jakati,1,0,,,,,,,,,
548332,2012,2012-04-21,"MA Chidambaram Stadium, Chepauk",1,11.6,Rajasthan Royals,Chennai Super Kings,AL Menaria,OA Shah,SB Jakati,1,0,,,,,,,,,
548332,2012,2012-04-21,"MA Chidambaram Stadium, Chepauk",1,12.1,Rajasthan Royals,Chennai Super Kings,AL Menaria,OA Shah,RA Jadeja,1,0,,,,,,,,,
548332,2012,2012-04-21,"MA Chidambaram Stadium, Chepauk",1,12.2,Rajasthan Royals,Chennai Super Kings,OA Shah,AL Menaria,RA Jadeja,0,1,,,1,,,,,,
548332,2012,2012-04-21,"MA Chidambaram Stadium, Chepauk",1,12.3,Rajasthan Royals,Chennai Super Kings,AL Menaria,OA Shah,RA Jadeja,1,0,,,,,,,,,
548332,2012,2012-04-21,"MA Chidambaram Stadium, Chepauk",1,12.4,Rajasthan Royals,Chennai Super Kings,OA Shah,AL Menaria,RA Jadeja,1,0,,,,,,,,,
548332,2012,2012-04-21,"MA Chidambaram Stadium, Chepauk",1,12.5,Rajasthan Royals,Chennai Super Kings,AL Menaria,OA Shah,RA Jadeja,0,0,,,,,,,,,
548332,2012,2012-04-21,"MA Chidambaram Stadium, Chepauk",1,12.6,Rajasthan Royals,Chennai Super Kings,AL Menaria,OA Shah,RA Jadeja,1,0,,,,,,,,,
548332,2012,2012-04-21,"MA Chidambaram Stadium, Chepauk",1,13.1,Rajasthan Royals,Chennai Super Kings,AL Menaria,OA Shah,DJ Bravo,1,0,,,,,,,,,
548332,2012,2012-04-21,"MA Chidambaram Stadium, Chepauk",1,13.2,Rajasthan Royals,Chennai Super Kings,OA Shah,AL Menaria,DJ Bravo,2,0,,,,,,,,,
548332,2012,2012-04-21,"MA Chidambaram Stadium, Chepauk",1,13.3,Rajasthan Royals,Chennai Super Kings,OA Shah,AL Menaria,DJ Bravo,0,0,,,,,,,,,
548332,2012,2012-04-21,"MA Chidambaram Stadium, Chepauk",1,13.4,Rajasthan Royals,Chennai Super Kings,OA Shah,AL Menaria,DJ Bravo,0,0,,,,,,,,,
548332,2012,2012-04-21,"MA Chidambaram Stadium, Chepauk",1,13.5,Rajasthan Royals,Chennai Super Kings,OA Shah,AL Menaria,DJ Bravo,1,0,,,,,,,,,
548332,2012,2012-04-21,"MA Chidambaram Stadium, Chepauk",1,13.6,Rajasthan Royals,Chennai Super Kings,AL Menaria,OA Shah,DJ Bravo,0,0,,,,,,,,,
548332,2012,2012-04-21,"MA Chidambaram Stadium, Chepauk",1,14.1,Rajasthan Royals,Chennai Super Kings,OA Shah,AL Menaria,RA Jadeja,0,5,5,,,,,,,,
548332,2012,2012-04-21,"MA Chidambaram Stadium, Chepauk",1,14.2,Rajasthan Royals,Chennai Super Kings,OA Shah,AL Menaria,RA Jadeja,0,0,,,,,,,,,
548332,2012,2012-04-21,"MA Chidambaram Stadium, Chepauk",1,14.3,Rajasthan Royals,Chennai Super Kings,OA Shah,AL Menaria,RA Jadeja,6,0,,,,,,,,,
548332,2012,2012-04-21,"MA Chidambaram Stadium, Chepauk",1,14.4,Rajasthan Royals,Chennai Super Kings,OA Shah,AL Menaria,RA Jadeja,1,0,,,,,,,,,
548332,2012,2012-04-21,"MA Chidambaram Stadium, Chepauk",1,14.5,Rajasthan Royals,Chennai Super Kings,AL Menaria,OA Shah,RA Jadeja,1,0,,,,,,,,,
548332,2012,2012-04-21,"MA Chidambaram Stadium, Chepauk",1,14.6,Rajasthan Royals,Chennai Super Kings,OA Shah,AL Menaria,RA Jadeja,4,0,,,,,,,,,
548332,2012,2012-04-21,"MA Chidambaram Stadium, Chepauk",1,14.7,Rajasthan Royals,Chennai Super Kings,OA Shah,AL Menaria,RA Jadeja,0,5,5,,,,,,,,
548332,2012,2012-04-21,"MA Chidambaram Stadium, Chepauk",1,14.8,Rajasthan Royals,Chennai Super Kings,OA Shah,AL Menaria,RA Jadeja,0,0,,,,,,,,,
548332,2012,2012-04-21,"MA Chidambaram Stadium, Chepauk",1,15.1,Rajasthan Royals,Chennai Super Kings,AL Menaria,OA Shah,DE Bollinger,0,0,,,,,,,,,
548332,2012,2012-04-21,"MA Chidambaram Stadium, Chepauk",1,15.2,Rajasthan Royals,Chennai Super Kings,AL Menaria,OA Shah,DE Bollinger,1,0,,,,,,,,,
548332,2012,2012-04-21,"MA Chidambaram Stadium, Chepauk",1,15.3,Rajasthan Royals,Chennai Super Kings,OA Shah,AL Menaria,DE Bollinger,4,0,,,,,,,,,
548332,2012,2012-04-21,"MA Chidambaram Stadium, Chepauk",1,15.4,Rajasthan Royals,Chennai Super Kings,OA Shah,AL Menaria,DE Bollinger,4,0,,,,,,,,,
548332,2012,2012-04-21,"MA Chidambaram Stadium, Chepauk",1,15.5,Rajasthan Royals,Chennai Super Kings,OA Shah,AL Menaria,DE Bollinger,0,0,,,,,,,,,
548332,2012,2012-04-21,"MA Chidambaram Stadium, Chepauk",1,15.6,Rajasthan Royals,Chennai Super Kings,OA Shah,AL Menaria,DE Bollinger,0,0,,,,,,,,,
548332,2012,2012-04-21,"MA Chidambaram Stadium, Chepauk",1,16.1,Rajasthan Royals,Chennai Super Kings,AL Menaria,OA Shah,DJ Bravo,4,0,,,,,,,,,
548332,2012,2012-04-21,"MA Chidambaram Stadium, Chepauk",1,16.2,Rajasthan Royals,Chennai Super Kings,AL Menaria,OA Shah,DJ Bravo,6,0,,,,,,,,,
548332,2012,2012-04-21,"MA Chidambaram Stadium, Chepauk",1,16.3,Rajasthan Royals,Chennai Super Kings,AL Menaria,OA Shah,DJ Bravo,0,0,,,,,,,,,
548332,2012,2012-04-21,"MA Chidambaram Stadium, Chepauk",1,16.4,Rajasthan Royals,Chennai Super Kings,AL Menaria,OA Shah,DJ Bravo,0,0,,,,,,,,,
548332,2012,2012-04-21,"MA Chidambaram Stadium, Chepauk",1,16.5,Rajasthan Royals,Chennai Super Kings,AL Menaria,OA Shah,DJ Bravo,2,0,,,,,,,,,
548332,2012,2012-04-21,"MA Chidambaram Stadium, Chepauk",1,16.6,Rajasthan Royals,Chennai Super Kings,AL Menaria,OA Shah,DJ Bravo,1,0,,,,,,,,,
548332,2012,2012-04-21,"MA Chidambaram Stadium, Chepauk",1,17.1,Rajasthan Royals,Chennai Super Kings,AL Menaria,OA Shah,KMDN Kulasekara,1,0,,,,,,,,,
548332,2012,2012-04-21,"MA Chidambaram Stadium, Chepauk",1,17.2,Rajasthan Royals,Chennai Super Kings,OA Shah,AL Menaria,KMDN Kulasekara,0,0,,,,,,,,,
548332,2012,2012-04-21,"MA Chidambaram Stadium, Chepauk",1,17.3,Rajasthan Royals,Chennai Super Kings,OA Shah,AL Menaria,KMDN Kulasekara,1,0,,,,,,,,,
548332,2012,2012-04-21,"MA Chidambaram Stadium, Chepauk",1,17.4,Rajasthan Royals,Chennai Super Kings,AL Menaria,OA Shah,KMDN Kulasekara,0,1,,,,1,,,,,
548332,2012,2012-04-21,"MA Chidambaram Stadium, Chepauk",1,17.5,Rajasthan Royals,Chennai Super Kings,OA Shah,AL Menaria,KMDN Kulasekara,0,0,,,,,,,,,
548332,2012,2012-04-21,"MA Chidambaram Stadium, Chepauk",1,17.6,Rajasthan Royals,Chennai Super Kings,OA Shah,AL Menaria,KMDN Kulasekara,0,1,,,,1,,,,,
548332,2012,2012-04-21,"MA Chidambaram Stadium, Chepauk",1,18.1,Rajasthan Royals,Chennai Super Kings,OA Shah,AL Menaria,DE Bollinger,6,0,,,,,,,,,
548332,2012,2012-04-21,"MA Chidambaram Stadium, Chepauk",1,18.2,Rajasthan Royals,Chennai Super Kings,OA Shah,AL Menaria,DE Bollinger,1,0,,,,,,,,,
548332,2012,2012-04-21,"MA Chidambaram Stadium, Chepauk",1,18.3,Rajasthan Royals,Chennai Super Kings,AL Menaria,OA Shah,DE Bollinger,1,0,,,,,,,,,
548332,2012,2012-04-21,"MA Chidambaram Stadium, Chepauk",1,18.4,Rajasthan Royals,Chennai Super Kings,OA Shah,AL Menaria,DE Bollinger,1,0,,,,,,,,,
548332,2012,2012-04-21,"MA Chidambaram Stadium, Chepauk",1,18.5,Rajasthan Royals,Chennai Super Kings,AL Menaria,OA Shah,DE Bollinger,0,0,,,,,,caught,AL Menaria,,
548332,2012,2012-04-21,"MA Chidambaram Stadium, Chepauk",1,18.6,Rajasthan Royals,Chennai Super Kings,BJ Hodge,OA Shah,DE Bollinger,0,0,,,,,,,,,
548332,2012,2012-04-21,"MA Chidambaram Stadium, Chepauk",1,19.1,Rajasthan Royals,Chennai Super Kings,OA Shah,BJ Hodge,KMDN Kulasekara,1,0,,,,,,,,,
548332,2012,2012-04-21,"MA Chidambaram Stadium, Chepauk",1,19.2,Rajasthan Royals,Chennai Super Kings,BJ Hodge,OA Shah,KMDN Kulasekara,0,0,,,,,,,,,
548332,2012,2012-04-21,"MA Chidambaram Stadium, Chepauk",1,19.3,Rajasthan Royals,Chennai Super Kings,BJ Hodge,OA Shah,KMDN Kulasekara,0,0,,,,,,,,,
548332,2012,2012-04-21,"MA Chidambaram Stadium, Chepauk",1,19.4,Rajasthan Royals,Chennai Super Kings,BJ Hodge,OA Shah,KMDN Kulasekara,2,0,,,,,,,,,
548332,2012,2012-04-21,"MA Chidambaram Stadium, Chepauk",1,19.5,Rajasthan Royals,Chennai Super Kings,BJ Hodge,OA Shah,KMDN Kulasekara,1,0,,,,,,,,,
548332,2012,2012-04-21,"MA Chidambaram Stadium, Chepauk",1,19.6,Rajasthan Royals,Chennai Super Kings,OA Shah,BJ Hodge,KMDN Kulasekara,0,0,,,,,,caught,OA Shah,,
548332,2012,2012-04-21,"MA Chidambaram Stadium, Chepauk",2,0.1,Chennai Super Kings,Rajasthan Royals,S Badrinath,F du Plessis,AL Menaria,0,0,,,,,,,,,
548332,2012,2012-04-21,"MA Chidambaram Stadium, Chepauk",2,0.2,Chennai Super Kings,Rajasthan Royals,S Badrinath,F du Plessis,AL Menaria,0,0,,,,,,,,,
548332,2012,2012-04-21,"MA Chidambaram Stadium, Chepauk",2,0.3,Chennai Super Kings,Rajasthan Royals,S Badrinath,F du Plessis,AL Menaria,0,0,,,,,,,,,
548332,2012,2012-04-21,"MA Chidambaram Stadium, Chepauk",2,0.4,Chennai Super Kings,Rajasthan Royals,S Badrinath,F du Plessis,AL Menaria,0,0,,,,,,,,,
548332,2012,2012-04-21,"MA Chidambaram Stadium, Chepauk",2,0.5,Chennai Super Kings,Rajasthan Royals,S Badrinath,F du Plessis,AL Menaria,1,0,,,,,,,,,
548332,2012,2012-04-21,"MA Chidambaram Stadium, Chepauk",2,0.6,Chennai Super Kings,Rajasthan Royals,F du Plessis,S Badrinath,AL Menaria,1,0,,,,,,,,,
548332,2012,2012-04-21,"MA Chidambaram Stadium, Chepauk",2,1.1,Chennai Super Kings,Rajasthan Royals,F du Plessis,S Badrinath,STR Binny,4,0,,,,,,,,,
548332,2012,2012-04-21,"MA Chidambaram Stadium, Chepauk",2,1.2,Chennai Super Kings,Rajasthan Royals,F du Plessis,S Badrinath,STR Binny,4,0,,,,,,,,,
548332,2012,2012-04-21,"MA Chidambaram Stadium, Chepauk",2,1.3,Chennai Super Kings,Rajasthan Royals,F du Plessis,S Badrinath,STR Binny,0,0,,,,,,,,,
548332,2012,2012-04-21,"MA Chidambaram Stadium, Chepauk",2,1.4,Chennai Super Kings,Rajasthan Royals,F du Plessis,S Badrinath,STR Binny,4,0,,,,,,,,,
548332,2012,2012-04-21,"MA Chidambaram Stadium, Chepauk",2,1.5,Chennai Super Kings,Rajasthan Royals,F du Plessis,S Badrinath,STR Binny,0,0,,,,,,,,,
548332,2012,2012-04-21,"MA Chidambaram Stadium, Chepauk",2,1.6,Chennai Super Kings,Rajasthan Royals,F du Plessis,S Badrinath,STR Binny,0,0,,,,,,,,,
548332,2012,2012-04-21,"MA Chidambaram Stadium, Chepauk",2,2.1,Chennai Super Kings,Rajasthan Royals,S Badrinath,F du Plessis,A Singh,2,0,,,,,,,,,
548332,2012,2012-04-21,"MA Chidambaram Stadium, Chepauk",2,2.2,Chennai Super Kings,Rajasthan Royals,S Badrinath,F du Plessis,A Singh,4,0,,,,,,,,,
548332,2012,2012-04-21,"MA Chidambaram Stadium, Chepauk",2,2.3,Chennai Super Kings,Rajasthan Royals,S Badrinath,F du Plessis,A Singh,0,0,,,,,,,,,
548332,2012,2012-04-21,"MA Chidambaram Stadium, Chepauk",2,2.4,Chennai Super Kings,Rajasthan Royals,S Badrinath,F du Plessis,A Singh,1,0,,,,,,,,,
548332,2012,2012-04-21,"MA Chidambaram Stadium, Chepauk",2,2.5,Chennai Super Kings,Rajasthan Royals,F du Plessis,S Badrinath,A Singh,1,0,,,,,,,,,
548332,2012,2012-04-21,"MA Chidambaram Stadium, Chepauk",2,2.6,Chennai Super Kings,Rajasthan Royals,S Badrinath,F du Plessis,A Singh,1,0,,,,,,,,,
548332,2012,2012-04-21,"MA Chidambaram Stadium, Chepauk",2,3.1,Chennai Super Kings,Rajasthan Royals,S Badrinath,F du Plessis,KK Cooper,1,0,,,,,,,,,
548332,2012,2012-04-21,"MA Chidambaram Stadium, Chepauk",2,3.2,Chennai Super Kings,Rajasthan Royals,F du Plessis,S Badrinath,KK Cooper,2,0,,,,,,,,,
548332,2012,2012-04-21,"MA Chidambaram Stadium, Chepauk",2,3.3,Chennai Super Kings,Rajasthan Royals,F du Plessis,S Badrinath,KK Cooper,1,0,,,,,,,,,
548332,2012,2012-04-21,"MA Chidambaram Stadium, Chepauk",2,3.4,Chennai Super Kings,Rajasthan Royals,S Badrinath,F du Plessis,KK Cooper,0,0,,,,,,,,,
548332,2012,2012-04-21,"MA Chidambaram Stadium, Chepauk",2,3.5,Chennai Super Kings,Rajasthan Royals,S Badrinath,F du Plessis,KK Cooper,0,0,,,,,,,,,
548332,2012,2012-04-21,"MA Chidambaram Stadium, Chepauk",2,3.6,Chennai Super Kings,Rajasthan Royals,S Badrinath,F du Plessis,KK Cooper,2,0,,,,,,,,,
548332,2012,2012-04-21,"MA Chidambaram Stadium, Chepauk",2,4.1,Chennai Super Kings,Rajasthan Royals,F du Plessis,S Badrinath,A Singh,1,0,,,,,,,,,
548332,2012,2012-04-21,"MA Chidambaram Stadium, Chepauk",2,4.2,Chennai Super Kings,Rajasthan Royals,S Badrinath,F du Plessis,A Singh,1,0,,,,,,,,,
548332,2012,2012-04-21,"MA Chidambaram Stadium, Chepauk",2,4.3,Chennai Super Kings,Rajasthan Royals,F du Plessis,S Badrinath,A Singh,4,0,,,,,,,,,
548332,2012,2012-04-21,"MA Chidambaram Stadium, Chepauk",2,4.4,Chennai Super Kings,Rajasthan Royals,F du Plessis,S Badrinath,A Singh,4,0,,,,,,,,,
548332,2012,2012-04-21,"MA Chidambaram Stadium, Chepauk",2,4.5,Chennai Super Kings,Rajasthan Royals,F du Plessis,S Badrinath,A Singh,1,0,,,,,,,,,
548332,2012,2012-04-21,"MA Chidambaram Stadium, Chepauk",2,4.6,Chennai Super Kings,Rajasthan Royals,S Badrinath,F du Plessis,A Singh,0,0,,,,,,,,,
548332,2012,2012-04-21,"MA Chidambaram Stadium, Chepauk",2,5.1,Chennai Super Kings,Rajasthan Royals,F du Plessis,S Badrinath,GB Hogg,4,0,,,,,,,,,
548332,2012,2012-04-21,"MA Chidambaram Stadium, Chepauk",2,5.2,Chennai Super Kings,Rajasthan Royals,F du Plessis,S Badrinath,GB Hogg,0,0,,,,,,,,,
548332,2012,2012-04-21,"MA Chidambaram Stadium, Chepauk",2,5.3,Chennai Super Kings,Rajasthan Royals,F du Plessis,S Badrinath,GB Hogg,1,0,,,,,,,,,
548332,2012,2012-04-21,"MA Chidambaram Stadium, Chepauk",2,5.4,Chennai Super Kings,Rajasthan Royals,S Badrinath,F du Plessis,GB Hogg,0,0,,,,,,,,,
548332,2012,2012-04-21,"MA Chidambaram Stadium, Chepauk",2,5.5,Chennai Super Kings,Rajasthan Royals,S Badrinath,F du Plessis,GB Hogg,0,0,,,,,,,,,
548332,2012,2012-04-21,"MA Chidambaram Stadium, Chepauk",2,5.6,Chennai Super Kings,Rajasthan Royals,S Badrinath,F du Plessis,GB Hogg,0,0,,,,,,,,,
548332,2012,2012-04-21,"MA Chidambaram Stadium, Chepauk",2,6.1,Chennai Super Kings,Rajasthan Royals,F du Plessis,S Badrinath,AL Menaria,0,0,,,,,,,,,
548332,2012,2012-04-21,"MA Chidambaram Stadium, Chepauk",2,6.2,Chennai Super Kings,Rajasthan Royals,F du Plessis,S Badrinath,AL Menaria,0,0,,,,,,,,,
548332,2012,2012-04-21,"MA Chidambaram Stadium, Chepauk",2,6.3,Chennai Super Kings,Rajasthan Royals,F du Plessis,S Badrinath,AL Menaria,6,0,,,,,,,,,
548332,2012,2012-04-21,"MA Chidambaram Stadium, Chepauk",2,6.4,Chennai Super Kings,Rajasthan Royals,F du Plessis,S Badrinath,AL Menaria,1,0,,,,,,,,,
548332,2012,2012-04-21,"MA Chidambaram Stadium, Chepauk",2,6.5,Chennai Super Kings,Rajasthan Royals,S Badrinath,F du Plessis,AL Menaria,1,0,,,,,,,,,
548332,2012,2012-04-21,"MA Chidambaram Stadium, Chepauk",2,6.6,Chennai Super Kings,Rajasthan Royals,F du Plessis,S Badrinath,AL Menaria,0,0,,,,,,,,,
548332,2012,2012-04-21,"MA Chidambaram Stadium, Chepauk",2,7.1,Chennai Super Kings,Rajasthan Royals,S Badrinath,F du Plessis,GB Hogg,1,0,,,,,,,,,
548332,2012,2012-04-21,"MA Chidambaram Stadium, Chepauk",2,7.2,Chennai Super Kings,Rajasthan Royals,F du Plessis,S Badrinath,GB Hogg,1,0,,,,,,,,,
548332,2012,2012-04-21,"MA Chidambaram Stadium, Chepauk",2,7.3,Chennai Super Kings,Rajasthan Royals,S Badrinath,F du Plessis,GB Hogg,0,0,,,,,,stumped,S Badrinath,,
548332,2012,2012-04-21,"MA Chidambaram Stadium, Chepauk",2,7.4,Chennai Super Kings,Rajasthan Royals,SK Raina,F du Plessis,GB Hogg,0,0,,,,,,,,,
548332,2012,2012-04-21,"MA Chidambaram Stadium, Chepauk",2,7.5,Chennai Super Kings,Rajasthan Royals,SK Raina,F du Plessis,GB Hogg,1,0,,,,,,,,,
548332,2012,2012-04-21,"MA Chidambaram Stadium, Chepauk",2,7.6,Chennai Super Kings,Rajasthan Royals,F du Plessis,SK Raina,GB Hogg,1,0,,,,,,,,,
548332,2012,2012-04-21,"MA Chidambaram Stadium, Chepauk",2,8.1,Chennai Super Kings,Rajasthan Royals,F du Plessis,SK Raina,SK Trivedi,1,0,,,,,,,,,
548332,2012,2012-04-21,"MA Chidambaram Stadium, Chepauk",2,8.2,Chennai Super Kings,Rajasthan Royals,SK Raina,F du Plessis,SK Trivedi,0,1,,,,1,,,,,
548332,2012,2012-04-21,"MA Chidambaram Stadium, Chepauk",2,8.3,Chennai Super Kings,Rajasthan Royals,F du Plessis,SK Raina,SK Trivedi,1,0,,,,,,,,,
548332,2012,2012-04-21,"MA Chidambaram Stadium, Chepauk",2,8.4,Chennai Super Kings,Rajasthan Royals,SK Raina,F du Plessis,SK Trivedi,4,0,,,,,,,,,
548332,2012,2012-04-21,"MA Chidambaram Stadium, Chepauk",2,8.5,Chennai Super Kings,Rajasthan Royals,SK Raina,F du Plessis,SK Trivedi,1,0,,,,,,,,,
548332,2012,2012-04-21,"MA Chidambaram Stadium, Chepauk",2,8.6,Chennai Super Kings,Rajasthan Royals,F du Plessis,SK Raina,SK Trivedi,1,0,,,,,,,,,
548332,2012,2012-04-21,"MA Chidambaram Stadium, Chepauk",2,9.1,Chennai Super Kings,Rajasthan Royals,F du Plessis,SK Raina,GB Hogg,1,0,,,,,,,,,
548332,2012,2012-04-21,"MA Chidambaram Stadium, Chepauk",2,9.2,Chennai Super Kings,Rajasthan Royals,SK Raina,F du Plessis,GB Hogg,1,0,,,,,,,,,
548332,2012,2012-04-21,"MA Chidambaram Stadium, Chepauk",2,9.3,Chennai Super Kings,Rajasthan Royals,F du Plessis,SK Raina,GB Hogg,0,0,,,,,,,,,
548332,2012,2012-04-21,"MA Chidambaram Stadium, Chepauk",2,9.4,Chennai Super Kings,Rajasthan Royals,F du Plessis,SK Raina,GB Hogg,1,0,,,,,,,,,
548332,2012,2012-04-21,"MA Chidambaram Stadium, Chepauk",2,9.5,Chennai Super Kings,Rajasthan Royals,SK Raina,F du Plessis,GB Hogg,0,0,,,,,,,,,
548332,2012,2012-04-21,"MA Chidambaram Stadium, Chepauk",2,9.6,Chennai Super Kings,Rajasthan Royals,SK Raina,F du Plessis,GB Hogg,1,0,,,,,,,,,
548332,2012,2012-04-21,"MA Chidambaram Stadium, Chepauk",2,10.1,Chennai Super Kings,Rajasthan Royals,SK Raina,F du Plessis,SK Trivedi,1,0,,,,,,,,,
548332,2012,2012-04-21,"MA Chidambaram Stadium, Chepauk",2,10.2,Chennai Super Kings,Rajasthan Royals,F du Plessis,SK Raina,SK Trivedi,1,0,,,,,,,,,
548332,2012,2012-04-21,"MA Chidambaram Stadium, Chepauk",2,10.3,Chennai Super Kings,Rajasthan Royals,SK Raina,F du Plessis,SK Trivedi,1,0,,,,,,,,,
548332,2012,2012-04-21,"MA Chidambaram Stadium, Chepauk",2,10.4,Chennai Super Kings,Rajasthan Royals,F du Plessis,SK Raina,SK Trivedi,1,0,,,,,,,,,
548332,2012,2012-04-21,"MA Chidambaram Stadium, Chepauk",2,10.5,Chennai Super Kings,Rajasthan Royals,SK Raina,F du Plessis,SK Trivedi,1,0,,,,,,,,,
548332,2012,2012-04-21,"MA Chidambaram Stadium, Chepauk",2,10.6,Chennai Super Kings,Rajasthan Royals,F du Plessis,SK Raina,SK Trivedi,1,0,,,,,,,,,
548332,2012,2012-04-21,"MA Chidambaram Stadium, Chepauk",2,11.1,Chennai Super Kings,Rajasthan Royals,F du Plessis,SK Raina,KK Cooper,1,0,,,,,,,,,
548332,2012,2012-04-21,"MA Chidambaram Stadium, Chepauk",2,11.2,Chennai Super Kings,Rajasthan Royals,SK Raina,F du Plessis,KK Cooper,4,0,,,,,,,,,
548332,2012,2012-04-21,"MA Chidambaram Stadium, Chepauk",2,11.3,Chennai Super Kings,Rajasthan Royals,SK Raina,F du Plessis,KK Cooper,0,0,,,,,,,,,
548332,2012,2012-04-21,"MA Chidambaram Stadium, Chepauk",2,11.4,Chennai Super Kings,Rajasthan Royals,SK Raina,F du Plessis,KK Cooper,0,0,,,,,,,,,
548332,2012,2012-04-21,"MA Chidambaram Stadium, Chepauk",2,11.5,Chennai Super Kings,Rajasthan Royals,SK Raina,F du Plessis,KK Cooper,1,0,,,,,,,,,
548332,2012,2012-04-21,"MA Chidambaram Stadium, Chepauk",2,11.6,Chennai Super Kings,Rajasthan Royals,F du Plessis,SK Raina,KK Cooper,1,0,,,,,,,,,
548332,2012,2012-04-21,"MA Chidambaram Stadium, Chepauk",2,12.1,Chennai Super Kings,Rajasthan Royals,F du Plessis,SK Raina,SK Trivedi,1,0,,,,,,,,,
548332,2012,2012-04-21,"MA Chidambaram Stadium, Chepauk",2,12.2,Chennai Super Kings,Rajasthan Royals,SK Raina,F du Plessis,SK Trivedi,0,0,,,,,,,,,
548332,2012,2012-04-21,"MA Chidambaram Stadium, Chepauk",2,12.3,Chennai Super Kings,Rajasthan Royals,SK Raina,F du Plessis,SK Trivedi,1,0,,,,,,,,,
548332,2012,2012-04-21,"MA Chidambaram Stadium, Chepauk",2,12.4,Chennai Super Kings,Rajasthan Royals,F du Plessis,SK Raina,SK Trivedi,1,0,,,,,,,,,
548332,2012,2012-04-21,"MA Chidambaram Stadium, Chepauk",2,12.5,Chennai Super Kings,Rajasthan Royals,SK Raina,F du Plessis,SK Trivedi,1,0,,,,,,,,,
548332,2012,2012-04-21,"MA Chidambaram Stadium, Chepauk",2,12.6,Chennai Super Kings,Rajasthan Royals,F du Plessis,SK Raina,SK Trivedi,1,0,,,,,,,,,
548332,2012,2012-04-21,"MA Chidambaram Stadium, Chepauk",2,13.1,Chennai Super Kings,Rajasthan Royals,F du Plessis,SK Raina,GB Hogg,1,0,,,,,,,,,
548332,2012,2012-04-21,"MA Chidambaram Stadium, Chepauk",2,13.2,Chennai Super Kings,Rajasthan Royals,SK Raina,F du Plessis,GB Hogg,1,0,,,,,,,,,
548332,2012,2012-04-21,"MA Chidambaram Stadium, Chepauk",2,13.3,Chennai Super Kings,Rajasthan Royals,F du Plessis,SK Raina,GB Hogg,1,0,,,,,,,,,
548332,2012,2012-04-21,"MA Chidambaram Stadium, Chepauk",2,13.4,Chennai Super Kings,Rajasthan Royals,SK Raina,F du Plessis,GB Hogg,1,0,,,,,,,,,
548332,2012,2012-04-21,"MA Chidambaram Stadium, Chepauk",2,13.5,Chennai Super Kings,Rajasthan Royals,F du Plessis,SK Raina,GB Hogg,0,0,,,,,,,,,
548332,2012,2012-04-21,"MA Chidambaram Stadium, Chepauk",2,13.6,Chennai Super Kings,Rajasthan Royals,F du Plessis,SK Raina,GB Hogg,1,0,,,,,,,,,
548332,2012,2012-04-21,"MA Chidambaram Stadium, Chepauk",2,14.1,Chennai Super Kings,Rajasthan Royals,F du Plessis,SK Raina,SK Trivedi,2,0,,,,,,,,,
548332,2012,2012-04-21,"MA Chidambaram Stadium, Chepauk",2,14.2,Chennai Super Kings,Rajasthan Royals,F du Plessis,SK Raina,SK Trivedi,0,0,,,,,,,,,
548332,2012,2012-04-21,"MA Chidambaram Stadium, Chepauk",2,14.3,Chennai Super Kings,Rajasthan Royals,F du Plessis,SK Raina,SK Trivedi,1,0,,,,,,,,,
548332,2012,2012-04-21,"MA Chidambaram Stadium, Chepauk",2,14.4,Chennai Super Kings,Rajasthan Royals,SK Raina,F du Plessis,SK Trivedi,1,0,,,,,,,,,
548332,2012,2012-04-21,"MA Chidambaram Stadium, Chepauk",2,14.5,Chennai Super Kings,Rajasthan Royals,F du Plessis,SK Raina,SK Trivedi,6,0,,,,,,,,,
548332,2012,2012-04-21,"MA Chidambaram Stadium, Chepauk",2,14.6,Chennai Super Kings,Rajasthan Royals,F du Plessis,SK Raina,SK Trivedi,1,0,,,,,,,,,
548332,2012,2012-04-21,"MA Chidambaram Stadium, Chepauk",2,15.1,Chennai Super Kings,Rajasthan Royals,F du Plessis,SK Raina,A Singh,1,0,,,,,,,,,
548332,2012,2012-04-21,"MA Chidambaram Stadium, Chepauk",2,15.2,Chennai Super Kings,Rajasthan Royals,SK Raina,F du Plessis,A Singh,4,0,,,,,,,,,
548332,2012,2012-04-21,"MA Chidambaram Stadium, Chepauk",2,15.3,Chennai Super Kings,Rajasthan Royals,SK Raina,F du Plessis,A Singh,1,0,,,,,,,,,
548332,2012,2012-04-21,"MA Chidambaram Stadium, Chepauk",2,15.4,Chennai Super Kings,Rajasthan Royals,F du Plessis,SK Raina,A Singh,2,0,,,,,,,,,
548332,2012,2012-04-21,"MA Chidambaram Stadium, Chepauk",2,15.5,Chennai Super Kings,Rajasthan Royals,F du Plessis,SK Raina,A Singh,2,0,,,,,,,,,
548332,2012,2012-04-21,"MA Chidambaram Stadium, Chepauk",2,15.6,Chennai Super Kings,Rajasthan Royals,F du Plessis,SK Raina,A Singh,0,1,1,,,,,,,,
548332,2012,2012-04-21,"MA Chidambaram Stadium, Chepauk",2,15.7,Chennai Super Kings,Rajasthan Royals,F du Plessis,SK Raina,A Singh,1,0,,,,,,,,,
548332,2012,2012-04-21,"MA Chidambaram Stadium, Chepauk",2,16.1,Chennai Super Kings,Rajasthan Royals,F du Plessis,SK Raina,KK Cooper,0,0,,,,,,caught,F du Plessis,,
548332,2012,2012-04-21,"MA Chidambaram Stadium, Chepauk",2,16.2,Chennai Super Kings,Rajasthan Royals,MS Dhoni,SK Raina,KK Cooper,1,0,,,,,,,,,
548332,2012,2012-04-21,"MA Chidambaram Stadium, Chepauk",2,16.3,Chennai Super Kings,Rajasthan Royals,SK Raina,MS Dhoni,KK Cooper,0,0,,,,,,caught,SK Raina,,
548332,2012,2012-04-21,"MA Chidambaram Stadium, Chepauk",2,16.4,Chennai Super Kings,Rajasthan Royals,DJ Bravo,MS Dhoni,KK Cooper,1,0,,,,,,,,,
548332,2012,2012-04-21,"MA Chidambaram Stadium, Chepauk",2,16.5,Chennai Super Kings,Rajasthan Royals,MS Dhoni,DJ Bravo,KK Cooper,0,0,,,,,,,,,
548332,2012,2012-04-21,"MA Chidambaram Stadium, Chepauk",2,16.6,Chennai Super Kings,Rajasthan Royals,MS Dhoni,DJ Bravo,KK Cooper,0,0,,,,,,,,,
548332,2012,2012-04-21,"MA Chidambaram Stadium, Chepauk",2,17.1,Chennai Super Kings,Rajasthan Royals,DJ Bravo,MS Dhoni,A Singh,1,0,,,,,,,,,
548332,2012,2012-04-21,"MA Chidambaram Stadium, Chepauk",2,17.2,Chennai Super Kings,Rajasthan Royals,MS Dhoni,DJ Bravo,A Singh,1,0,,,,,,,,,
548332,2012,2012-04-21,"MA Chidambaram Stadium, Chepauk",2,17.3,Chennai Super Kings,Rajasthan Royals,DJ Bravo,MS Dhoni,A Singh,2,0,,,,,,,,,
548332,2012,2012-04-21,"MA Chidambaram Stadium, Chepauk",2,17.4,Chennai Super Kings,Rajasthan Royals,DJ Bravo,MS Dhoni,A Singh,4,0,,,,,,,,,
548332,2012,2012-04-21,"MA Chidambaram Stadium, Chepauk",2,17.5,Chennai Super Kings,Rajasthan Royals,DJ Bravo,MS Dhoni,A Singh,1,0,,,,,,,,,
548332,2012,2012-04-21,"MA Chidambaram Stadium, Chepauk",2,17.6,Chennai Super Kings,Rajasthan Royals,MS Dhoni,DJ Bravo,A Singh,4,0,,,,,,,,,
548332,2012,2012-04-21,"MA Chidambaram Stadium, Chepauk",2,18.1,Chennai Super Kings,Rajasthan Royals,DJ Bravo,MS Dhoni,KK Cooper,2,0,,,,,,,,,
548332,2012,2012-04-21,"MA Chidambaram Stadium, Chepauk",2,18.2,Chennai Super Kings,Rajasthan Royals,DJ Bravo,MS Dhoni,KK Cooper,2,0,,,,,,,,,
548332,2012,2012-04-21,"MA Chidambaram Stadium, Chepauk",2,18.3,Chennai Super Kings,Rajasthan Royals,DJ Bravo,MS Dhoni,KK Cooper,1,0,,,,,,,,,
548332,2012,2012-04-21,"MA Chidambaram Stadium, Chepauk",2,18.4,Chennai Super Kings,Rajasthan Royals,MS Dhoni,DJ Bravo,KK Cooper,2,0,,,,,,,,,
548332,2012,2012-04-21,"MA Chidambaram Stadium, Chepauk",2,18.5,Chennai Super Kings,Rajasthan Royals,MS Dhoni,DJ Bravo,KK Cooper,0,0,,,,,,,,,
548332,2012,2012-04-21,"MA Chidambaram Stadium, Chepauk",2,18.6,Chennai Super Kings,Rajasthan Royals,MS Dhoni,DJ Bravo,KK Cooper,1,0,,,,,,,,,
548332,2012,2012-04-21,"MA Chidambaram Stadium, Chepauk",2,19.1,Chennai Super Kings,Rajasthan Royals,MS Dhoni,DJ Bravo,STR Binny,1,0,,,,,,,,,
548332,2012,2012-04-21,"MA Chidambaram Stadium, Chepauk",2,19.2,Chennai Super Kings,Rajasthan Royals,DJ Bravo,MS Dhoni,STR Binny,1,0,,,,,,,,,
548332,2012,2012-04-21,"MA Chidambaram Stadium, Chepauk",2,19.3,Chennai Super Kings,Rajasthan Royals,MS Dhoni,DJ Bravo,STR Binny,2,0,,,,,,,,,
548332,2012,2012-04-21,"MA Chidambaram Stadium, Chepauk",2,19.4,Chennai Super Kings,Rajasthan Royals,MS Dhoni,DJ Bravo,STR Binny,1,0,,,,,,,,,
548332,2012,2012-04-21,"MA Chidambaram Stadium, Chepauk",2,19.5,Chennai Super Kings,Rajasthan Royals,DJ Bravo,MS Dhoni,STR Binny,1,0,,,,,,,,,
548332,2012,2012-04-21,"MA Chidambaram Stadium, Chepauk",2,19.6,Chennai Super Kings,Rajasthan Royals,MS Dhoni,DJ Bravo,STR Binny,2,0,,,,,,,,,
