match_id,season,start_date,venue,innings,ball,batting_team,bowling_team,striker,non_striker,bowler,runs_off_bat,extras,wides,noballs,byes,legbyes,penalty,wicket_type,player_dismissed,other_wicket_type,other_player_dismissed
548370,2012,2012-05-16,Wankhede Stadium,1,0.1,Kolkata Knight Riders,Mumbai Indians,G Gambhir,BB McCullum,MM Patel,4,0,,,,,,,,,
548370,2012,2012-05-16,Wankhede Stadium,1,0.2,Kolkata Knight Riders,Mumbai Indians,G Gambhir,BB McCullum,MM Patel,0,0,,,,,,,,,
548370,2012,2012-05-16,Wankhede Stadium,1,0.3,Kolkata Knight Riders,Mumbai Indians,G Gambhir,BB McCullum,MM Patel,1,0,,,,,,,,,
548370,2012,2012-05-16,Wankhede Stadium,1,0.4,Kolkata Knight Riders,Mumbai Indians,BB McCullum,G Gambhir,MM Patel,0,0,,,,,,,,,
548370,2012,2012-05-16,Wankhede Stadium,1,0.5,Kolkata Knight Riders,Mumbai Indians,BB McCullum,G Gambhir,MM Patel,0,0,,,,,,,,,
548370,2012,2012-05-16,Wankhede Stadium,1,0.6,Kolkata Knight Riders,Mumbai Indians,BB McCullum,G Gambhir,MM Patel,1,0,,,,,,,,,
548370,2012,2012-05-16,Wankhede Stadium,1,1.1,Kolkata Knight Riders,Mumbai Indians,BB McCullum,G Gambhir,RP Singh,0,0,,,,,,,,,
548370,2012,2012-05-16,Wankhede Stadium,1,1.2,Kolkata Knight Riders,Mumbai Indians,BB McCullum,G Gambhir,RP Singh,0,0,,,,,,lbw,BB McCullum,,
548370,2012,2012-05-16,Wankhede Stadium,1,1.3,Kolkata Knight Riders,Mumbai Indians,JH Kallis,G Gambhir,RP Singh,0,0,,,,,,bowled,JH Kallis,,
548370,2012,2012-05-16,Wankhede Stadium,1,1.4,Kolkata Knight Riders,Mumbai Indians,MK Tiwary,G Gambhir,RP Singh,1,0,,,,,,,,,
548370,2012,2012-05-16,Wankhede Stadium,1,1.5,Kolkata Knight Riders,Mumbai Indians,G Gambhir,MK Tiwary,RP Singh,0,0,,,,,,,,,
548370,2012,2012-05-16,Wankhede Stadium,1,1.6,Kolkata Knight Riders,Mumbai Indians,G Gambhir,MK Tiwary,RP Singh,4,0,,,,,,,,,
548370,2012,2012-05-16,Wankhede Stadium,1,2.1,Kolkata Knight Riders,Mumbai Indians,MK Tiwary,G Gambhir,MM Patel,0,0,,,,,,,,,
548370,2012,2012-05-16,Wankhede Stadium,1,2.2,Kolkata Knight Riders,Mumbai Indians,MK Tiwary,G Gambhir,MM Patel,1,0,,,,,,,,,
548370,2012,2012-05-16,Wankhede Stadium,1,2.3,Kolkata Knight Riders,Mumbai Indians,G Gambhir,MK Tiwary,MM Patel,0,0,,,,,,,,,
548370,2012,2012-05-16,Wankhede Stadium,1,2.4,Kolkata Knight Riders,Mumbai Indians,G Gambhir,MK Tiwary,MM Patel,0,0,,,,,,,,,
548370,2012,2012-05-16,Wankhede Stadium,1,2.5,Kolkata Knight Riders,Mumbai Indians,G Gambhir,MK Tiwary,MM Patel,0,0,,,,,,,,,
548370,2012,2012-05-16,Wankhede Stadium,1,2.6,Kolkata Knight Riders,Mumbai Indians,G Gambhir,MK Tiwary,MM Patel,0,0,,,,,,,,,
548370,2012,2012-05-16,Wankhede Stadium,1,3.1,Kolkata Knight Riders,Mumbai Indians,MK Tiwary,G Gambhir,RP Singh,0,0,,,,,,,,,
548370,2012,2012-05-16,Wankhede Stadium,1,3.2,Kolkata Knight Riders,Mumbai Indians,MK Tiwary,G Gambhir,RP Singh,0,0,,,,,,,,,
548370,2012,2012-05-16,Wankhede Stadium,1,3.3,Kolkata Knight Riders,Mumbai Indians,MK Tiwary,G Gambhir,RP Singh,1,0,,,,,,,,,
548370,2012,2012-05-16,Wankhede Stadium,1,3.4,Kolkata Knight Riders,Mumbai Indians,G Gambhir,MK Tiwary,RP Singh,6,0,,,,,,,,,
548370,2012,2012-05-16,Wankhede Stadium,1,3.5,Kolkata Knight Riders,Mumbai Indians,G Gambhir,MK Tiwary,RP Singh,0,1,1,,,,,,,,
548370,2012,2012-05-16,Wankhede Stadium,1,3.6,Kolkata Knight Riders,Mumbai Indians,G Gambhir,MK Tiwary,RP Singh,0,0,,,,,,,,,
548370,2012,2012-05-16,Wankhede Stadium,1,3.7,Kolkata Knight Riders,Mumbai Indians,G Gambhir,MK Tiwary,RP Singh,2,0,,,,,,,,,
548370,2012,2012-05-16,Wankhede Stadium,1,4.1,Kolkata Knight Riders,Mumbai Indians,MK Tiwary,G Gambhir,SL Malinga,0,0,,,,,,,,,
548370,2012,2012-05-16,Wankhede Stadium,1,4.2,Kolkata Knight Riders,Mumbai Indians,MK Tiwary,G Gambhir,SL Malinga,0,0,,,,,,,,,
548370,2012,2012-05-16,Wankhede Stadium,1,4.3,Kolkata Knight Riders,Mumbai Indians,MK Tiwary,G Gambhir,SL Malinga,0,0,,,,,,,,,
548370,2012,2012-05-16,Wankhede Stadium,1,4.4,Kolkata Knight Riders,Mumbai Indians,MK Tiwary,G Gambhir,SL Malinga,1,0,,,,,,,,,
548370,2012,2012-05-16,Wankhede Stadium,1,4.5,Kolkata Knight Riders,Mumbai Indians,G Gambhir,MK Tiwary,SL Malinga,1,0,,,,,,,,,
548370,2012,2012-05-16,Wankhede Stadium,1,4.6,Kolkata Knight Riders,Mumbai Indians,MK Tiwary,G Gambhir,SL Malinga,1,0,,,,,,,,,
548370,2012,2012-05-16,Wankhede Stadium,1,5.1,Kolkata Knight Riders,Mumbai Indians,MK Tiwary,G Gambhir,MM Patel,0,0,,,,,,,,,
548370,2012,2012-05-16,Wankhede Stadium,1,5.2,Kolkata Knight Riders,Mumbai Indians,MK Tiwary,G Gambhir,MM Patel,1,0,,,,,,,,,
548370,2012,2012-05-16,Wankhede Stadium,1,5.3,Kolkata Knight Riders,Mumbai Indians,G Gambhir,MK Tiwary,MM Patel,4,0,,,,,,,,,
548370,2012,2012-05-16,Wankhede Stadium,1,5.4,Kolkata Knight Riders,Mumbai Indians,G Gambhir,MK Tiwary,MM Patel,1,0,,,,,,,,,
548370,2012,2012-05-16,Wankhede Stadium,1,5.5,Kolkata Knight Riders,Mumbai Indians,MK Tiwary,G Gambhir,MM Patel,0,0,,,,,,,,,
548370,2012,2012-05-16,Wankhede Stadium,1,5.6,Kolkata Knight Riders,Mumbai Indians,MK Tiwary,G Gambhir,MM Patel,1,0,,,,,,,,,
548370,2012,2012-05-16,Wankhede Stadium,1,6.1,Kolkata Knight Riders,Mumbai Indians,MK Tiwary,G Gambhir,KA Pollard,0,1,1,,,,,,,,
548370,2012,2012-05-16,Wankhede Stadium,1,6.2,Kolkata Knight Riders,Mumbai Indians,MK Tiwary,G Gambhir,KA Pollard,1,0,,,,,,,,,
548370,2012,2012-05-16,Wankhede Stadium,1,6.3,Kolkata Knight Riders,Mumbai Indians,G Gambhir,MK Tiwary,KA Pollard,1,0,,,,,,,,,
548370,2012,2012-05-16,Wankhede Stadium,1,6.4,Kolkata Knight Riders,Mumbai Indians,MK Tiwary,G Gambhir,KA Pollard,0,0,,,,,,,,,
548370,2012,2012-05-16,Wankhede Stadium,1,6.5,Kolkata Knight Riders,Mumbai Indians,MK Tiwary,G Gambhir,KA Pollard,1,0,,,,,,,,,
548370,2012,2012-05-16,Wankhede Stadium,1,6.6,Kolkata Knight Riders,Mumbai Indians,G Gambhir,MK Tiwary,KA Pollard,1,0,,,,,,,,,
548370,2012,2012-05-16,Wankhede Stadium,1,6.7,Kolkata Knight Riders,Mumbai Indians,MK Tiwary,G Gambhir,KA Pollard,1,0,,,,,,,,,
548370,2012,2012-05-16,Wankhede Stadium,1,7.1,Kolkata Knight Riders,Mumbai Indians,MK Tiwary,G Gambhir,Harbhajan Singh,1,0,,,,,,,,,
548370,2012,2012-05-16,Wankhede Stadium,1,7.2,Kolkata Knight Riders,Mumbai Indians,G Gambhir,MK Tiwary,Harbhajan Singh,0,1,,,,1,,,,,
548370,2012,2012-05-16,Wankhede Stadium,1,7.3,Kolkata Knight Riders,Mumbai Indians,MK Tiwary,G Gambhir,Harbhajan Singh,1,0,,,,,,,,,
548370,2012,2012-05-16,Wankhede Stadium,1,7.4,Kolkata Knight Riders,Mumbai Indians,G Gambhir,MK Tiwary,Harbhajan Singh,1,0,,,,,,,,,
548370,2012,2012-05-16,Wankhede Stadium,1,7.5,Kolkata Knight Riders,Mumbai Indians,MK Tiwary,G Gambhir,Harbhajan Singh,1,0,,,,,,,,,
548370,2012,2012-05-16,Wankhede Stadium,1,7.6,Kolkata Knight Riders,Mumbai Indians,G Gambhir,MK Tiwary,Harbhajan Singh,1,0,,,,,,,,,
548370,2012,2012-05-16,Wankhede Stadium,1,8.1,Kolkata Knight Riders,Mumbai Indians,G Gambhir,MK Tiwary,KA Pollard,0,0,,,,,,,,,
548370,2012,2012-05-16,Wankhede Stadium,1,8.2,Kolkata Knight Riders,Mumbai Indians,G Gambhir,MK Tiwary,KA Pollard,0,0,,,,,,,,,
548370,2012,2012-05-16,Wankhede Stadium,1,8.3,Kolkata Knight Riders,Mumbai Indians,G Gambhir,MK Tiwary,KA Pollard,0,0,,,,,,bowled,G Gambhir,,
548370,2012,2012-05-16,Wankhede Stadium,1,8.4,Kolkata Knight Riders,Mumbai Indians,Shakib Al Hasan,MK Tiwary,KA Pollard,1,0,,,,,,,,,
548370,2012,2012-05-16,Wankhede Stadium,1,8.5,Kolkata Knight Riders,Mumbai Indians,MK Tiwary,Shakib Al Hasan,KA Pollard,0,1,1,,,,,,,,
548370,2012,2012-05-16,Wankhede Stadium,1,8.6,Kolkata Knight Riders,Mumbai Indians,MK Tiwary,Shakib Al Hasan,KA Pollard,1,0,,,,,,,,,
548370,2012,2012-05-16,Wankhede Stadium,1,8.7,Kolkata Knight Riders,Mumbai Indians,Shakib Al Hasan,MK Tiwary,KA Pollard,1,0,,,,,,,,,
548370,2012,2012-05-16,Wankhede Stadium,1,9.1,Kolkata Knight Riders,Mumbai Indians,Shakib Al Hasan,MK Tiwary,Harbhajan Singh,1,0,,,,,,,,,
548370,2012,2012-05-16,Wankhede Stadium,1,9.2,Kolkata Knight Riders,Mumbai Indians,MK Tiwary,Shakib Al Hasan,Harbhajan Singh,0,0,,,,,,,,,
548370,2012,2012-05-16,Wankhede Stadium,1,9.3,Kolkata Knight Riders,Mumbai Indians,MK Tiwary,Shakib Al Hasan,Harbhajan Singh,2,0,,,,,,,,,
548370,2012,2012-05-16,Wankhede Stadium,1,9.4,Kolkata Knight Riders,Mumbai Indians,MK Tiwary,Shakib Al Hasan,Harbhajan Singh,0,0,,,,,,,,,
548370,2012,2012-05-16,Wankhede Stadium,1,9.5,Kolkata Knight Riders,Mumbai Indians,MK Tiwary,Shakib Al Hasan,Harbhajan Singh,1,0,,,,,,,,,
548370,2012,2012-05-16,Wankhede Stadium,1,9.6,Kolkata Knight Riders,Mumbai Indians,Shakib Al Hasan,MK Tiwary,Harbhajan Singh,2,0,,,,,,,,,
548370,2012,2012-05-16,Wankhede Stadium,1,10.1,Kolkata Knight Riders,Mumbai Indians,MK Tiwary,Shakib Al Hasan,KA Pollard,4,0,,,,,,,,,
548370,2012,2012-05-16,Wankhede Stadium,1,10.2,Kolkata Knight Riders,Mumbai Indians,MK Tiwary,Shakib Al Hasan,KA Pollard,4,0,,,,,,,,,
548370,2012,2012-05-16,Wankhede Stadium,1,10.3,Kolkata Knight Riders,Mumbai Indians,MK Tiwary,Shakib Al Hasan,KA Pollard,0,0,,,,,,,,,
548370,2012,2012-05-16,Wankhede Stadium,1,10.4,Kolkata Knight Riders,Mumbai Indians,MK Tiwary,Shakib Al Hasan,KA Pollard,0,0,,,,,,,,,
548370,2012,2012-05-16,Wankhede Stadium,1,10.5,Kolkata Knight Riders,Mumbai Indians,MK Tiwary,Shakib Al Hasan,KA Pollard,1,0,,,,,,,,,
548370,2012,2012-05-16,Wankhede Stadium,1,10.6,Kolkata Knight Riders,Mumbai Indians,Shakib Al Hasan,MK Tiwary,KA Pollard,0,1,1,,,,,,,,
548370,2012,2012-05-16,Wankhede Stadium,1,10.7,Kolkata Knight Riders,Mumbai Indians,Shakib Al Hasan,MK Tiwary,KA Pollard,0,0,,,,,,,,,
548370,2012,2012-05-16,Wankhede Stadium,1,11.1,Kolkata Knight Riders,Mumbai Indians,MK Tiwary,Shakib Al Hasan,Harbhajan Singh,1,0,,,,,,,,,
548370,2012,2012-05-16,Wankhede Stadium,1,11.2,Kolkata Knight Riders,Mumbai Indians,Shakib Al Hasan,MK Tiwary,Harbhajan Singh,1,0,,,,,,,,,
548370,2012,2012-05-16,Wankhede Stadium,1,11.3,Kolkata Knight Riders,Mumbai Indians,MK Tiwary,Shakib Al Hasan,Harbhajan Singh,0,1,,,1,,,,,,
548370,2012,2012-05-16,Wankhede Stadium,1,11.4,Kolkata Knight Riders,Mumbai Indians,Shakib Al Hasan,MK Tiwary,Harbhajan Singh,4,0,,,,,,,,,
548370,2012,2012-05-16,Wankhede Stadium,1,11.5,Kolkata Knight Riders,Mumbai Indians,Shakib Al Hasan,MK Tiwary,Harbhajan Singh,1,0,,,,,,,,,
548370,2012,2012-05-16,Wankhede Stadium,1,11.6,Kolkata Knight Riders,Mumbai Indians,MK Tiwary,Shakib Al Hasan,Harbhajan Singh,6,0,,,,,,,,,
548370,2012,2012-05-16,Wankhede Stadium,1,12.1,Kolkata Knight Riders,Mumbai Indians,Shakib Al Hasan,MK Tiwary,SL Malinga,1,0,,,,,,,,,
548370,2012,2012-05-16,Wankhede Stadium,1,12.2,Kolkata Knight Riders,Mumbai Indians,MK Tiwary,Shakib Al Hasan,SL Malinga,1,0,,,,,,,,,
548370,2012,2012-05-16,Wankhede Stadium,1,12.3,Kolkata Knight Riders,Mumbai Indians,Shakib Al Hasan,MK Tiwary,SL Malinga,1,0,,,,,,,,,
548370,2012,2012-05-16,Wankhede Stadium,1,12.4,Kolkata Knight Riders,Mumbai Indians,MK Tiwary,Shakib Al Hasan,SL Malinga,0,0,,,,,,,,,
548370,2012,2012-05-16,Wankhede Stadium,1,12.5,Kolkata Knight Riders,Mumbai Indians,MK Tiwary,Shakib Al Hasan,SL Malinga,6,0,,,,,,,,,
548370,2012,2012-05-16,Wankhede Stadium,1,12.6,Kolkata Knight Riders,Mumbai Indians,MK Tiwary,Shakib Al Hasan,SL Malinga,0,0,,,,,,,,,
548370,2012,2012-05-16,Wankhede Stadium,1,13.1,Kolkata Knight Riders,Mumbai Indians,Shakib Al Hasan,MK Tiwary,DR Smith,0,2,,,,2,,,,,
548370,2012,2012-05-16,Wankhede Stadium,1,13.2,Kolkata Knight Riders,Mumbai Indians,Shakib Al Hasan,MK Tiwary,DR Smith,0,0,,,,,,bowled,Shakib Al Hasan,,
548370,2012,2012-05-16,Wankhede Stadium,1,13.3,Kolkata Knight Riders,Mumbai Indians,YK Pathan,MK Tiwary,DR Smith,1,0,,,,,,,,,
548370,2012,2012-05-16,Wankhede Stadium,1,13.4,Kolkata Knight Riders,Mumbai Indians,MK Tiwary,YK Pathan,DR Smith,0,0,,,,,,,,,
548370,2012,2012-05-16,Wankhede Stadium,1,13.5,Kolkata Knight Riders,Mumbai Indians,MK Tiwary,YK Pathan,DR Smith,0,0,,,,,,,,,
548370,2012,2012-05-16,Wankhede Stadium,1,13.6,Kolkata Knight Riders,Mumbai Indians,MK Tiwary,YK Pathan,DR Smith,1,0,,,,,,,,,
548370,2012,2012-05-16,Wankhede Stadium,1,14.1,Kolkata Knight Riders,Mumbai Indians,MK Tiwary,YK Pathan,MM Patel,0,0,,,,,,caught,MK Tiwary,,
548370,2012,2012-05-16,Wankhede Stadium,1,14.2,Kolkata Knight Riders,Mumbai Indians,YK Pathan,DB Das,MM Patel,1,0,,,,,,,,,
548370,2012,2012-05-16,Wankhede Stadium,1,14.3,Kolkata Knight Riders,Mumbai Indians,DB Das,YK Pathan,MM Patel,1,0,,,,,,,,,
548370,2012,2012-05-16,Wankhede Stadium,1,14.4,Kolkata Knight Riders,Mumbai Indians,YK Pathan,DB Das,MM Patel,0,0,,,,,,,,,
548370,2012,2012-05-16,Wankhede Stadium,1,14.5,Kolkata Knight Riders,Mumbai Indians,YK Pathan,DB Das,MM Patel,1,0,,,,,,,,,
548370,2012,2012-05-16,Wankhede Stadium,1,14.6,Kolkata Knight Riders,Mumbai Indians,DB Das,YK Pathan,MM Patel,0,0,,,,,,,,,
548370,2012,2012-05-16,Wankhede Stadium,1,15.1,Kolkata Knight Riders,Mumbai Indians,YK Pathan,DB Das,DR Smith,1,0,,,,,,,,,
548370,2012,2012-05-16,Wankhede Stadium,1,15.2,Kolkata Knight Riders,Mumbai Indians,DB Das,YK Pathan,DR Smith,1,0,,,,,,,,,
548370,2012,2012-05-16,Wankhede Stadium,1,15.3,Kolkata Knight Riders,Mumbai Indians,YK Pathan,DB Das,DR Smith,0,0,,,,,,,,,
548370,2012,2012-05-16,Wankhede Stadium,1,15.4,Kolkata Knight Riders,Mumbai Indians,YK Pathan,DB Das,DR Smith,0,0,,,,,,run out,DB Das,,
548370,2012,2012-05-16,Wankhede Stadium,1,15.5,Kolkata Knight Riders,Mumbai Indians,YK Pathan,R Bhatia,DR Smith,4,0,,,,,,,,,
548370,2012,2012-05-16,Wankhede Stadium,1,15.6,Kolkata Knight Riders,Mumbai Indians,YK Pathan,R Bhatia,DR Smith,0,0,,,,,,,,,
548370,2012,2012-05-16,Wankhede Stadium,1,16.1,Kolkata Knight Riders,Mumbai Indians,R Bhatia,YK Pathan,SL Malinga,0,1,1,,,,,,,,
548370,2012,2012-05-16,Wankhede Stadium,1,16.2,Kolkata Knight Riders,Mumbai Indians,R Bhatia,YK Pathan,SL Malinga,1,0,,,,,,,,,
548370,2012,2012-05-16,Wankhede Stadium,1,16.3,Kolkata Knight Riders,Mumbai Indians,YK Pathan,R Bhatia,SL Malinga,1,0,,,,,,,,,
548370,2012,2012-05-16,Wankhede Stadium,1,16.4,Kolkata Knight Riders,Mumbai Indians,R Bhatia,YK Pathan,SL Malinga,4,0,,,,,,,,,
548370,2012,2012-05-16,Wankhede Stadium,1,16.5,Kolkata Knight Riders,Mumbai Indians,R Bhatia,YK Pathan,SL Malinga,1,0,,,,,,,,,
548370,2012,2012-05-16,Wankhede Stadium,1,16.6,Kolkata Knight Riders,Mumbai Indians,YK Pathan,R Bhatia,SL Malinga,0,0,,,,,,,,,
548370,2012,2012-05-16,Wankhede Stadium,1,16.7,Kolkata Knight Riders,Mumbai Indians,YK Pathan,R Bhatia,SL Malinga,4,0,,,,,,,,,
548370,2012,2012-05-16,Wankhede Stadium,1,17.1,Kolkata Knight Riders,Mumbai Indians,R Bhatia,YK Pathan,RP Singh,1,0,,,,,,,,,
548370,2012,2012-05-16,Wankhede Stadium,1,17.2,Kolkata Knight Riders,Mumbai Indians,YK Pathan,R Bhatia,RP Singh,2,0,,,,,,,,,
548370,2012,2012-05-16,Wankhede Stadium,1,17.3,Kolkata Knight Riders,Mumbai Indians,YK Pathan,R Bhatia,RP Singh,0,0,,,,,,,,,
548370,2012,2012-05-16,Wankhede Stadium,1,17.4,Kolkata Knight Riders,Mumbai Indians,YK Pathan,R Bhatia,RP Singh,1,1,,1,,,,,,,
548370,2012,2012-05-16,Wankhede Stadium,1,17.5,Kolkata Knight Riders,Mumbai Indians,R Bhatia,YK Pathan,RP Singh,4,0,,,,,,,,,
548370,2012,2012-05-16,Wankhede Stadium,1,17.6,Kolkata Knight Riders,Mumbai Indians,R Bhatia,YK Pathan,RP Singh,0,1,1,,,,,,,,
548370,2012,2012-05-16,Wankhede Stadium,1,17.7,Kolkata Knight Riders,Mumbai Indians,R Bhatia,YK Pathan,RP Singh,1,0,,,,,,,,,
548370,2012,2012-05-16,Wankhede Stadium,1,17.8,Kolkata Knight Riders,Mumbai Indians,YK Pathan,R Bhatia,RP Singh,2,0,,,,,,,,,
548370,2012,2012-05-16,Wankhede Stadium,1,18.1,Kolkata Knight Riders,Mumbai Indians,R Bhatia,YK Pathan,SL Malinga,0,0,,,,,,caught,R Bhatia,,
548370,2012,2012-05-16,Wankhede Stadium,1,18.2,Kolkata Knight Riders,Mumbai Indians,YK Pathan,SP Narine,SL Malinga,1,0,,,,,,,,,
548370,2012,2012-05-16,Wankhede Stadium,1,18.3,Kolkata Knight Riders,Mumbai Indians,SP Narine,YK Pathan,SL Malinga,1,0,,,,,,,,,
548370,2012,2012-05-16,Wankhede Stadium,1,18.4,Kolkata Knight Riders,Mumbai Indians,YK Pathan,SP Narine,SL Malinga,0,0,,,,,,,,,
548370,2012,2012-05-16,Wankhede Stadium,1,18.5,Kolkata Knight Riders,Mumbai Indians,YK Pathan,SP Narine,SL Malinga,1,0,,,,,,,,,
548370,2012,2012-05-16,Wankhede Stadium,1,18.6,Kolkata Knight Riders,Mumbai Indians,SP Narine,YK Pathan,SL Malinga,0,1,1,,,,,,,,
548370,2012,2012-05-16,Wankhede Stadium,1,18.7,Kolkata Knight Riders,Mumbai Indians,SP Narine,YK Pathan,SL Malinga,4,0,,,,,,,,,
548370,2012,2012-05-16,Wankhede Stadium,1,19.1,Kolkata Knight Riders,Mumbai Indians,YK Pathan,SP Narine,RP Singh,0,2,,,,2,,,,,
548370,2012,2012-05-16,Wankhede Stadium,1,19.2,Kolkata Knight Riders,Mumbai Indians,YK Pathan,SP Narine,RP Singh,1,0,,,,,,,,,
548370,2012,2012-05-16,Wankhede Stadium,1,19.3,Kolkata Knight Riders,Mumbai Indians,SP Narine,YK Pathan,RP Singh,0,0,,,,,,,,,
548370,2012,2012-05-16,Wankhede Stadium,1,19.4,Kolkata Knight Riders,Mumbai Indians,SP Narine,YK Pathan,RP Singh,4,0,,,,,,,,,
548370,2012,2012-05-16,Wankhede Stadium,1,19.5,Kolkata Knight Riders,Mumbai Indians,SP Narine,YK Pathan,RP Singh,0,0,,,,,,,,,
548370,2012,2012-05-16,Wankhede Stadium,1,19.6,Kolkata Knight Riders,Mumbai Indians,SP Narine,YK Pathan,RP Singh,0,0,,,,,,,,,
548370,2012,2012-05-16,Wankhede Stadium,2,0.1,Mumbai Indians,Kolkata Knight Riders,HH Gibbs,SR Tendulkar,L Balaji,0,0,,,,,,,,,
548370,2012,2012-05-16,Wankhede Stadium,2,0.2,Mumbai Indians,Kolkata Knight Riders,HH Gibbs,SR Tendulkar,L Balaji,4,0,,,,,,,,,
548370,2012,2012-05-16,Wankhede Stadium,2,0.3,Mumbai Indians,Kolkata Knight Riders,HH Gibbs,SR Tendulkar,L Balaji,0,0,,,,,,,,,
548370,2012,2012-05-16,Wankhede Stadium,2,0.4,Mumbai Indians,Kolkata Knight Riders,HH Gibbs,SR Tendulkar,L Balaji,0,0,,,,,,,,,
548370,2012,2012-05-16,Wankhede Stadium,2,0.5,Mumbai Indians,Kolkata Knight Riders,HH Gibbs,SR Tendulkar,L Balaji,0,0,,,,,,,,,
548370,2012,2012-05-16,Wankhede Stadium,2,0.6,Mumbai Indians,Kolkata Knight Riders,HH Gibbs,SR Tendulkar,L Balaji,0,1,,,,1,,,,,
548370,2012,2012-05-16,Wankhede Stadium,2,1.1,Mumbai Indians,Kolkata Knight Riders,HH Gibbs,SR Tendulkar,Shakib Al Hasan,0,0,,,,,,,,,
548370,2012,2012-05-16,Wankhede Stadium,2,1.2,Mumbai Indians,Kolkata Knight Riders,HH Gibbs,SR Tendulkar,Shakib Al Hasan,0,0,,,,,,,,,
548370,2012,2012-05-16,Wankhede Stadium,2,1.3,Mumbai Indians,Kolkata Knight Riders,HH Gibbs,SR Tendulkar,Shakib Al Hasan,0,0,,,,,,,,,
548370,2012,2012-05-16,Wankhede Stadium,2,1.4,Mumbai Indians,Kolkata Knight Riders,HH Gibbs,SR Tendulkar,Shakib Al Hasan,0,1,1,,,,,,,,
548370,2012,2012-05-16,Wankhede Stadium,2,1.5,Mumbai Indians,Kolkata Knight Riders,HH Gibbs,SR Tendulkar,Shakib Al Hasan,0,0,,,,,,,,,
548370,2012,2012-05-16,Wankhede Stadium,2,1.6,Mumbai Indians,Kolkata Knight Riders,HH Gibbs,SR Tendulkar,Shakib Al Hasan,1,0,,,,,,,,,
548370,2012,2012-05-16,Wankhede Stadium,2,1.7,Mumbai Indians,Kolkata Knight Riders,SR Tendulkar,HH Gibbs,Shakib Al Hasan,0,0,,,,,,,,,
548370,2012,2012-05-16,Wankhede Stadium,2,2.1,Mumbai Indians,Kolkata Knight Riders,HH Gibbs,SR Tendulkar,L Balaji,0,0,,,,,,,,,
548370,2012,2012-05-16,Wankhede Stadium,2,2.2,Mumbai Indians,Kolkata Knight Riders,HH Gibbs,SR Tendulkar,L Balaji,0,0,,,,,,,,,
548370,2012,2012-05-16,Wankhede Stadium,2,2.3,Mumbai Indians,Kolkata Knight Riders,HH Gibbs,SR Tendulkar,L Balaji,1,0,,,,,,,,,
548370,2012,2012-05-16,Wankhede Stadium,2,2.4,Mumbai Indians,Kolkata Knight Riders,SR Tendulkar,HH Gibbs,L Balaji,0,0,,,,,,,,,
548370,2012,2012-05-16,Wankhede Stadium,2,2.5,Mumbai Indians,Kolkata Knight Riders,SR Tendulkar,HH Gibbs,L Balaji,0,0,,,,,,,,,
548370,2012,2012-05-16,Wankhede Stadium,2,2.6,Mumbai Indians,Kolkata Knight Riders,SR Tendulkar,HH Gibbs,L Balaji,0,0,,,,,,,,,
548370,2012,2012-05-16,Wankhede Stadium,2,3.1,Mumbai Indians,Kolkata Knight Riders,HH Gibbs,SR Tendulkar,Shakib Al Hasan,0,0,,,,,,,,,
548370,2012,2012-05-16,Wankhede Stadium,2,3.2,Mumbai Indians,Kolkata Knight Riders,HH Gibbs,SR Tendulkar,Shakib Al Hasan,0,0,,,,,,,,,
548370,2012,2012-05-16,Wankhede Stadium,2,3.3,Mumbai Indians,Kolkata Knight Riders,HH Gibbs,SR Tendulkar,Shakib Al Hasan,0,0,,,,,,,,,
548370,2012,2012-05-16,Wankhede Stadium,2,3.4,Mumbai Indians,Kolkata Knight Riders,HH Gibbs,SR Tendulkar,Shakib Al Hasan,0,0,,,,,,,,,
548370,2012,2012-05-16,Wankhede Stadium,2,3.5,Mumbai Indians,Kolkata Knight Riders,HH Gibbs,SR Tendulkar,Shakib Al Hasan,5,0,,,,,,,,,
548370,2012,2012-05-16,Wankhede Stadium,2,3.6,Mumbai Indians,Kolkata Knight Riders,SR Tendulkar,HH Gibbs,Shakib Al Hasan,1,0,,,,,,,,,
548370,2012,2012-05-16,Wankhede Stadium,2,4.1,Mumbai Indians,Kolkata Knight Riders,SR Tendulkar,HH Gibbs,SP Narine,0,0,,,,,,,,,
548370,2012,2012-05-16,Wankhede Stadium,2,4.2,Mumbai Indians,Kolkata Knight Riders,SR Tendulkar,HH Gibbs,SP Narine,1,0,,,,,,,,,
548370,2012,2012-05-16,Wankhede Stadium,2,4.3,Mumbai Indians,Kolkata Knight Riders,HH Gibbs,SR Tendulkar,SP Narine,0,0,,,,,,,,,
548370,2012,2012-05-16,Wankhede Stadium,2,4.4,Mumbai Indians,Kolkata Knight Riders,HH Gibbs,SR Tendulkar,SP Narine,0,0,,,,,,,,,
548370,2012,2012-05-16,Wankhede Stadium,2,4.5,Mumbai Indians,Kolkata Knight Riders,HH Gibbs,SR Tendulkar,SP Narine,1,0,,,,,,,,,
548370,2012,2012-05-16,Wankhede Stadium,2,4.6,Mumbai Indians,Kolkata Knight Riders,SR Tendulkar,HH Gibbs,SP Narine,4,0,,,,,,,,,
548370,2012,2012-05-16,Wankhede Stadium,2,5.1,Mumbai Indians,Kolkata Knight Riders,HH Gibbs,SR Tendulkar,Iqbal Abdulla,1,0,,,,,,,,,
548370,2012,2012-05-16,Wankhede Stadium,2,5.2,Mumbai Indians,Kolkata Knight Riders,SR Tendulkar,HH Gibbs,Iqbal Abdulla,4,0,,,,,,,,,
548370,2012,2012-05-16,Wankhede Stadium,2,5.3,Mumbai Indians,Kolkata Knight Riders,SR Tendulkar,HH Gibbs,Iqbal Abdulla,0,0,,,,,,,,,
548370,2012,2012-05-16,Wankhede Stadium,2,5.4,Mumbai Indians,Kolkata Knight Riders,SR Tendulkar,HH Gibbs,Iqbal Abdulla,0,0,,,,,,,,,
548370,2012,2012-05-16,Wankhede Stadium,2,5.5,Mumbai Indians,Kolkata Knight Riders,SR Tendulkar,HH Gibbs,Iqbal Abdulla,1,0,,,,,,,,,
548370,2012,2012-05-16,Wankhede Stadium,2,5.6,Mumbai Indians,Kolkata Knight Riders,HH Gibbs,SR Tendulkar,Iqbal Abdulla,0,0,,,,,,lbw,HH Gibbs,,
548370,2012,2012-05-16,Wankhede Stadium,2,6.1,Mumbai Indians,Kolkata Knight Riders,SR Tendulkar,KD Karthik,JH Kallis,0,0,,,,,,,,,
548370,2012,2012-05-16,Wankhede Stadium,2,6.2,Mumbai Indians,Kolkata Knight Riders,SR Tendulkar,KD Karthik,JH Kallis,1,0,,,,,,,,,
548370,2012,2012-05-16,Wankhede Stadium,2,6.3,Mumbai Indians,Kolkata Knight Riders,KD Karthik,SR Tendulkar,JH Kallis,4,0,,,,,,,,,
548370,2012,2012-05-16,Wankhede Stadium,2,6.4,Mumbai Indians,Kolkata Knight Riders,KD Karthik,SR Tendulkar,JH Kallis,4,0,,,,,,,,,
548370,2012,2012-05-16,Wankhede Stadium,2,6.5,Mumbai Indians,Kolkata Knight Riders,KD Karthik,SR Tendulkar,JH Kallis,0,0,,,,,,,,,
548370,2012,2012-05-16,Wankhede Stadium,2,6.6,Mumbai Indians,Kolkata Knight Riders,KD Karthik,SR Tendulkar,JH Kallis,0,0,,,,,,,,,
548370,2012,2012-05-16,Wankhede Stadium,2,7.1,Mumbai Indians,Kolkata Knight Riders,SR Tendulkar,KD Karthik,Iqbal Abdulla,1,0,,,,,,,,,
548370,2012,2012-05-16,Wankhede Stadium,2,7.2,Mumbai Indians,Kolkata Knight Riders,KD Karthik,SR Tendulkar,Iqbal Abdulla,0,0,,,,,,,,,
548370,2012,2012-05-16,Wankhede Stadium,2,7.3,Mumbai Indians,Kolkata Knight Riders,KD Karthik,SR Tendulkar,Iqbal Abdulla,1,0,,,,,,,,,
548370,2012,2012-05-16,Wankhede Stadium,2,7.4,Mumbai Indians,Kolkata Knight Riders,SR Tendulkar,KD Karthik,Iqbal Abdulla,1,0,,,,,,,,,
548370,2012,2012-05-16,Wankhede Stadium,2,7.5,Mumbai Indians,Kolkata Knight Riders,KD Karthik,SR Tendulkar,Iqbal Abdulla,0,0,,,,,,,,,
548370,2012,2012-05-16,Wankhede Stadium,2,7.6,Mumbai Indians,Kolkata Knight Riders,KD Karthik,SR Tendulkar,Iqbal Abdulla,1,0,,,,,,,,,
548370,2012,2012-05-16,Wankhede Stadium,2,8.1,Mumbai Indians,Kolkata Knight Riders,KD Karthik,SR Tendulkar,JH Kallis,0,0,,,,,,,,,
548370,2012,2012-05-16,Wankhede Stadium,2,8.2,Mumbai Indians,Kolkata Knight Riders,KD Karthik,SR Tendulkar,JH Kallis,1,0,,,,,,,,,
548370,2012,2012-05-16,Wankhede Stadium,2,8.3,Mumbai Indians,Kolkata Knight Riders,SR Tendulkar,KD Karthik,JH Kallis,6,0,,,,,,,,,
548370,2012,2012-05-16,Wankhede Stadium,2,8.4,Mumbai Indians,Kolkata Knight Riders,SR Tendulkar,KD Karthik,JH Kallis,0,0,,,,,,,,,
548370,2012,2012-05-16,Wankhede Stadium,2,8.5,Mumbai Indians,Kolkata Knight Riders,SR Tendulkar,KD Karthik,JH Kallis,2,0,,,,,,,,,
548370,2012,2012-05-16,Wankhede Stadium,2,8.6,Mumbai Indians,Kolkata Knight Riders,SR Tendulkar,KD Karthik,JH Kallis,4,0,,,,,,,,,
548370,2012,2012-05-16,Wankhede Stadium,2,9.1,Mumbai Indians,Kolkata Knight Riders,KD Karthik,SR Tendulkar,Shakib Al Hasan,0,0,,,,,,,,,
548370,2012,2012-05-16,Wankhede Stadium,2,9.2,Mumbai Indians,Kolkata Knight Riders,KD Karthik,SR Tendulkar,Shakib Al Hasan,4,0,,,,,,,,,
548370,2012,2012-05-16,Wankhede Stadium,2,9.3,Mumbai Indians,Kolkata Knight Riders,KD Karthik,SR Tendulkar,Shakib Al Hasan,0,0,,,,,,,,,
548370,2012,2012-05-16,Wankhede Stadium,2,9.4,Mumbai Indians,Kolkata Knight Riders,KD Karthik,SR Tendulkar,Shakib Al Hasan,1,0,,,,,,,,,
548370,2012,2012-05-16,Wankhede Stadium,2,9.5,Mumbai Indians,Kolkata Knight Riders,SR Tendulkar,KD Karthik,Shakib Al Hasan,1,0,,,,,,,,,
548370,2012,2012-05-16,Wankhede Stadium,2,9.6,Mumbai Indians,Kolkata Knight Riders,KD Karthik,SR Tendulkar,Shakib Al Hasan,1,0,,,,,,,,,
548370,2012,2012-05-16,Wankhede Stadium,2,10.1,Mumbai Indians,Kolkata Knight Riders,KD Karthik,SR Tendulkar,SP Narine,0,0,,,,,,,,,
548370,2012,2012-05-16,Wankhede Stadium,2,10.2,Mumbai Indians,Kolkata Knight Riders,KD Karthik,SR Tendulkar,SP Narine,0,0,,,,,,,,,
548370,2012,2012-05-16,Wankhede Stadium,2,10.3,Mumbai Indians,Kolkata Knight Riders,KD Karthik,SR Tendulkar,SP Narine,1,0,,,,,,,,,
548370,2012,2012-05-16,Wankhede Stadium,2,10.4,Mumbai Indians,Kolkata Knight Riders,SR Tendulkar,KD Karthik,SP Narine,0,0,,,,,,,,,
548370,2012,2012-05-16,Wankhede Stadium,2,10.5,Mumbai Indians,Kolkata Knight Riders,SR Tendulkar,KD Karthik,SP Narine,0,0,,,,,,,,,
548370,2012,2012-05-16,Wankhede Stadium,2,10.6,Mumbai Indians,Kolkata Knight Riders,SR Tendulkar,KD Karthik,SP Narine,0,0,,,,,,bowled,SR Tendulkar,,
548370,2012,2012-05-16,Wankhede Stadium,2,11.1,Mumbai Indians,Kolkata Knight Riders,KD Karthik,RG Sharma,Iqbal Abdulla,0,0,,,,,,,,,
548370,2012,2012-05-16,Wankhede Stadium,2,11.2,Mumbai Indians,Kolkata Knight Riders,KD Karthik,RG Sharma,Iqbal Abdulla,0,0,,,,,,,,,
548370,2012,2012-05-16,Wankhede Stadium,2,11.3,Mumbai Indians,Kolkata Knight Riders,KD Karthik,RG Sharma,Iqbal Abdulla,1,0,,,,,,,,,
548370,2012,2012-05-16,Wankhede Stadium,2,11.4,Mumbai Indians,Kolkata Knight Riders,RG Sharma,KD Karthik,Iqbal Abdulla,1,0,,,,,,,,,
548370,2012,2012-05-16,Wankhede Stadium,2,11.5,Mumbai Indians,Kolkata Knight Riders,KD Karthik,RG Sharma,Iqbal Abdulla,1,0,,,,,,,,,
548370,2012,2012-05-16,Wankhede Stadium,2,11.6,Mumbai Indians,Kolkata Knight Riders,RG Sharma,KD Karthik,Iqbal Abdulla,0,0,,,,,,,,,
548370,2012,2012-05-16,Wankhede Stadium,2,12.1,Mumbai Indians,Kolkata Knight Riders,KD Karthik,RG Sharma,L Balaji,0,0,,,,,,,,,
548370,2012,2012-05-16,Wankhede Stadium,2,12.2,Mumbai Indians,Kolkata Knight Riders,KD Karthik,RG Sharma,L Balaji,0,1,1,,,,,,,,
548370,2012,2012-05-16,Wankhede Stadium,2,12.3,Mumbai Indians,Kolkata Knight Riders,KD Karthik,RG Sharma,L Balaji,0,0,,,,,,,,,
548370,2012,2012-05-16,Wankhede Stadium,2,12.4,Mumbai Indians,Kolkata Knight Riders,KD Karthik,RG Sharma,L Balaji,1,0,,,,,,,,,
548370,2012,2012-05-16,Wankhede Stadium,2,12.5,Mumbai Indians,Kolkata Knight Riders,RG Sharma,KD Karthik,L Balaji,0,1,,,,1,,,,,
548370,2012,2012-05-16,Wankhede Stadium,2,12.6,Mumbai Indians,Kolkata Knight Riders,KD Karthik,RG Sharma,L Balaji,0,0,,,,,,caught,KD Karthik,,
548370,2012,2012-05-16,Wankhede Stadium,2,12.7,Mumbai Indians,Kolkata Knight Riders,AT Rayudu,RG Sharma,L Balaji,1,0,,,,,,,,,
548370,2012,2012-05-16,Wankhede Stadium,2,13.1,Mumbai Indians,Kolkata Knight Riders,AT Rayudu,RG Sharma,Iqbal Abdulla,1,0,,,,,,,,,
548370,2012,2012-05-16,Wankhede Stadium,2,13.2,Mumbai Indians,Kolkata Knight Riders,RG Sharma,AT Rayudu,Iqbal Abdulla,1,0,,,,,,,,,
548370,2012,2012-05-16,Wankhede Stadium,2,13.3,Mumbai Indians,Kolkata Knight Riders,AT Rayudu,RG Sharma,Iqbal Abdulla,6,0,,,,,,,,,
548370,2012,2012-05-16,Wankhede Stadium,2,13.4,Mumbai Indians,Kolkata Knight Riders,AT Rayudu,RG Sharma,Iqbal Abdulla,1,0,,,,,,,,,
548370,2012,2012-05-16,Wankhede Stadium,2,13.5,Mumbai Indians,Kolkata Knight Riders,RG Sharma,AT Rayudu,Iqbal Abdulla,1,0,,,,,,,,,
548370,2012,2012-05-16,Wankhede Stadium,2,13.6,Mumbai Indians,Kolkata Knight Riders,AT Rayudu,RG Sharma,Iqbal Abdulla,0,0,,,,,,,,,
548370,2012,2012-05-16,Wankhede Stadium,2,14.1,Mumbai Indians,Kolkata Knight Riders,RG Sharma,AT Rayudu,JH Kallis,0,0,,,,,,,,,
548370,2012,2012-05-16,Wankhede Stadium,2,14.2,Mumbai Indians,Kolkata Knight Riders,RG Sharma,AT Rayudu,JH Kallis,0,0,,,,,,,,,
548370,2012,2012-05-16,Wankhede Stadium,2,14.3,Mumbai Indians,Kolkata Knight Riders,RG Sharma,AT Rayudu,JH Kallis,0,0,,,,,,,,,
548370,2012,2012-05-16,Wankhede Stadium,2,14.4,Mumbai Indians,Kolkata Knight Riders,RG Sharma,AT Rayudu,JH Kallis,1,0,,,,,,,,,
548370,2012,2012-05-16,Wankhede Stadium,2,14.5,Mumbai Indians,Kolkata Knight Riders,AT Rayudu,RG Sharma,JH Kallis,2,0,,,,,,,,,
548370,2012,2012-05-16,Wankhede Stadium,2,14.6,Mumbai Indians,Kolkata Knight Riders,AT Rayudu,RG Sharma,JH Kallis,0,0,,,,,,,,,
548370,2012,2012-05-16,Wankhede Stadium,2,15.1,Mumbai Indians,Kolkata Knight Riders,RG Sharma,AT Rayudu,Shakib Al Hasan,2,0,,,,,,,,,
548370,2012,2012-05-16,Wankhede Stadium,2,15.2,Mumbai Indians,Kolkata Knight Riders,RG Sharma,AT Rayudu,Shakib Al Hasan,1,0,,,,,,,,,
548370,2012,2012-05-16,Wankhede Stadium,2,15.3,Mumbai Indians,Kolkata Knight Riders,AT Rayudu,RG Sharma,Shakib Al Hasan,0,0,,,,,,stumped,AT Rayudu,,
548370,2012,2012-05-16,Wankhede Stadium,2,15.4,Mumbai Indians,Kolkata Knight Riders,KA Pollard,RG Sharma,Shakib Al Hasan,4,0,,,,,,,,,
548370,2012,2012-05-16,Wankhede Stadium,2,15.5,Mumbai Indians,Kolkata Knight Riders,KA Pollard,RG Sharma,Shakib Al Hasan,2,0,,,,,,,,,
548370,2012,2012-05-16,Wankhede Stadium,2,15.6,Mumbai Indians,Kolkata Knight Riders,KA Pollard,RG Sharma,Shakib Al Hasan,1,0,,,,,,,,,
548370,2012,2012-05-16,Wankhede Stadium,2,16.1,Mumbai Indians,Kolkata Knight Riders,KA Pollard,RG Sharma,JH Kallis,1,0,,,,,,,,,
548370,2012,2012-05-16,Wankhede Stadium,2,16.2,Mumbai Indians,Kolkata Knight Riders,RG Sharma,KA Pollard,JH Kallis,4,0,,,,,,,,,
548370,2012,2012-05-16,Wankhede Stadium,2,16.3,Mumbai Indians,Kolkata Knight Riders,RG Sharma,KA Pollard,JH Kallis,1,0,,,,,,,,,
548370,2012,2012-05-16,Wankhede Stadium,2,16.4,Mumbai Indians,Kolkata Knight Riders,KA Pollard,RG Sharma,JH Kallis,0,0,,,,,,caught,KA Pollard,,
548370,2012,2012-05-16,Wankhede Stadium,2,16.5,Mumbai Indians,Kolkata Knight Riders,DR Smith,RG Sharma,JH Kallis,0,0,,,,,,lbw,DR Smith,,
548370,2012,2012-05-16,Wankhede Stadium,2,16.6,Mumbai Indians,Kolkata Knight Riders,Harbhajan Singh,RG Sharma,JH Kallis,1,0,,,,,,,,,
548370,2012,2012-05-16,Wankhede Stadium,2,17.1,Mumbai Indians,Kolkata Knight Riders,Harbhajan Singh,RG Sharma,SP Narine,0,0,,,,,,caught,Harbhajan Singh,,
548370,2012,2012-05-16,Wankhede Stadium,2,17.2,Mumbai Indians,Kolkata Knight Riders,SL Malinga,RG Sharma,SP Narine,0,0,,,,,,,,,
548370,2012,2012-05-16,Wankhede Stadium,2,17.3,Mumbai Indians,Kolkata Knight Riders,SL Malinga,RG Sharma,SP Narine,6,0,,,,,,,,,
548370,2012,2012-05-16,Wankhede Stadium,2,17.4,Mumbai Indians,Kolkata Knight Riders,SL Malinga,RG Sharma,SP Narine,1,0,,,,,,,,,
548370,2012,2012-05-16,Wankhede Stadium,2,17.5,Mumbai Indians,Kolkata Knight Riders,RG Sharma,SL Malinga,SP Narine,0,0,,,,,,caught,RG Sharma,,
548370,2012,2012-05-16,Wankhede Stadium,2,17.6,Mumbai Indians,Kolkata Knight Riders,RP Singh,SL Malinga,SP Narine,1,0,,,,,,,,,
548370,2012,2012-05-16,Wankhede Stadium,2,18.1,Mumbai Indians,Kolkata Knight Riders,RP Singh,SL Malinga,L Balaji,0,0,,,,,,,,,
548370,2012,2012-05-16,Wankhede Stadium,2,18.2,Mumbai Indians,Kolkata Knight Riders,RP Singh,SL Malinga,L Balaji,1,0,,,,,,,,,
548370,2012,2012-05-16,Wankhede Stadium,2,18.3,Mumbai Indians,Kolkata Knight Riders,SL Malinga,RP Singh,L Balaji,1,0,,,,,,,,,
548370,2012,2012-05-16,Wankhede Stadium,2,18.4,Mumbai Indians,Kolkata Knight Riders,RP Singh,SL Malinga,L Balaji,1,0,,,,,,,,,
548370,2012,2012-05-16,Wankhede Stadium,2,18.5,Mumbai Indians,Kolkata Knight Riders,SL Malinga,RP Singh,L Balaji,0,0,,,,,,,,,
548370,2012,2012-05-16,Wankhede Stadium,2,18.6,Mumbai Indians,Kolkata Knight Riders,SL Malinga,RP Singh,L Balaji,0,0,,,,,,caught,SL Malinga,,
548370,2012,2012-05-16,Wankhede Stadium,2,19.1,Mumbai Indians,Kolkata Knight Riders,RP Singh,MM Patel,SP Narine,0,0,,,,,,caught,RP Singh,,
