match_id,season,start_date,venue,innings,ball,batting_team,bowling_team,striker,non_striker,bowler,runs_off_bat,extras,wides,noballs,byes,legbyes,penalty,wicket_type,player_dismissed,other_wicket_type,other_player_dismissed
548376,2012,2012-05-20,"Rajiv Gandhi International Stadium, Uppal",1,0.1,Deccan Chargers,Royal Challengers Bangalore,S Dhawan,PA Reddy,Z Khan,0,0,,,,,,,,,
548376,2012,2012-05-20,"Rajiv Gandhi International Stadium, Uppal",1,0.2,Deccan Chargers,Royal Challengers Bangalore,S Dhawan,PA Reddy,Z Khan,4,0,,,,,,,,,
548376,2012,2012-05-20,"Rajiv Gandhi International Stadium, Uppal",1,0.3,Deccan Chargers,Royal Challengers Bangalore,S Dhawan,PA Reddy,Z Khan,1,0,,,,,,,,,
548376,2012,2012-05-20,"Rajiv Gandhi International Stadium, Uppal",1,0.4,Deccan Chargers,Royal Challengers Bangalore,PA Reddy,S Dhawan,Z Khan,0,0,,,,,,,,,
548376,2012,2012-05-20,"Rajiv Gandhi International Stadium, Uppal",1,0.5,Deccan Chargers,Royal Challengers Bangalore,PA Reddy,S Dhawan,Z Khan,1,0,,,,,,,,,
548376,2012,2012-05-20,"Rajiv Gandhi International Stadium, Uppal",1,0.6,Deccan Chargers,Royal Challengers Bangalore,S Dhawan,PA Reddy,Z Khan,0,0,,,,,,bowled,S Dhawan,,
548376,2012,2012-05-20,"Rajiv Gandhi International Stadium, Uppal",1,1.1,Deccan Chargers,Royal Challengers Bangalore,PA Reddy,KC Sangakkara,R Vinay Kumar,1,0,,,,,,,,,
548376,2012,2012-05-20,"Rajiv Gandhi International Stadium, Uppal",1,1.2,Deccan Chargers,Royal Challengers Bangalore,KC Sangakkara,PA Reddy,R Vinay Kumar,0,0,,,,,,,,,
548376,2012,2012-05-20,"Rajiv Gandhi International Stadium, Uppal",1,1.3,Deccan Chargers,Royal Challengers Bangalore,KC Sangakkara,PA Reddy,R Vinay Kumar,0,0,,,,,,,,,
548376,2012,2012-05-20,"Rajiv Gandhi International Stadium, Uppal",1,1.4,Deccan Chargers,Royal Challengers Bangalore,KC Sangakkara,PA Reddy,R Vinay Kumar,1,0,,,,,,,,,
548376,2012,2012-05-20,"Rajiv Gandhi International Stadium, Uppal",1,1.5,Deccan Chargers,Royal Challengers Bangalore,PA Reddy,KC Sangakkara,R Vinay Kumar,2,0,,,,,,,,,
548376,2012,2012-05-20,"Rajiv Gandhi International Stadium, Uppal",1,1.6,Deccan Chargers,Royal Challengers Bangalore,PA Reddy,KC Sangakkara,R Vinay Kumar,0,0,,,,,,,,,
548376,2012,2012-05-20,"Rajiv Gandhi International Stadium, Uppal",1,2.1,Deccan Chargers,Royal Challengers Bangalore,KC Sangakkara,PA Reddy,Z Khan,1,0,,,,,,,,,
548376,2012,2012-05-20,"Rajiv Gandhi International Stadium, Uppal",1,2.2,Deccan Chargers,Royal Challengers Bangalore,PA Reddy,KC Sangakkara,Z Khan,0,0,,,,,,,,,
548376,2012,2012-05-20,"Rajiv Gandhi International Stadium, Uppal",1,2.3,Deccan Chargers,Royal Challengers Bangalore,PA Reddy,KC Sangakkara,Z Khan,0,0,,,,,,,,,
548376,2012,2012-05-20,"Rajiv Gandhi International Stadium, Uppal",1,2.4,Deccan Chargers,Royal Challengers Bangalore,PA Reddy,KC Sangakkara,Z Khan,1,0,,,,,,,,,
548376,2012,2012-05-20,"Rajiv Gandhi International Stadium, Uppal",1,2.5,Deccan Chargers,Royal Challengers Bangalore,KC Sangakkara,PA Reddy,Z Khan,0,0,,,,,,,,,
548376,2012,2012-05-20,"Rajiv Gandhi International Stadium, Uppal",1,2.6,Deccan Chargers,Royal Challengers Bangalore,KC Sangakkara,PA Reddy,Z Khan,4,0,,,,,,,,,
548376,2012,2012-05-20,"Rajiv Gandhi International Stadium, Uppal",1,3.1,Deccan Chargers,Royal Challengers Bangalore,PA Reddy,KC Sangakkara,R Vinay Kumar,0,1,1,,,,,,,,
548376,2012,2012-05-20,"Rajiv Gandhi International Stadium, Uppal",1,3.2,Deccan Chargers,Royal Challengers Bangalore,PA Reddy,KC Sangakkara,R Vinay Kumar,2,0,,,,,,,,,
548376,2012,2012-05-20,"Rajiv Gandhi International Stadium, Uppal",1,3.3,Deccan Chargers,Royal Challengers Bangalore,PA Reddy,KC Sangakkara,R Vinay Kumar,0,0,,,,,,,,,
548376,2012,2012-05-20,"Rajiv Gandhi International Stadium, Uppal",1,3.4,Deccan Chargers,Royal Challengers Bangalore,PA Reddy,KC Sangakkara,R Vinay Kumar,0,0,,,,,,caught,PA Reddy,,
548376,2012,2012-05-20,"Rajiv Gandhi International Stadium, Uppal",1,3.5,Deccan Chargers,Royal Challengers Bangalore,CL White,KC Sangakkara,R Vinay Kumar,0,0,,,,,,,,,
548376,2012,2012-05-20,"Rajiv Gandhi International Stadium, Uppal",1,3.6,Deccan Chargers,Royal Challengers Bangalore,CL White,KC Sangakkara,R Vinay Kumar,0,0,,,,,,,,,
548376,2012,2012-05-20,"Rajiv Gandhi International Stadium, Uppal",1,3.7,Deccan Chargers,Royal Challengers Bangalore,CL White,KC Sangakkara,R Vinay Kumar,1,0,,,,,,,,,
548376,2012,2012-05-20,"Rajiv Gandhi International Stadium, Uppal",1,4.1,Deccan Chargers,Royal Challengers Bangalore,CL White,KC Sangakkara,P Parameswaran,0,0,,,,,,,,,
548376,2012,2012-05-20,"Rajiv Gandhi International Stadium, Uppal",1,4.2,Deccan Chargers,Royal Challengers Bangalore,CL White,KC Sangakkara,P Parameswaran,0,0,,,,,,caught,CL White,,
548376,2012,2012-05-20,"Rajiv Gandhi International Stadium, Uppal",1,4.3,Deccan Chargers,Royal Challengers Bangalore,JP Duminy,KC Sangakkara,P Parameswaran,0,0,,,,,,,,,
548376,2012,2012-05-20,"Rajiv Gandhi International Stadium, Uppal",1,4.4,Deccan Chargers,Royal Challengers Bangalore,JP Duminy,KC Sangakkara,P Parameswaran,0,0,,,,,,,,,
548376,2012,2012-05-20,"Rajiv Gandhi International Stadium, Uppal",1,4.5,Deccan Chargers,Royal Challengers Bangalore,JP Duminy,KC Sangakkara,P Parameswaran,1,0,,,,,,,,,
548376,2012,2012-05-20,"Rajiv Gandhi International Stadium, Uppal",1,4.6,Deccan Chargers,Royal Challengers Bangalore,KC Sangakkara,JP Duminy,P Parameswaran,0,0,,,,,,,,,
548376,2012,2012-05-20,"Rajiv Gandhi International Stadium, Uppal",1,5.1,Deccan Chargers,Royal Challengers Bangalore,JP Duminy,KC Sangakkara,M Muralitharan,0,0,,,,,,,,,
548376,2012,2012-05-20,"Rajiv Gandhi International Stadium, Uppal",1,5.2,Deccan Chargers,Royal Challengers Bangalore,JP Duminy,KC Sangakkara,M Muralitharan,1,0,,,,,,,,,
548376,2012,2012-05-20,"Rajiv Gandhi International Stadium, Uppal",1,5.3,Deccan Chargers,Royal Challengers Bangalore,KC Sangakkara,JP Duminy,M Muralitharan,0,0,,,,,,,,,
548376,2012,2012-05-20,"Rajiv Gandhi International Stadium, Uppal",1,5.4,Deccan Chargers,Royal Challengers Bangalore,KC Sangakkara,JP Duminy,M Muralitharan,0,0,,,,,,,,,
548376,2012,2012-05-20,"Rajiv Gandhi International Stadium, Uppal",1,5.5,Deccan Chargers,Royal Challengers Bangalore,KC Sangakkara,JP Duminy,M Muralitharan,1,0,,,,,,,,,
548376,2012,2012-05-20,"Rajiv Gandhi International Stadium, Uppal",1,5.6,Deccan Chargers,Royal Challengers Bangalore,JP Duminy,KC Sangakkara,M Muralitharan,0,0,,,,,,,,,
548376,2012,2012-05-20,"Rajiv Gandhi International Stadium, Uppal",1,6.1,Deccan Chargers,Royal Challengers Bangalore,KC Sangakkara,JP Duminy,P Parameswaran,1,0,,,,,,,,,
548376,2012,2012-05-20,"Rajiv Gandhi International Stadium, Uppal",1,6.2,Deccan Chargers,Royal Challengers Bangalore,JP Duminy,KC Sangakkara,P Parameswaran,0,0,,,,,,,,,
548376,2012,2012-05-20,"Rajiv Gandhi International Stadium, Uppal",1,6.3,Deccan Chargers,Royal Challengers Bangalore,JP Duminy,KC Sangakkara,P Parameswaran,4,0,,,,,,,,,
548376,2012,2012-05-20,"Rajiv Gandhi International Stadium, Uppal",1,6.4,Deccan Chargers,Royal Challengers Bangalore,JP Duminy,KC Sangakkara,P Parameswaran,0,0,,,,,,,,,
548376,2012,2012-05-20,"Rajiv Gandhi International Stadium, Uppal",1,6.5,Deccan Chargers,Royal Challengers Bangalore,JP Duminy,KC Sangakkara,P Parameswaran,2,0,,,,,,,,,
548376,2012,2012-05-20,"Rajiv Gandhi International Stadium, Uppal",1,6.6,Deccan Chargers,Royal Challengers Bangalore,JP Duminy,KC Sangakkara,P Parameswaran,0,0,,,,,,,,,
548376,2012,2012-05-20,"Rajiv Gandhi International Stadium, Uppal",1,7.1,Deccan Chargers,Royal Challengers Bangalore,KC Sangakkara,JP Duminy,HV Patel,1,0,,,,,,,,,
548376,2012,2012-05-20,"Rajiv Gandhi International Stadium, Uppal",1,7.2,Deccan Chargers,Royal Challengers Bangalore,JP Duminy,KC Sangakkara,HV Patel,4,0,,,,,,,,,
548376,2012,2012-05-20,"Rajiv Gandhi International Stadium, Uppal",1,7.3,Deccan Chargers,Royal Challengers Bangalore,JP Duminy,KC Sangakkara,HV Patel,1,0,,,,,,,,,
548376,2012,2012-05-20,"Rajiv Gandhi International Stadium, Uppal",1,7.4,Deccan Chargers,Royal Challengers Bangalore,KC Sangakkara,JP Duminy,HV Patel,0,0,,,,,,,,,
548376,2012,2012-05-20,"Rajiv Gandhi International Stadium, Uppal",1,7.5,Deccan Chargers,Royal Challengers Bangalore,KC Sangakkara,JP Duminy,HV Patel,1,0,,,,,,,,,
548376,2012,2012-05-20,"Rajiv Gandhi International Stadium, Uppal",1,7.6,Deccan Chargers,Royal Challengers Bangalore,JP Duminy,KC Sangakkara,HV Patel,0,0,,,,,,,,,
548376,2012,2012-05-20,"Rajiv Gandhi International Stadium, Uppal",1,8.1,Deccan Chargers,Royal Challengers Bangalore,KC Sangakkara,JP Duminy,P Parameswaran,0,0,,,,,,,,,
548376,2012,2012-05-20,"Rajiv Gandhi International Stadium, Uppal",1,8.2,Deccan Chargers,Royal Challengers Bangalore,KC Sangakkara,JP Duminy,P Parameswaran,1,0,,,,,,,,,
548376,2012,2012-05-20,"Rajiv Gandhi International Stadium, Uppal",1,8.3,Deccan Chargers,Royal Challengers Bangalore,JP Duminy,KC Sangakkara,P Parameswaran,0,0,,,,,,,,,
548376,2012,2012-05-20,"Rajiv Gandhi International Stadium, Uppal",1,8.4,Deccan Chargers,Royal Challengers Bangalore,JP Duminy,KC Sangakkara,P Parameswaran,0,0,,,,,,,,,
548376,2012,2012-05-20,"Rajiv Gandhi International Stadium, Uppal",1,8.5,Deccan Chargers,Royal Challengers Bangalore,JP Duminy,KC Sangakkara,P Parameswaran,2,0,,,,,,,,,
548376,2012,2012-05-20,"Rajiv Gandhi International Stadium, Uppal",1,8.6,Deccan Chargers,Royal Challengers Bangalore,JP Duminy,KC Sangakkara,P Parameswaran,1,0,,,,,,,,,
548376,2012,2012-05-20,"Rajiv Gandhi International Stadium, Uppal",1,9.1,Deccan Chargers,Royal Challengers Bangalore,JP Duminy,KC Sangakkara,M Muralitharan,1,0,,,,,,,,,
548376,2012,2012-05-20,"Rajiv Gandhi International Stadium, Uppal",1,9.2,Deccan Chargers,Royal Challengers Bangalore,KC Sangakkara,JP Duminy,M Muralitharan,0,1,1,,,,,,,,
548376,2012,2012-05-20,"Rajiv Gandhi International Stadium, Uppal",1,9.3,Deccan Chargers,Royal Challengers Bangalore,KC Sangakkara,JP Duminy,M Muralitharan,0,0,,,,,,,,,
548376,2012,2012-05-20,"Rajiv Gandhi International Stadium, Uppal",1,9.4,Deccan Chargers,Royal Challengers Bangalore,KC Sangakkara,JP Duminy,M Muralitharan,1,0,,,,,,,,,
548376,2012,2012-05-20,"Rajiv Gandhi International Stadium, Uppal",1,9.5,Deccan Chargers,Royal Challengers Bangalore,JP Duminy,KC Sangakkara,M Muralitharan,1,0,,,,,,,,,
548376,2012,2012-05-20,"Rajiv Gandhi International Stadium, Uppal",1,9.6,Deccan Chargers,Royal Challengers Bangalore,KC Sangakkara,JP Duminy,M Muralitharan,1,0,,,,,,,,,
548376,2012,2012-05-20,"Rajiv Gandhi International Stadium, Uppal",1,9.7,Deccan Chargers,Royal Challengers Bangalore,JP Duminy,KC Sangakkara,M Muralitharan,1,0,,,,,,,,,
548376,2012,2012-05-20,"Rajiv Gandhi International Stadium, Uppal",1,10.1,Deccan Chargers,Royal Challengers Bangalore,JP Duminy,KC Sangakkara,HV Patel,0,0,,,,,,,,,
548376,2012,2012-05-20,"Rajiv Gandhi International Stadium, Uppal",1,10.2,Deccan Chargers,Royal Challengers Bangalore,JP Duminy,KC Sangakkara,HV Patel,1,0,,,,,,,,,
548376,2012,2012-05-20,"Rajiv Gandhi International Stadium, Uppal",1,10.3,Deccan Chargers,Royal Challengers Bangalore,KC Sangakkara,JP Duminy,HV Patel,1,0,,,,,,,,,
548376,2012,2012-05-20,"Rajiv Gandhi International Stadium, Uppal",1,10.4,Deccan Chargers,Royal Challengers Bangalore,JP Duminy,KC Sangakkara,HV Patel,1,0,,,,,,,,,
548376,2012,2012-05-20,"Rajiv Gandhi International Stadium, Uppal",1,10.5,Deccan Chargers,Royal Challengers Bangalore,KC Sangakkara,JP Duminy,HV Patel,1,0,,,,,,,,,
548376,2012,2012-05-20,"Rajiv Gandhi International Stadium, Uppal",1,10.6,Deccan Chargers,Royal Challengers Bangalore,JP Duminy,KC Sangakkara,HV Patel,0,0,,,,,,,,,
548376,2012,2012-05-20,"Rajiv Gandhi International Stadium, Uppal",1,11.1,Deccan Chargers,Royal Challengers Bangalore,KC Sangakkara,JP Duminy,M Muralitharan,0,0,,,,,,caught,KC Sangakkara,,
548376,2012,2012-05-20,"Rajiv Gandhi International Stadium, Uppal",1,11.2,Deccan Chargers,Royal Challengers Bangalore,PA Patel,JP Duminy,M Muralitharan,1,0,,,,,,,,,
548376,2012,2012-05-20,"Rajiv Gandhi International Stadium, Uppal",1,11.3,Deccan Chargers,Royal Challengers Bangalore,JP Duminy,PA Patel,M Muralitharan,0,0,,,,,,,,,
548376,2012,2012-05-20,"Rajiv Gandhi International Stadium, Uppal",1,11.4,Deccan Chargers,Royal Challengers Bangalore,JP Duminy,PA Patel,M Muralitharan,0,0,,,,,,,,,
548376,2012,2012-05-20,"Rajiv Gandhi International Stadium, Uppal",1,11.5,Deccan Chargers,Royal Challengers Bangalore,JP Duminy,PA Patel,M Muralitharan,1,0,,,,,,,,,
548376,2012,2012-05-20,"Rajiv Gandhi International Stadium, Uppal",1,11.6,Deccan Chargers,Royal Challengers Bangalore,PA Patel,JP Duminy,M Muralitharan,0,0,,,,,,,,,
548376,2012,2012-05-20,"Rajiv Gandhi International Stadium, Uppal",1,12.1,Deccan Chargers,Royal Challengers Bangalore,JP Duminy,PA Patel,HV Patel,0,0,,,,,,,,,
548376,2012,2012-05-20,"Rajiv Gandhi International Stadium, Uppal",1,12.2,Deccan Chargers,Royal Challengers Bangalore,JP Duminy,PA Patel,HV Patel,1,0,,,,,,,,,
548376,2012,2012-05-20,"Rajiv Gandhi International Stadium, Uppal",1,12.3,Deccan Chargers,Royal Challengers Bangalore,PA Patel,JP Duminy,HV Patel,1,0,,,,,,,,,
548376,2012,2012-05-20,"Rajiv Gandhi International Stadium, Uppal",1,12.4,Deccan Chargers,Royal Challengers Bangalore,JP Duminy,PA Patel,HV Patel,1,0,,,,,,,,,
548376,2012,2012-05-20,"Rajiv Gandhi International Stadium, Uppal",1,12.5,Deccan Chargers,Royal Challengers Bangalore,PA Patel,JP Duminy,HV Patel,4,0,,,,,,,,,
548376,2012,2012-05-20,"Rajiv Gandhi International Stadium, Uppal",1,12.6,Deccan Chargers,Royal Challengers Bangalore,PA Patel,JP Duminy,HV Patel,0,1,,,1,,,,,,
548376,2012,2012-05-20,"Rajiv Gandhi International Stadium, Uppal",1,13.1,Deccan Chargers,Royal Challengers Bangalore,PA Patel,JP Duminy,TM Dilshan,1,0,,,,,,,,,
548376,2012,2012-05-20,"Rajiv Gandhi International Stadium, Uppal",1,13.2,Deccan Chargers,Royal Challengers Bangalore,JP Duminy,PA Patel,TM Dilshan,1,0,,,,,,,,,
548376,2012,2012-05-20,"Rajiv Gandhi International Stadium, Uppal",1,13.3,Deccan Chargers,Royal Challengers Bangalore,PA Patel,JP Duminy,TM Dilshan,1,0,,,,,,,,,
548376,2012,2012-05-20,"Rajiv Gandhi International Stadium, Uppal",1,13.4,Deccan Chargers,Royal Challengers Bangalore,JP Duminy,PA Patel,TM Dilshan,1,0,,,,,,,,,
548376,2012,2012-05-20,"Rajiv Gandhi International Stadium, Uppal",1,13.5,Deccan Chargers,Royal Challengers Bangalore,PA Patel,JP Duminy,TM Dilshan,0,0,,,,,,,,,
548376,2012,2012-05-20,"Rajiv Gandhi International Stadium, Uppal",1,13.6,Deccan Chargers,Royal Challengers Bangalore,PA Patel,JP Duminy,TM Dilshan,0,1,1,,,,,,,,
548376,2012,2012-05-20,"Rajiv Gandhi International Stadium, Uppal",1,13.7,Deccan Chargers,Royal Challengers Bangalore,PA Patel,JP Duminy,TM Dilshan,1,0,,,,,,,,,
548376,2012,2012-05-20,"Rajiv Gandhi International Stadium, Uppal",1,14.1,Deccan Chargers,Royal Challengers Bangalore,PA Patel,JP Duminy,HV Patel,2,0,,,,,,,,,
548376,2012,2012-05-20,"Rajiv Gandhi International Stadium, Uppal",1,14.2,Deccan Chargers,Royal Challengers Bangalore,PA Patel,JP Duminy,HV Patel,1,0,,,,,,,,,
548376,2012,2012-05-20,"Rajiv Gandhi International Stadium, Uppal",1,14.3,Deccan Chargers,Royal Challengers Bangalore,JP Duminy,PA Patel,HV Patel,0,0,,,,,,,,,
548376,2012,2012-05-20,"Rajiv Gandhi International Stadium, Uppal",1,14.4,Deccan Chargers,Royal Challengers Bangalore,JP Duminy,PA Patel,HV Patel,4,0,,,,,,,,,
548376,2012,2012-05-20,"Rajiv Gandhi International Stadium, Uppal",1,14.5,Deccan Chargers,Royal Challengers Bangalore,JP Duminy,PA Patel,HV Patel,1,0,,,,,,,,,
548376,2012,2012-05-20,"Rajiv Gandhi International Stadium, Uppal",1,14.6,Deccan Chargers,Royal Challengers Bangalore,PA Patel,JP Duminy,HV Patel,0,0,,,,,,,,,
548376,2012,2012-05-20,"Rajiv Gandhi International Stadium, Uppal",1,15.1,Deccan Chargers,Royal Challengers Bangalore,JP Duminy,PA Patel,R Vinay Kumar,1,0,,,,,,,,,
548376,2012,2012-05-20,"Rajiv Gandhi International Stadium, Uppal",1,15.2,Deccan Chargers,Royal Challengers Bangalore,PA Patel,JP Duminy,R Vinay Kumar,0,0,,,,,,,,,
548376,2012,2012-05-20,"Rajiv Gandhi International Stadium, Uppal",1,15.3,Deccan Chargers,Royal Challengers Bangalore,PA Patel,JP Duminy,R Vinay Kumar,0,1,,,,1,,,,,
548376,2012,2012-05-20,"Rajiv Gandhi International Stadium, Uppal",1,15.4,Deccan Chargers,Royal Challengers Bangalore,JP Duminy,PA Patel,R Vinay Kumar,6,0,,,,,,,,,
548376,2012,2012-05-20,"Rajiv Gandhi International Stadium, Uppal",1,15.5,Deccan Chargers,Royal Challengers Bangalore,JP Duminy,PA Patel,R Vinay Kumar,0,0,,,,,,,,,
548376,2012,2012-05-20,"Rajiv Gandhi International Stadium, Uppal",1,15.6,Deccan Chargers,Royal Challengers Bangalore,JP Duminy,PA Patel,R Vinay Kumar,1,0,,,,,,,,,
548376,2012,2012-05-20,"Rajiv Gandhi International Stadium, Uppal",1,16.1,Deccan Chargers,Royal Challengers Bangalore,JP Duminy,PA Patel,Z Khan,4,0,,,,,,,,,
548376,2012,2012-05-20,"Rajiv Gandhi International Stadium, Uppal",1,16.2,Deccan Chargers,Royal Challengers Bangalore,JP Duminy,PA Patel,Z Khan,1,0,,,,,,,,,
548376,2012,2012-05-20,"Rajiv Gandhi International Stadium, Uppal",1,16.3,Deccan Chargers,Royal Challengers Bangalore,PA Patel,JP Duminy,Z Khan,1,0,,,,,,,,,
548376,2012,2012-05-20,"Rajiv Gandhi International Stadium, Uppal",1,16.4,Deccan Chargers,Royal Challengers Bangalore,JP Duminy,PA Patel,Z Khan,6,0,,,,,,,,,
548376,2012,2012-05-20,"Rajiv Gandhi International Stadium, Uppal",1,16.5,Deccan Chargers,Royal Challengers Bangalore,JP Duminy,PA Patel,Z Khan,2,0,,,,,,,,,
548376,2012,2012-05-20,"Rajiv Gandhi International Stadium, Uppal",1,16.6,Deccan Chargers,Royal Challengers Bangalore,JP Duminy,PA Patel,Z Khan,1,0,,,,,,,,,
548376,2012,2012-05-20,"Rajiv Gandhi International Stadium, Uppal",1,17.1,Deccan Chargers,Royal Challengers Bangalore,JP Duminy,PA Patel,M Muralitharan,6,0,,,,,,,,,
548376,2012,2012-05-20,"Rajiv Gandhi International Stadium, Uppal",1,17.2,Deccan Chargers,Royal Challengers Bangalore,JP Duminy,PA Patel,M Muralitharan,6,0,,,,,,,,,
548376,2012,2012-05-20,"Rajiv Gandhi International Stadium, Uppal",1,17.3,Deccan Chargers,Royal Challengers Bangalore,JP Duminy,PA Patel,M Muralitharan,1,0,,,,,,,,,
548376,2012,2012-05-20,"Rajiv Gandhi International Stadium, Uppal",1,17.4,Deccan Chargers,Royal Challengers Bangalore,PA Patel,JP Duminy,M Muralitharan,1,0,,,,,,,,,
548376,2012,2012-05-20,"Rajiv Gandhi International Stadium, Uppal",1,17.5,Deccan Chargers,Royal Challengers Bangalore,JP Duminy,PA Patel,M Muralitharan,0,0,,,,,,,,,
548376,2012,2012-05-20,"Rajiv Gandhi International Stadium, Uppal",1,17.6,Deccan Chargers,Royal Challengers Bangalore,JP Duminy,PA Patel,M Muralitharan,6,0,,,,,,,,,
548376,2012,2012-05-20,"Rajiv Gandhi International Stadium, Uppal",1,18.1,Deccan Chargers,Royal Challengers Bangalore,PA Patel,JP Duminy,Z Khan,0,0,,,,,,,,,
548376,2012,2012-05-20,"Rajiv Gandhi International Stadium, Uppal",1,18.2,Deccan Chargers,Royal Challengers Bangalore,PA Patel,JP Duminy,Z Khan,1,0,,,,,,,,,
548376,2012,2012-05-20,"Rajiv Gandhi International Stadium, Uppal",1,18.3,Deccan Chargers,Royal Challengers Bangalore,JP Duminy,PA Patel,Z Khan,2,0,,,,,,,,,
548376,2012,2012-05-20,"Rajiv Gandhi International Stadium, Uppal",1,18.4,Deccan Chargers,Royal Challengers Bangalore,JP Duminy,PA Patel,Z Khan,0,0,,,,,,,,,
548376,2012,2012-05-20,"Rajiv Gandhi International Stadium, Uppal",1,18.5,Deccan Chargers,Royal Challengers Bangalore,JP Duminy,PA Patel,Z Khan,0,0,,,,,,caught,JP Duminy,,
548376,2012,2012-05-20,"Rajiv Gandhi International Stadium, Uppal",1,18.6,Deccan Chargers,Royal Challengers Bangalore,PA Patel,A Ashish Reddy,Z Khan,0,4,,,,4,,,,,
548376,2012,2012-05-20,"Rajiv Gandhi International Stadium, Uppal",1,19.1,Deccan Chargers,Royal Challengers Bangalore,A Ashish Reddy,PA Patel,R Vinay Kumar,2,0,,,,,,,,,
548376,2012,2012-05-20,"Rajiv Gandhi International Stadium, Uppal",1,19.2,Deccan Chargers,Royal Challengers Bangalore,A Ashish Reddy,PA Patel,R Vinay Kumar,0,1,1,,,,,,,,
548376,2012,2012-05-20,"Rajiv Gandhi International Stadium, Uppal",1,19.3,Deccan Chargers,Royal Challengers Bangalore,A Ashish Reddy,PA Patel,R Vinay Kumar,1,0,,,,,,,,,
548376,2012,2012-05-20,"Rajiv Gandhi International Stadium, Uppal",1,19.4,Deccan Chargers,Royal Challengers Bangalore,PA Patel,A Ashish Reddy,R Vinay Kumar,1,0,,,,,,,,,
548376,2012,2012-05-20,"Rajiv Gandhi International Stadium, Uppal",1,19.5,Deccan Chargers,Royal Challengers Bangalore,A Ashish Reddy,PA Patel,R Vinay Kumar,1,0,,,,,,,,,
548376,2012,2012-05-20,"Rajiv Gandhi International Stadium, Uppal",1,19.6,Deccan Chargers,Royal Challengers Bangalore,PA Patel,A Ashish Reddy,R Vinay Kumar,0,0,,,,,,caught,PA Patel,,
548376,2012,2012-05-20,"Rajiv Gandhi International Stadium, Uppal",1,19.7,Deccan Chargers,Royal Challengers Bangalore,A Ashish Reddy,DW Steyn,R Vinay Kumar,0,0,,,,,,bowled,A Ashish Reddy,,
548376,2012,2012-05-20,"Rajiv Gandhi International Stadium, Uppal",2,0.1,Royal Challengers Bangalore,Deccan Chargers,CH Gayle,TM Dilshan,DW Steyn,1,0,,,,,,,,,
548376,2012,2012-05-20,"Rajiv Gandhi International Stadium, Uppal",2,0.2,Royal Challengers Bangalore,Deccan Chargers,TM Dilshan,CH Gayle,DW Steyn,0,0,,,,,,,,,
548376,2012,2012-05-20,"Rajiv Gandhi International Stadium, Uppal",2,0.3,Royal Challengers Bangalore,Deccan Chargers,TM Dilshan,CH Gayle,DW Steyn,0,0,,,,,,,,,
548376,2012,2012-05-20,"Rajiv Gandhi International Stadium, Uppal",2,0.4,Royal Challengers Bangalore,Deccan Chargers,TM Dilshan,CH Gayle,DW Steyn,2,0,,,,,,,,,
548376,2012,2012-05-20,"Rajiv Gandhi International Stadium, Uppal",2,0.5,Royal Challengers Bangalore,Deccan Chargers,TM Dilshan,CH Gayle,DW Steyn,0,0,,,,,,,,,
548376,2012,2012-05-20,"Rajiv Gandhi International Stadium, Uppal",2,0.6,Royal Challengers Bangalore,Deccan Chargers,TM Dilshan,CH Gayle,DW Steyn,0,0,,,,,,,,,
548376,2012,2012-05-20,"Rajiv Gandhi International Stadium, Uppal",2,1.1,Royal Challengers Bangalore,Deccan Chargers,CH Gayle,TM Dilshan,MS Gony,4,0,,,,,,,,,
548376,2012,2012-05-20,"Rajiv Gandhi International Stadium, Uppal",2,1.2,Royal Challengers Bangalore,Deccan Chargers,CH Gayle,TM Dilshan,MS Gony,0,0,,,,,,,,,
548376,2012,2012-05-20,"Rajiv Gandhi International Stadium, Uppal",2,1.3,Royal Challengers Bangalore,Deccan Chargers,CH Gayle,TM Dilshan,MS Gony,4,0,,,,,,,,,
548376,2012,2012-05-20,"Rajiv Gandhi International Stadium, Uppal",2,1.4,Royal Challengers Bangalore,Deccan Chargers,CH Gayle,TM Dilshan,MS Gony,6,0,,,,,,,,,
548376,2012,2012-05-20,"Rajiv Gandhi International Stadium, Uppal",2,1.5,Royal Challengers Bangalore,Deccan Chargers,CH Gayle,TM Dilshan,MS Gony,4,0,,,,,,,,,
548376,2012,2012-05-20,"Rajiv Gandhi International Stadium, Uppal",2,1.6,Royal Challengers Bangalore,Deccan Chargers,CH Gayle,TM Dilshan,MS Gony,6,0,,,,,,,,,
548376,2012,2012-05-20,"Rajiv Gandhi International Stadium, Uppal",2,2.1,Royal Challengers Bangalore,Deccan Chargers,TM Dilshan,CH Gayle,DW Steyn,0,0,,,,,,,,,
548376,2012,2012-05-20,"Rajiv Gandhi International Stadium, Uppal",2,2.2,Royal Challengers Bangalore,Deccan Chargers,TM Dilshan,CH Gayle,DW Steyn,1,0,,,,,,,,,
548376,2012,2012-05-20,"Rajiv Gandhi International Stadium, Uppal",2,2.3,Royal Challengers Bangalore,Deccan Chargers,CH Gayle,TM Dilshan,DW Steyn,2,0,,,,,,,,,
548376,2012,2012-05-20,"Rajiv Gandhi International Stadium, Uppal",2,2.4,Royal Challengers Bangalore,Deccan Chargers,CH Gayle,TM Dilshan,DW Steyn,0,0,,,,,,,,,
548376,2012,2012-05-20,"Rajiv Gandhi International Stadium, Uppal",2,2.5,Royal Challengers Bangalore,Deccan Chargers,CH Gayle,TM Dilshan,DW Steyn,0,0,,,,,,bowled,CH Gayle,,
548376,2012,2012-05-20,"Rajiv Gandhi International Stadium, Uppal",2,2.6,Royal Challengers Bangalore,Deccan Chargers,V Kohli,TM Dilshan,DW Steyn,0,0,,,,,,,,,
548376,2012,2012-05-20,"Rajiv Gandhi International Stadium, Uppal",2,3.1,Royal Challengers Bangalore,Deccan Chargers,TM Dilshan,V Kohli,MS Gony,0,0,,,,,,,,,
548376,2012,2012-05-20,"Rajiv Gandhi International Stadium, Uppal",2,3.2,Royal Challengers Bangalore,Deccan Chargers,TM Dilshan,V Kohli,MS Gony,0,1,1,,,,,,,,
548376,2012,2012-05-20,"Rajiv Gandhi International Stadium, Uppal",2,3.3,Royal Challengers Bangalore,Deccan Chargers,TM Dilshan,V Kohli,MS Gony,1,0,,,,,,,,,
548376,2012,2012-05-20,"Rajiv Gandhi International Stadium, Uppal",2,3.4,Royal Challengers Bangalore,Deccan Chargers,V Kohli,TM Dilshan,MS Gony,4,0,,,,,,,,,
548376,2012,2012-05-20,"Rajiv Gandhi International Stadium, Uppal",2,3.5,Royal Challengers Bangalore,Deccan Chargers,V Kohli,TM Dilshan,MS Gony,0,0,,,,,,,,,
548376,2012,2012-05-20,"Rajiv Gandhi International Stadium, Uppal",2,3.6,Royal Challengers Bangalore,Deccan Chargers,V Kohli,TM Dilshan,MS Gony,0,0,,,,,,,,,
548376,2012,2012-05-20,"Rajiv Gandhi International Stadium, Uppal",2,3.7,Royal Challengers Bangalore,Deccan Chargers,V Kohli,TM Dilshan,MS Gony,0,0,,,,,,,,,
548376,2012,2012-05-20,"Rajiv Gandhi International Stadium, Uppal",2,4.1,Royal Challengers Bangalore,Deccan Chargers,TM Dilshan,V Kohli,DW Steyn,0,0,,,,,,,,,
548376,2012,2012-05-20,"Rajiv Gandhi International Stadium, Uppal",2,4.2,Royal Challengers Bangalore,Deccan Chargers,TM Dilshan,V Kohli,DW Steyn,0,0,,,,,,,,,
548376,2012,2012-05-20,"Rajiv Gandhi International Stadium, Uppal",2,4.3,Royal Challengers Bangalore,Deccan Chargers,TM Dilshan,V Kohli,DW Steyn,0,0,,,,,,lbw,TM Dilshan,,
548376,2012,2012-05-20,"Rajiv Gandhi International Stadium, Uppal",2,4.4,Royal Challengers Bangalore,Deccan Chargers,SS Tiwary,V Kohli,DW Steyn,0,0,,,,,,,,,
548376,2012,2012-05-20,"Rajiv Gandhi International Stadium, Uppal",2,4.5,Royal Challengers Bangalore,Deccan Chargers,SS Tiwary,V Kohli,DW Steyn,1,0,,,,,,,,,
548376,2012,2012-05-20,"Rajiv Gandhi International Stadium, Uppal",2,4.6,Royal Challengers Bangalore,Deccan Chargers,V Kohli,SS Tiwary,DW Steyn,0,0,,,,,,,,,
548376,2012,2012-05-20,"Rajiv Gandhi International Stadium, Uppal",2,5.1,Royal Challengers Bangalore,Deccan Chargers,SS Tiwary,V Kohli,MS Gony,0,0,,,,,,,,,
548376,2012,2012-05-20,"Rajiv Gandhi International Stadium, Uppal",2,5.2,Royal Challengers Bangalore,Deccan Chargers,SS Tiwary,V Kohli,MS Gony,1,0,,,,,,,,,
548376,2012,2012-05-20,"Rajiv Gandhi International Stadium, Uppal",2,5.3,Royal Challengers Bangalore,Deccan Chargers,V Kohli,SS Tiwary,MS Gony,2,0,,,,,,,,,
548376,2012,2012-05-20,"Rajiv Gandhi International Stadium, Uppal",2,5.4,Royal Challengers Bangalore,Deccan Chargers,V Kohli,AB de Villiers,MS Gony,0,0,,,,,,,,,
548376,2012,2012-05-20,"Rajiv Gandhi International Stadium, Uppal",2,5.5,Royal Challengers Bangalore,Deccan Chargers,V Kohli,AB de Villiers,MS Gony,0,0,,,,,,,,,
548376,2012,2012-05-20,"Rajiv Gandhi International Stadium, Uppal",2,5.6,Royal Challengers Bangalore,Deccan Chargers,V Kohli,AB de Villiers,MS Gony,0,0,,,,,,,,,
548376,2012,2012-05-20,"Rajiv Gandhi International Stadium, Uppal",2,6.1,Royal Challengers Bangalore,Deccan Chargers,AB de Villiers,V Kohli,V Pratap Singh,1,0,,,,,,,,,
548376,2012,2012-05-20,"Rajiv Gandhi International Stadium, Uppal",2,6.2,Royal Challengers Bangalore,Deccan Chargers,V Kohli,AB de Villiers,V Pratap Singh,1,0,,,,,,,,,
548376,2012,2012-05-20,"Rajiv Gandhi International Stadium, Uppal",2,6.3,Royal Challengers Bangalore,Deccan Chargers,AB de Villiers,V Kohli,V Pratap Singh,1,0,,,,,,,,,
548376,2012,2012-05-20,"Rajiv Gandhi International Stadium, Uppal",2,6.4,Royal Challengers Bangalore,Deccan Chargers,V Kohli,AB de Villiers,V Pratap Singh,1,0,,,,,,,,,
548376,2012,2012-05-20,"Rajiv Gandhi International Stadium, Uppal",2,6.5,Royal Challengers Bangalore,Deccan Chargers,AB de Villiers,V Kohli,V Pratap Singh,0,0,,,,,,,,,
548376,2012,2012-05-20,"Rajiv Gandhi International Stadium, Uppal",2,6.6,Royal Challengers Bangalore,Deccan Chargers,AB de Villiers,V Kohli,V Pratap Singh,0,0,,,,,,,,,
548376,2012,2012-05-20,"Rajiv Gandhi International Stadium, Uppal",2,7.1,Royal Challengers Bangalore,Deccan Chargers,V Kohli,AB de Villiers,A Mishra,6,0,,,,,,,,,
548376,2012,2012-05-20,"Rajiv Gandhi International Stadium, Uppal",2,7.2,Royal Challengers Bangalore,Deccan Chargers,V Kohli,AB de Villiers,A Mishra,0,0,,,,,,,,,
548376,2012,2012-05-20,"Rajiv Gandhi International Stadium, Uppal",2,7.3,Royal Challengers Bangalore,Deccan Chargers,V Kohli,AB de Villiers,A Mishra,1,0,,,,,,,,,
548376,2012,2012-05-20,"Rajiv Gandhi International Stadium, Uppal",2,7.4,Royal Challengers Bangalore,Deccan Chargers,AB de Villiers,V Kohli,A Mishra,0,0,,,,,,,,,
548376,2012,2012-05-20,"Rajiv Gandhi International Stadium, Uppal",2,7.5,Royal Challengers Bangalore,Deccan Chargers,AB de Villiers,V Kohli,A Mishra,0,0,,,,,,,,,
548376,2012,2012-05-20,"Rajiv Gandhi International Stadium, Uppal",2,7.6,Royal Challengers Bangalore,Deccan Chargers,AB de Villiers,V Kohli,A Mishra,1,0,,,,,,,,,
548376,2012,2012-05-20,"Rajiv Gandhi International Stadium, Uppal",2,8.1,Royal Challengers Bangalore,Deccan Chargers,AB de Villiers,V Kohli,V Pratap Singh,0,0,,,,,,,,,
548376,2012,2012-05-20,"Rajiv Gandhi International Stadium, Uppal",2,8.2,Royal Challengers Bangalore,Deccan Chargers,AB de Villiers,V Kohli,V Pratap Singh,0,0,,,,,,,,,
548376,2012,2012-05-20,"Rajiv Gandhi International Stadium, Uppal",2,8.3,Royal Challengers Bangalore,Deccan Chargers,AB de Villiers,V Kohli,V Pratap Singh,1,0,,,,,,,,,
548376,2012,2012-05-20,"Rajiv Gandhi International Stadium, Uppal",2,8.4,Royal Challengers Bangalore,Deccan Chargers,V Kohli,AB de Villiers,V Pratap Singh,0,0,,,,,,,,,
548376,2012,2012-05-20,"Rajiv Gandhi International Stadium, Uppal",2,8.5,Royal Challengers Bangalore,Deccan Chargers,V Kohli,AB de Villiers,V Pratap Singh,0,0,,,,,,,,,
548376,2012,2012-05-20,"Rajiv Gandhi International Stadium, Uppal",2,8.6,Royal Challengers Bangalore,Deccan Chargers,V Kohli,AB de Villiers,V Pratap Singh,1,0,,,,,,,,,
548376,2012,2012-05-20,"Rajiv Gandhi International Stadium, Uppal",2,9.1,Royal Challengers Bangalore,Deccan Chargers,V Kohli,AB de Villiers,A Mishra,1,0,,,,,,,,,
548376,2012,2012-05-20,"Rajiv Gandhi International Stadium, Uppal",2,9.2,Royal Challengers Bangalore,Deccan Chargers,AB de Villiers,V Kohli,A Mishra,0,0,,,,,,caught,AB de Villiers,,
548376,2012,2012-05-20,"Rajiv Gandhi International Stadium, Uppal",2,9.3,Royal Challengers Bangalore,Deccan Chargers,MA Agarwal,V Kohli,A Mishra,1,0,,,,,,,,,
548376,2012,2012-05-20,"Rajiv Gandhi International Stadium, Uppal",2,9.4,Royal Challengers Bangalore,Deccan Chargers,V Kohli,MA Agarwal,A Mishra,1,0,,,,,,,,,
548376,2012,2012-05-20,"Rajiv Gandhi International Stadium, Uppal",2,9.5,Royal Challengers Bangalore,Deccan Chargers,MA Agarwal,V Kohli,A Mishra,0,0,,,,,,bowled,MA Agarwal,,
548376,2012,2012-05-20,"Rajiv Gandhi International Stadium, Uppal",2,9.6,Royal Challengers Bangalore,Deccan Chargers,SS Tiwary,V Kohli,A Mishra,0,0,,,,,,,,,
548376,2012,2012-05-20,"Rajiv Gandhi International Stadium, Uppal",2,10.1,Royal Challengers Bangalore,Deccan Chargers,V Kohli,SS Tiwary,A Ashish Reddy,0,0,,,,,,,,,
548376,2012,2012-05-20,"Rajiv Gandhi International Stadium, Uppal",2,10.2,Royal Challengers Bangalore,Deccan Chargers,V Kohli,SS Tiwary,A Ashish Reddy,1,0,,,,,,,,,
548376,2012,2012-05-20,"Rajiv Gandhi International Stadium, Uppal",2,10.3,Royal Challengers Bangalore,Deccan Chargers,SS Tiwary,V Kohli,A Ashish Reddy,1,0,,,,,,,,,
548376,2012,2012-05-20,"Rajiv Gandhi International Stadium, Uppal",2,10.4,Royal Challengers Bangalore,Deccan Chargers,V Kohli,SS Tiwary,A Ashish Reddy,0,0,,,,,,,,,
548376,2012,2012-05-20,"Rajiv Gandhi International Stadium, Uppal",2,10.5,Royal Challengers Bangalore,Deccan Chargers,V Kohli,SS Tiwary,A Ashish Reddy,1,0,,,,,,,,,
548376,2012,2012-05-20,"Rajiv Gandhi International Stadium, Uppal",2,10.6,Royal Challengers Bangalore,Deccan Chargers,SS Tiwary,V Kohli,A Ashish Reddy,0,0,,,,,,,,,
548376,2012,2012-05-20,"Rajiv Gandhi International Stadium, Uppal",2,11.1,Royal Challengers Bangalore,Deccan Chargers,V Kohli,SS Tiwary,A Mishra,0,0,,,,,,,,,
548376,2012,2012-05-20,"Rajiv Gandhi International Stadium, Uppal",2,11.2,Royal Challengers Bangalore,Deccan Chargers,V Kohli,SS Tiwary,A Mishra,6,0,,,,,,,,,
548376,2012,2012-05-20,"Rajiv Gandhi International Stadium, Uppal",2,11.3,Royal Challengers Bangalore,Deccan Chargers,V Kohli,SS Tiwary,A Mishra,0,0,,,,,,,,,
548376,2012,2012-05-20,"Rajiv Gandhi International Stadium, Uppal",2,11.4,Royal Challengers Bangalore,Deccan Chargers,V Kohli,SS Tiwary,A Mishra,0,0,,,,,,,,,
548376,2012,2012-05-20,"Rajiv Gandhi International Stadium, Uppal",2,11.5,Royal Challengers Bangalore,Deccan Chargers,V Kohli,SS Tiwary,A Mishra,1,0,,,,,,,,,
548376,2012,2012-05-20,"Rajiv Gandhi International Stadium, Uppal",2,11.6,Royal Challengers Bangalore,Deccan Chargers,SS Tiwary,V Kohli,A Mishra,1,0,,,,,,,,,
548376,2012,2012-05-20,"Rajiv Gandhi International Stadium, Uppal",2,12.1,Royal Challengers Bangalore,Deccan Chargers,SS Tiwary,V Kohli,A Ashish Reddy,0,0,,,,,,,,,
548376,2012,2012-05-20,"Rajiv Gandhi International Stadium, Uppal",2,12.2,Royal Challengers Bangalore,Deccan Chargers,SS Tiwary,V Kohli,A Ashish Reddy,2,0,,,,,,,,,
548376,2012,2012-05-20,"Rajiv Gandhi International Stadium, Uppal",2,12.3,Royal Challengers Bangalore,Deccan Chargers,SS Tiwary,V Kohli,A Ashish Reddy,1,0,,,,,,,,,
548376,2012,2012-05-20,"Rajiv Gandhi International Stadium, Uppal",2,12.4,Royal Challengers Bangalore,Deccan Chargers,V Kohli,SS Tiwary,A Ashish Reddy,0,0,,,,,,,,,
548376,2012,2012-05-20,"Rajiv Gandhi International Stadium, Uppal",2,12.5,Royal Challengers Bangalore,Deccan Chargers,V Kohli,SS Tiwary,A Ashish Reddy,0,0,,,,,,,,,
548376,2012,2012-05-20,"Rajiv Gandhi International Stadium, Uppal",2,12.6,Royal Challengers Bangalore,Deccan Chargers,V Kohli,SS Tiwary,A Ashish Reddy,1,0,,,,,,,,,
548376,2012,2012-05-20,"Rajiv Gandhi International Stadium, Uppal",2,13.1,Royal Challengers Bangalore,Deccan Chargers,V Kohli,SS Tiwary,MS Gony,0,1,1,,,,,,,,
548376,2012,2012-05-20,"Rajiv Gandhi International Stadium, Uppal",2,13.2,Royal Challengers Bangalore,Deccan Chargers,V Kohli,SS Tiwary,MS Gony,1,0,,,,,,,,,
548376,2012,2012-05-20,"Rajiv Gandhi International Stadium, Uppal",2,13.3,Royal Challengers Bangalore,Deccan Chargers,SS Tiwary,V Kohli,MS Gony,0,0,,,,,,,,,
548376,2012,2012-05-20,"Rajiv Gandhi International Stadium, Uppal",2,13.4,Royal Challengers Bangalore,Deccan Chargers,SS Tiwary,V Kohli,MS Gony,0,0,,,,,,,,,
548376,2012,2012-05-20,"Rajiv Gandhi International Stadium, Uppal",2,13.5,Royal Challengers Bangalore,Deccan Chargers,SS Tiwary,V Kohli,MS Gony,1,0,,,,,,,,,
548376,2012,2012-05-20,"Rajiv Gandhi International Stadium, Uppal",2,13.6,Royal Challengers Bangalore,Deccan Chargers,V Kohli,SS Tiwary,MS Gony,1,0,,,,,,,,,
548376,2012,2012-05-20,"Rajiv Gandhi International Stadium, Uppal",2,13.7,Royal Challengers Bangalore,Deccan Chargers,SS Tiwary,V Kohli,MS Gony,1,0,,,,,,,,,
548376,2012,2012-05-20,"Rajiv Gandhi International Stadium, Uppal",2,14.1,Royal Challengers Bangalore,Deccan Chargers,SS Tiwary,V Kohli,V Pratap Singh,4,0,,,,,,,,,
548376,2012,2012-05-20,"Rajiv Gandhi International Stadium, Uppal",2,14.2,Royal Challengers Bangalore,Deccan Chargers,SS Tiwary,V Kohli,V Pratap Singh,1,0,,,,,,,,,
548376,2012,2012-05-20,"Rajiv Gandhi International Stadium, Uppal",2,14.3,Royal Challengers Bangalore,Deccan Chargers,V Kohli,SS Tiwary,V Pratap Singh,0,0,,,,,,,,,
548376,2012,2012-05-20,"Rajiv Gandhi International Stadium, Uppal",2,14.4,Royal Challengers Bangalore,Deccan Chargers,V Kohli,SS Tiwary,V Pratap Singh,1,0,,,,,,,,,
548376,2012,2012-05-20,"Rajiv Gandhi International Stadium, Uppal",2,14.5,Royal Challengers Bangalore,Deccan Chargers,SS Tiwary,V Kohli,V Pratap Singh,6,0,,,,,,,,,
548376,2012,2012-05-20,"Rajiv Gandhi International Stadium, Uppal",2,14.6,Royal Challengers Bangalore,Deccan Chargers,SS Tiwary,V Kohli,V Pratap Singh,0,0,,,,,,,,,
548376,2012,2012-05-20,"Rajiv Gandhi International Stadium, Uppal",2,15.1,Royal Challengers Bangalore,Deccan Chargers,V Kohli,SS Tiwary,A Ashish Reddy,4,0,,,,,,,,,
548376,2012,2012-05-20,"Rajiv Gandhi International Stadium, Uppal",2,15.2,Royal Challengers Bangalore,Deccan Chargers,V Kohli,SS Tiwary,A Ashish Reddy,1,0,,,,,,,,,
548376,2012,2012-05-20,"Rajiv Gandhi International Stadium, Uppal",2,15.3,Royal Challengers Bangalore,Deccan Chargers,SS Tiwary,V Kohli,A Ashish Reddy,2,0,,,,,,,,,
548376,2012,2012-05-20,"Rajiv Gandhi International Stadium, Uppal",2,15.4,Royal Challengers Bangalore,Deccan Chargers,SS Tiwary,V Kohli,A Ashish Reddy,1,0,,,,,,,,,
548376,2012,2012-05-20,"Rajiv Gandhi International Stadium, Uppal",2,15.5,Royal Challengers Bangalore,Deccan Chargers,V Kohli,SS Tiwary,A Ashish Reddy,6,0,,,,,,,,,
548376,2012,2012-05-20,"Rajiv Gandhi International Stadium, Uppal",2,15.6,Royal Challengers Bangalore,Deccan Chargers,V Kohli,SS Tiwary,A Ashish Reddy,0,0,,,,,,caught,V Kohli,,
548376,2012,2012-05-20,"Rajiv Gandhi International Stadium, Uppal",2,16.1,Royal Challengers Bangalore,Deccan Chargers,SS Tiwary,Z Khan,DW Steyn,1,0,,,,,,,,,
548376,2012,2012-05-20,"Rajiv Gandhi International Stadium, Uppal",2,16.2,Royal Challengers Bangalore,Deccan Chargers,Z Khan,SS Tiwary,DW Steyn,0,0,,,,,,,,,
548376,2012,2012-05-20,"Rajiv Gandhi International Stadium, Uppal",2,16.3,Royal Challengers Bangalore,Deccan Chargers,Z Khan,SS Tiwary,DW Steyn,0,0,,,,,,,,,
548376,2012,2012-05-20,"Rajiv Gandhi International Stadium, Uppal",2,16.4,Royal Challengers Bangalore,Deccan Chargers,Z Khan,SS Tiwary,DW Steyn,0,0,,,,,,,,,
548376,2012,2012-05-20,"Rajiv Gandhi International Stadium, Uppal",2,16.5,Royal Challengers Bangalore,Deccan Chargers,Z Khan,SS Tiwary,DW Steyn,0,0,,,,,,bowled,Z Khan,,
548376,2012,2012-05-20,"Rajiv Gandhi International Stadium, Uppal",2,16.6,Royal Challengers Bangalore,Deccan Chargers,R Vinay Kumar,SS Tiwary,DW Steyn,0,0,,,,,,,,,
548376,2012,2012-05-20,"Rajiv Gandhi International Stadium, Uppal",2,17.1,Royal Challengers Bangalore,Deccan Chargers,SS Tiwary,R Vinay Kumar,A Mishra,1,0,,,,,,,,,
548376,2012,2012-05-20,"Rajiv Gandhi International Stadium, Uppal",2,17.2,Royal Challengers Bangalore,Deccan Chargers,R Vinay Kumar,SS Tiwary,A Mishra,1,0,,,,,,,,,
548376,2012,2012-05-20,"Rajiv Gandhi International Stadium, Uppal",2,17.3,Royal Challengers Bangalore,Deccan Chargers,SS Tiwary,R Vinay Kumar,A Mishra,2,0,,,,,,,,,
548376,2012,2012-05-20,"Rajiv Gandhi International Stadium, Uppal",2,17.4,Royal Challengers Bangalore,Deccan Chargers,SS Tiwary,R Vinay Kumar,A Mishra,2,0,,,,,,,,,
548376,2012,2012-05-20,"Rajiv Gandhi International Stadium, Uppal",2,17.5,Royal Challengers Bangalore,Deccan Chargers,SS Tiwary,R Vinay Kumar,A Mishra,1,0,,,,,,,,,
548376,2012,2012-05-20,"Rajiv Gandhi International Stadium, Uppal",2,17.6,Royal Challengers Bangalore,Deccan Chargers,R Vinay Kumar,SS Tiwary,A Mishra,0,0,,,,,,,,,
548376,2012,2012-05-20,"Rajiv Gandhi International Stadium, Uppal",2,18.1,Royal Challengers Bangalore,Deccan Chargers,SS Tiwary,R Vinay Kumar,V Pratap Singh,0,0,,,,,,caught,SS Tiwary,,
548376,2012,2012-05-20,"Rajiv Gandhi International Stadium, Uppal",2,18.2,Royal Challengers Bangalore,Deccan Chargers,R Vinay Kumar,HV Patel,V Pratap Singh,1,0,,,,,,,,,
548376,2012,2012-05-20,"Rajiv Gandhi International Stadium, Uppal",2,18.3,Royal Challengers Bangalore,Deccan Chargers,HV Patel,R Vinay Kumar,V Pratap Singh,1,0,,,,,,,,,
548376,2012,2012-05-20,"Rajiv Gandhi International Stadium, Uppal",2,18.4,Royal Challengers Bangalore,Deccan Chargers,R Vinay Kumar,HV Patel,V Pratap Singh,4,0,,,,,,,,,
548376,2012,2012-05-20,"Rajiv Gandhi International Stadium, Uppal",2,18.5,Royal Challengers Bangalore,Deccan Chargers,R Vinay Kumar,HV Patel,V Pratap Singh,1,0,,,,,,,,,
548376,2012,2012-05-20,"Rajiv Gandhi International Stadium, Uppal",2,18.6,Royal Challengers Bangalore,Deccan Chargers,HV Patel,R Vinay Kumar,V Pratap Singh,1,0,,,,,,,,,
548376,2012,2012-05-20,"Rajiv Gandhi International Stadium, Uppal",2,19.1,Royal Challengers Bangalore,Deccan Chargers,HV Patel,R Vinay Kumar,A Ashish Reddy,1,0,,,,,,,,,
548376,2012,2012-05-20,"Rajiv Gandhi International Stadium, Uppal",2,19.2,Royal Challengers Bangalore,Deccan Chargers,R Vinay Kumar,HV Patel,A Ashish Reddy,0,0,,,,,,caught,R Vinay Kumar,,
548376,2012,2012-05-20,"Rajiv Gandhi International Stadium, Uppal",2,19.3,Royal Challengers Bangalore,Deccan Chargers,HV Patel,M Muralitharan,A Ashish Reddy,1,0,,,,,,,,,
548376,2012,2012-05-20,"Rajiv Gandhi International Stadium, Uppal",2,19.4,Royal Challengers Bangalore,Deccan Chargers,M Muralitharan,HV Patel,A Ashish Reddy,0,0,,,,,,caught,M Muralitharan,,
548376,2012,2012-05-20,"Rajiv Gandhi International Stadium, Uppal",2,19.5,Royal Challengers Bangalore,Deccan Chargers,HV Patel,P Parameswaran,A Ashish Reddy,1,0,,,,,,,,,
548376,2012,2012-05-20,"Rajiv Gandhi International Stadium, Uppal",2,19.6,Royal Challengers Bangalore,Deccan Chargers,P Parameswaran,HV Patel,A Ashish Reddy,0,1,1,,,,,,,,
548376,2012,2012-05-20,"Rajiv Gandhi International Stadium, Uppal",2,19.7,Royal Challengers Bangalore,Deccan Chargers,P Parameswaran,HV Patel,A Ashish Reddy,0,0,,,,,,,,,
