match_id,season,start_date,venue,innings,ball,batting_team,bowling_team,striker,non_striker,bowler,runs_off_bat,extras,wides,noballs,byes,legbyes,penalty,wicket_type,player_dismissed,other_wicket_type,other_player_dismissed
548379,2012,2012-05-23,M Chinnaswamy Stadium,1,0.1,Chennai Super Kings,Mumbai Indians,M Vijay,MEK Hussey,Harbhajan Singh,0,0,,,,,,,,,
548379,2012,2012-05-23,M Chinnaswamy Stadium,1,0.2,Chennai Super Kings,Mumbai Indians,M Vijay,MEK Hussey,Harbhajan Singh,0,0,,,,,,,,,
548379,2012,2012-05-23,M Chinnaswamy Stadium,1,0.3,Chennai Super Kings,Mumbai Indians,M Vijay,MEK Hussey,Harbhajan Singh,0,0,,,,,,,,,
548379,2012,2012-05-23,M Chinnaswamy Stadium,1,0.4,Chennai Super Kings,Mumbai Indians,M Vijay,MEK Hussey,Harbhajan Singh,1,0,,,,,,,,,
548379,2012,2012-05-23,M Chinnaswamy Stadium,1,0.5,Chennai Super Kings,Mumbai Indians,MEK Hussey,M Vijay,Harbhajan Singh,0,0,,,,,,,,,
548379,2012,2012-05-23,M Chinnaswamy Stadium,1,0.6,Chennai Super Kings,Mumbai Indians,MEK Hussey,M Vijay,Harbhajan Singh,0,0,,,,,,,,,
548379,2012,2012-05-23,M Chinnaswamy Stadium,1,1.1,Chennai Super Kings,Mumbai Indians,M Vijay,MEK Hussey,DS Kulkarni,0,0,,,,,,caught,M Vijay,,
548379,2012,2012-05-23,M Chinnaswamy Stadium,1,1.2,Chennai Super Kings,Mumbai Indians,SK Raina,MEK Hussey,DS Kulkarni,0,0,,,,,,bowled,SK Raina,,
548379,2012,2012-05-23,M Chinnaswamy Stadium,1,1.3,Chennai Super Kings,Mumbai Indians,S Badrinath,MEK Hussey,DS Kulkarni,0,1,1,,,,,,,,
548379,2012,2012-05-23,M Chinnaswamy Stadium,1,1.4,Chennai Super Kings,Mumbai Indians,S Badrinath,MEK Hussey,DS Kulkarni,0,0,,,,,,,,,
548379,2012,2012-05-23,M Chinnaswamy Stadium,1,1.5,Chennai Super Kings,Mumbai Indians,S Badrinath,MEK Hussey,DS Kulkarni,0,0,,,,,,,,,
548379,2012,2012-05-23,M Chinnaswamy Stadium,1,1.6,Chennai Super Kings,Mumbai Indians,S Badrinath,MEK Hussey,DS Kulkarni,0,0,,,,,,,,,
548379,2012,2012-05-23,M Chinnaswamy Stadium,1,1.7,Chennai Super Kings,Mumbai Indians,S Badrinath,MEK Hussey,DS Kulkarni,2,0,,,,,,,,,
548379,2012,2012-05-23,M Chinnaswamy Stadium,1,2.1,Chennai Super Kings,Mumbai Indians,MEK Hussey,S Badrinath,Harbhajan Singh,0,0,,,,,,,,,
548379,2012,2012-05-23,M Chinnaswamy Stadium,1,2.2,Chennai Super Kings,Mumbai Indians,MEK Hussey,S Badrinath,Harbhajan Singh,0,0,,,,,,,,,
548379,2012,2012-05-23,M Chinnaswamy Stadium,1,2.3,Chennai Super Kings,Mumbai Indians,MEK Hussey,S Badrinath,Harbhajan Singh,0,0,,,,,,,,,
548379,2012,2012-05-23,M Chinnaswamy Stadium,1,2.4,Chennai Super Kings,Mumbai Indians,MEK Hussey,S Badrinath,Harbhajan Singh,0,0,,,,,,,,,
548379,2012,2012-05-23,M Chinnaswamy Stadium,1,2.5,Chennai Super Kings,Mumbai Indians,MEK Hussey,S Badrinath,Harbhajan Singh,0,0,,,,,,,,,
548379,2012,2012-05-23,M Chinnaswamy Stadium,1,2.6,Chennai Super Kings,Mumbai Indians,MEK Hussey,S Badrinath,Harbhajan Singh,0,0,,,,,,,,,
548379,2012,2012-05-23,M Chinnaswamy Stadium,1,3.1,Chennai Super Kings,Mumbai Indians,S Badrinath,MEK Hussey,DS Kulkarni,4,0,,,,,,,,,
548379,2012,2012-05-23,M Chinnaswamy Stadium,1,3.2,Chennai Super Kings,Mumbai Indians,S Badrinath,MEK Hussey,DS Kulkarni,0,0,,,,,,,,,
548379,2012,2012-05-23,M Chinnaswamy Stadium,1,3.3,Chennai Super Kings,Mumbai Indians,S Badrinath,MEK Hussey,DS Kulkarni,4,0,,,,,,,,,
548379,2012,2012-05-23,M Chinnaswamy Stadium,1,3.4,Chennai Super Kings,Mumbai Indians,S Badrinath,MEK Hussey,DS Kulkarni,0,0,,,,,,,,,
548379,2012,2012-05-23,M Chinnaswamy Stadium,1,3.5,Chennai Super Kings,Mumbai Indians,S Badrinath,MEK Hussey,DS Kulkarni,1,0,,,,,,,,,
548379,2012,2012-05-23,M Chinnaswamy Stadium,1,3.6,Chennai Super Kings,Mumbai Indians,MEK Hussey,S Badrinath,DS Kulkarni,1,0,,,,,,,,,
548379,2012,2012-05-23,M Chinnaswamy Stadium,1,4.1,Chennai Super Kings,Mumbai Indians,MEK Hussey,S Badrinath,RP Singh,4,0,,,,,,,,,
548379,2012,2012-05-23,M Chinnaswamy Stadium,1,4.2,Chennai Super Kings,Mumbai Indians,MEK Hussey,S Badrinath,RP Singh,0,0,,,,,,,,,
548379,2012,2012-05-23,M Chinnaswamy Stadium,1,4.3,Chennai Super Kings,Mumbai Indians,MEK Hussey,S Badrinath,RP Singh,0,0,,,,,,,,,
548379,2012,2012-05-23,M Chinnaswamy Stadium,1,4.4,Chennai Super Kings,Mumbai Indians,MEK Hussey,S Badrinath,RP Singh,4,0,,,,,,,,,
548379,2012,2012-05-23,M Chinnaswamy Stadium,1,4.5,Chennai Super Kings,Mumbai Indians,MEK Hussey,S Badrinath,RP Singh,0,0,,,,,,,,,
548379,2012,2012-05-23,M Chinnaswamy Stadium,1,4.6,Chennai Super Kings,Mumbai Indians,MEK Hussey,S Badrinath,RP Singh,0,0,,,,,,,,,
548379,2012,2012-05-23,M Chinnaswamy Stadium,1,5.1,Chennai Super Kings,Mumbai Indians,S Badrinath,MEK Hussey,SL Malinga,0,0,,,,,,,,,
548379,2012,2012-05-23,M Chinnaswamy Stadium,1,5.2,Chennai Super Kings,Mumbai Indians,S Badrinath,MEK Hussey,SL Malinga,1,0,,,,,,,,,
548379,2012,2012-05-23,M Chinnaswamy Stadium,1,5.3,Chennai Super Kings,Mumbai Indians,MEK Hussey,S Badrinath,SL Malinga,4,0,,,,,,,,,
548379,2012,2012-05-23,M Chinnaswamy Stadium,1,5.4,Chennai Super Kings,Mumbai Indians,MEK Hussey,S Badrinath,SL Malinga,1,0,,,,,,,,,
548379,2012,2012-05-23,M Chinnaswamy Stadium,1,5.5,Chennai Super Kings,Mumbai Indians,S Badrinath,MEK Hussey,SL Malinga,1,0,,,,,,,,,
548379,2012,2012-05-23,M Chinnaswamy Stadium,1,5.6,Chennai Super Kings,Mumbai Indians,MEK Hussey,S Badrinath,SL Malinga,1,0,,,,,,,,,
548379,2012,2012-05-23,M Chinnaswamy Stadium,1,6.1,Chennai Super Kings,Mumbai Indians,MEK Hussey,S Badrinath,RP Singh,0,0,,,,,,,,,
548379,2012,2012-05-23,M Chinnaswamy Stadium,1,6.2,Chennai Super Kings,Mumbai Indians,MEK Hussey,S Badrinath,RP Singh,1,0,,,,,,,,,
548379,2012,2012-05-23,M Chinnaswamy Stadium,1,6.3,Chennai Super Kings,Mumbai Indians,S Badrinath,MEK Hussey,RP Singh,0,0,,,,,,,,,
548379,2012,2012-05-23,M Chinnaswamy Stadium,1,6.4,Chennai Super Kings,Mumbai Indians,S Badrinath,MEK Hussey,RP Singh,4,0,,,,,,,,,
548379,2012,2012-05-23,M Chinnaswamy Stadium,1,6.5,Chennai Super Kings,Mumbai Indians,S Badrinath,MEK Hussey,RP Singh,0,0,,,,,,,,,
548379,2012,2012-05-23,M Chinnaswamy Stadium,1,6.6,Chennai Super Kings,Mumbai Indians,S Badrinath,MEK Hussey,RP Singh,1,0,,,,,,,,,
548379,2012,2012-05-23,M Chinnaswamy Stadium,1,7.1,Chennai Super Kings,Mumbai Indians,S Badrinath,MEK Hussey,KA Pollard,2,0,,,,,,,,,
548379,2012,2012-05-23,M Chinnaswamy Stadium,1,7.2,Chennai Super Kings,Mumbai Indians,S Badrinath,MEK Hussey,KA Pollard,1,0,,,,,,,,,
548379,2012,2012-05-23,M Chinnaswamy Stadium,1,7.3,Chennai Super Kings,Mumbai Indians,MEK Hussey,S Badrinath,KA Pollard,0,0,,,,,,,,,
548379,2012,2012-05-23,M Chinnaswamy Stadium,1,7.4,Chennai Super Kings,Mumbai Indians,MEK Hussey,S Badrinath,KA Pollard,1,0,,,,,,,,,
548379,2012,2012-05-23,M Chinnaswamy Stadium,1,7.5,Chennai Super Kings,Mumbai Indians,S Badrinath,MEK Hussey,KA Pollard,0,1,,,,1,,,,,
548379,2012,2012-05-23,M Chinnaswamy Stadium,1,7.6,Chennai Super Kings,Mumbai Indians,MEK Hussey,S Badrinath,KA Pollard,0,0,,,,,,,,,
548379,2012,2012-05-23,M Chinnaswamy Stadium,1,8.1,Chennai Super Kings,Mumbai Indians,S Badrinath,MEK Hussey,DR Smith,0,0,,,,,,,,,
548379,2012,2012-05-23,M Chinnaswamy Stadium,1,8.2,Chennai Super Kings,Mumbai Indians,S Badrinath,MEK Hussey,DR Smith,2,0,,,,,,,,,
548379,2012,2012-05-23,M Chinnaswamy Stadium,1,8.3,Chennai Super Kings,Mumbai Indians,S Badrinath,MEK Hussey,DR Smith,0,0,,,,,,,,,
548379,2012,2012-05-23,M Chinnaswamy Stadium,1,8.4,Chennai Super Kings,Mumbai Indians,S Badrinath,MEK Hussey,DR Smith,0,0,,,,,,,,,
548379,2012,2012-05-23,M Chinnaswamy Stadium,1,8.5,Chennai Super Kings,Mumbai Indians,S Badrinath,MEK Hussey,DR Smith,4,0,,,,,,,,,
548379,2012,2012-05-23,M Chinnaswamy Stadium,1,8.6,Chennai Super Kings,Mumbai Indians,S Badrinath,MEK Hussey,DR Smith,0,0,,,,,,,,,
548379,2012,2012-05-23,M Chinnaswamy Stadium,1,9.1,Chennai Super Kings,Mumbai Indians,MEK Hussey,S Badrinath,KA Pollard,4,0,,,,,,,,,
548379,2012,2012-05-23,M Chinnaswamy Stadium,1,9.2,Chennai Super Kings,Mumbai Indians,MEK Hussey,S Badrinath,KA Pollard,1,0,,,,,,,,,
548379,2012,2012-05-23,M Chinnaswamy Stadium,1,9.3,Chennai Super Kings,Mumbai Indians,S Badrinath,MEK Hussey,KA Pollard,0,0,,,,,,,,,
548379,2012,2012-05-23,M Chinnaswamy Stadium,1,9.4,Chennai Super Kings,Mumbai Indians,S Badrinath,MEK Hussey,KA Pollard,4,0,,,,,,,,,
548379,2012,2012-05-23,M Chinnaswamy Stadium,1,9.5,Chennai Super Kings,Mumbai Indians,S Badrinath,MEK Hussey,KA Pollard,4,0,,,,,,,,,
548379,2012,2012-05-23,M Chinnaswamy Stadium,1,9.6,Chennai Super Kings,Mumbai Indians,S Badrinath,MEK Hussey,KA Pollard,1,0,,,,,,,,,
548379,2012,2012-05-23,M Chinnaswamy Stadium,1,10.1,Chennai Super Kings,Mumbai Indians,S Badrinath,MEK Hussey,Harbhajan Singh,1,0,,,,,,,,,
548379,2012,2012-05-23,M Chinnaswamy Stadium,1,10.2,Chennai Super Kings,Mumbai Indians,MEK Hussey,S Badrinath,Harbhajan Singh,1,0,,,,,,,,,
548379,2012,2012-05-23,M Chinnaswamy Stadium,1,10.3,Chennai Super Kings,Mumbai Indians,S Badrinath,MEK Hussey,Harbhajan Singh,6,0,,,,,,,,,
548379,2012,2012-05-23,M Chinnaswamy Stadium,1,10.4,Chennai Super Kings,Mumbai Indians,S Badrinath,MEK Hussey,Harbhajan Singh,1,0,,,,,,,,,
548379,2012,2012-05-23,M Chinnaswamy Stadium,1,10.5,Chennai Super Kings,Mumbai Indians,MEK Hussey,S Badrinath,Harbhajan Singh,6,0,,,,,,,,,
548379,2012,2012-05-23,M Chinnaswamy Stadium,1,10.6,Chennai Super Kings,Mumbai Indians,MEK Hussey,S Badrinath,Harbhajan Singh,4,0,,,,,,,,,
548379,2012,2012-05-23,M Chinnaswamy Stadium,1,11.1,Chennai Super Kings,Mumbai Indians,S Badrinath,MEK Hussey,SL Malinga,0,0,,,,,,,,,
548379,2012,2012-05-23,M Chinnaswamy Stadium,1,11.2,Chennai Super Kings,Mumbai Indians,S Badrinath,MEK Hussey,SL Malinga,0,0,,,,,,,,,
548379,2012,2012-05-23,M Chinnaswamy Stadium,1,11.3,Chennai Super Kings,Mumbai Indians,S Badrinath,MEK Hussey,SL Malinga,0,1,1,,,,,,,,
548379,2012,2012-05-23,M Chinnaswamy Stadium,1,11.4,Chennai Super Kings,Mumbai Indians,S Badrinath,MEK Hussey,SL Malinga,0,0,,,,,,,,,
548379,2012,2012-05-23,M Chinnaswamy Stadium,1,11.5,Chennai Super Kings,Mumbai Indians,S Badrinath,MEK Hussey,SL Malinga,1,0,,,,,,,,,
548379,2012,2012-05-23,M Chinnaswamy Stadium,1,11.6,Chennai Super Kings,Mumbai Indians,MEK Hussey,S Badrinath,SL Malinga,0,0,,,,,,,,,
548379,2012,2012-05-23,M Chinnaswamy Stadium,1,11.7,Chennai Super Kings,Mumbai Indians,MEK Hussey,S Badrinath,SL Malinga,0,0,,,,,,,,,
548379,2012,2012-05-23,M Chinnaswamy Stadium,1,12.1,Chennai Super Kings,Mumbai Indians,S Badrinath,MEK Hussey,RP Singh,1,0,,,,,,,,,
548379,2012,2012-05-23,M Chinnaswamy Stadium,1,12.2,Chennai Super Kings,Mumbai Indians,MEK Hussey,S Badrinath,RP Singh,0,1,,,,1,,,,,
548379,2012,2012-05-23,M Chinnaswamy Stadium,1,12.3,Chennai Super Kings,Mumbai Indians,S Badrinath,MEK Hussey,RP Singh,1,0,,,,,,,,,
548379,2012,2012-05-23,M Chinnaswamy Stadium,1,12.4,Chennai Super Kings,Mumbai Indians,MEK Hussey,S Badrinath,RP Singh,4,0,,,,,,,,,
548379,2012,2012-05-23,M Chinnaswamy Stadium,1,12.5,Chennai Super Kings,Mumbai Indians,MEK Hussey,S Badrinath,RP Singh,4,0,,,,,,,,,
548379,2012,2012-05-23,M Chinnaswamy Stadium,1,12.6,Chennai Super Kings,Mumbai Indians,MEK Hussey,S Badrinath,RP Singh,1,0,,,,,,,,,
548379,2012,2012-05-23,M Chinnaswamy Stadium,1,13.1,Chennai Super Kings,Mumbai Indians,MEK Hussey,S Badrinath,KA Pollard,1,0,,,,,,,,,
548379,2012,2012-05-23,M Chinnaswamy Stadium,1,13.2,Chennai Super Kings,Mumbai Indians,S Badrinath,MEK Hussey,KA Pollard,0,0,,,,,,caught,S Badrinath,,
548379,2012,2012-05-23,M Chinnaswamy Stadium,1,13.3,Chennai Super Kings,Mumbai Indians,MEK Hussey,MS Dhoni,KA Pollard,1,0,,,,,,,,,
548379,2012,2012-05-23,M Chinnaswamy Stadium,1,13.4,Chennai Super Kings,Mumbai Indians,MS Dhoni,MEK Hussey,KA Pollard,4,0,,,,,,,,,
548379,2012,2012-05-23,M Chinnaswamy Stadium,1,13.5,Chennai Super Kings,Mumbai Indians,MS Dhoni,MEK Hussey,KA Pollard,1,0,,,,,,,,,
548379,2012,2012-05-23,M Chinnaswamy Stadium,1,13.6,Chennai Super Kings,Mumbai Indians,MEK Hussey,MS Dhoni,KA Pollard,1,0,,,,,,,,,
548379,2012,2012-05-23,M Chinnaswamy Stadium,1,14.1,Chennai Super Kings,Mumbai Indians,MEK Hussey,MS Dhoni,JEC Franklin,4,0,,,,,,,,,
548379,2012,2012-05-23,M Chinnaswamy Stadium,1,14.2,Chennai Super Kings,Mumbai Indians,MEK Hussey,MS Dhoni,JEC Franklin,0,0,,,,,,caught,MEK Hussey,,
548379,2012,2012-05-23,M Chinnaswamy Stadium,1,14.3,Chennai Super Kings,Mumbai Indians,MS Dhoni,RA Jadeja,JEC Franklin,1,0,,,,,,,,,
548379,2012,2012-05-23,M Chinnaswamy Stadium,1,14.4,Chennai Super Kings,Mumbai Indians,RA Jadeja,MS Dhoni,JEC Franklin,1,0,,,,,,,,,
548379,2012,2012-05-23,M Chinnaswamy Stadium,1,14.5,Chennai Super Kings,Mumbai Indians,MS Dhoni,RA Jadeja,JEC Franklin,0,0,,,,,,,,,
548379,2012,2012-05-23,M Chinnaswamy Stadium,1,14.6,Chennai Super Kings,Mumbai Indians,MS Dhoni,RA Jadeja,JEC Franklin,6,0,,,,,,,,,
548379,2012,2012-05-23,M Chinnaswamy Stadium,1,15.1,Chennai Super Kings,Mumbai Indians,RA Jadeja,MS Dhoni,DS Kulkarni,0,0,,,,,,caught,RA Jadeja,,
548379,2012,2012-05-23,M Chinnaswamy Stadium,1,15.2,Chennai Super Kings,Mumbai Indians,MS Dhoni,DJ Bravo,DS Kulkarni,4,0,,,,,,,,,
548379,2012,2012-05-23,M Chinnaswamy Stadium,1,15.3,Chennai Super Kings,Mumbai Indians,MS Dhoni,DJ Bravo,DS Kulkarni,4,0,,,,,,,,,
548379,2012,2012-05-23,M Chinnaswamy Stadium,1,15.4,Chennai Super Kings,Mumbai Indians,MS Dhoni,DJ Bravo,DS Kulkarni,4,0,,,,,,,,,
548379,2012,2012-05-23,M Chinnaswamy Stadium,1,15.5,Chennai Super Kings,Mumbai Indians,MS Dhoni,DJ Bravo,DS Kulkarni,1,0,,,,,,,,,
548379,2012,2012-05-23,M Chinnaswamy Stadium,1,15.6,Chennai Super Kings,Mumbai Indians,DJ Bravo,MS Dhoni,DS Kulkarni,1,0,,,,,,,,,
548379,2012,2012-05-23,M Chinnaswamy Stadium,1,16.1,Chennai Super Kings,Mumbai Indians,DJ Bravo,MS Dhoni,SL Malinga,1,0,,,,,,,,,
548379,2012,2012-05-23,M Chinnaswamy Stadium,1,16.2,Chennai Super Kings,Mumbai Indians,MS Dhoni,DJ Bravo,SL Malinga,4,0,,,,,,,,,
548379,2012,2012-05-23,M Chinnaswamy Stadium,1,16.3,Chennai Super Kings,Mumbai Indians,MS Dhoni,DJ Bravo,SL Malinga,1,0,,,,,,,,,
548379,2012,2012-05-23,M Chinnaswamy Stadium,1,16.4,Chennai Super Kings,Mumbai Indians,DJ Bravo,MS Dhoni,SL Malinga,4,0,,,,,,,,,
548379,2012,2012-05-23,M Chinnaswamy Stadium,1,16.5,Chennai Super Kings,Mumbai Indians,DJ Bravo,MS Dhoni,SL Malinga,1,0,,,,,,,,,
548379,2012,2012-05-23,M Chinnaswamy Stadium,1,16.6,Chennai Super Kings,Mumbai Indians,MS Dhoni,DJ Bravo,SL Malinga,2,0,,,,,,,,,
548379,2012,2012-05-23,M Chinnaswamy Stadium,1,17.1,Chennai Super Kings,Mumbai Indians,DJ Bravo,MS Dhoni,RP Singh,0,0,,,,,,,,,
548379,2012,2012-05-23,M Chinnaswamy Stadium,1,17.2,Chennai Super Kings,Mumbai Indians,DJ Bravo,MS Dhoni,RP Singh,1,0,,,,,,,,,
548379,2012,2012-05-23,M Chinnaswamy Stadium,1,17.3,Chennai Super Kings,Mumbai Indians,MS Dhoni,DJ Bravo,RP Singh,4,0,,,,,,,,,
548379,2012,2012-05-23,M Chinnaswamy Stadium,1,17.4,Chennai Super Kings,Mumbai Indians,MS Dhoni,DJ Bravo,RP Singh,2,0,,,,,,,,,
548379,2012,2012-05-23,M Chinnaswamy Stadium,1,17.5,Chennai Super Kings,Mumbai Indians,MS Dhoni,DJ Bravo,RP Singh,1,0,,,,,,,,,
548379,2012,2012-05-23,M Chinnaswamy Stadium,1,17.6,Chennai Super Kings,Mumbai Indians,DJ Bravo,MS Dhoni,RP Singh,1,0,,,,,,,,,
548379,2012,2012-05-23,M Chinnaswamy Stadium,1,18.1,Chennai Super Kings,Mumbai Indians,DJ Bravo,MS Dhoni,SL Malinga,2,0,,,,,,,,,
548379,2012,2012-05-23,M Chinnaswamy Stadium,1,18.2,Chennai Super Kings,Mumbai Indians,DJ Bravo,MS Dhoni,SL Malinga,4,0,,,,,,,,,
548379,2012,2012-05-23,M Chinnaswamy Stadium,1,18.3,Chennai Super Kings,Mumbai Indians,DJ Bravo,MS Dhoni,SL Malinga,1,0,,,,,,,,,
548379,2012,2012-05-23,M Chinnaswamy Stadium,1,18.4,Chennai Super Kings,Mumbai Indians,MS Dhoni,DJ Bravo,SL Malinga,6,0,,,,,,,,,
548379,2012,2012-05-23,M Chinnaswamy Stadium,1,18.5,Chennai Super Kings,Mumbai Indians,MS Dhoni,DJ Bravo,SL Malinga,1,0,,,,,,,,,
548379,2012,2012-05-23,M Chinnaswamy Stadium,1,18.6,Chennai Super Kings,Mumbai Indians,DJ Bravo,MS Dhoni,SL Malinga,4,0,,,,,,,,,
548379,2012,2012-05-23,M Chinnaswamy Stadium,1,19.1,Chennai Super Kings,Mumbai Indians,MS Dhoni,DJ Bravo,DS Kulkarni,2,0,,,,,,,,,
548379,2012,2012-05-23,M Chinnaswamy Stadium,1,19.2,Chennai Super Kings,Mumbai Indians,MS Dhoni,DJ Bravo,DS Kulkarni,1,0,,,,,,,,,
548379,2012,2012-05-23,M Chinnaswamy Stadium,1,19.3,Chennai Super Kings,Mumbai Indians,DJ Bravo,MS Dhoni,DS Kulkarni,0,1,1,,,,,,,,
548379,2012,2012-05-23,M Chinnaswamy Stadium,1,19.4,Chennai Super Kings,Mumbai Indians,DJ Bravo,MS Dhoni,DS Kulkarni,6,0,,,,,,,,,
548379,2012,2012-05-23,M Chinnaswamy Stadium,1,19.5,Chennai Super Kings,Mumbai Indians,DJ Bravo,MS Dhoni,DS Kulkarni,6,0,,,,,,,,,
548379,2012,2012-05-23,M Chinnaswamy Stadium,1,19.6,Chennai Super Kings,Mumbai Indians,DJ Bravo,MS Dhoni,DS Kulkarni,1,0,,,,,,,,,
548379,2012,2012-05-23,M Chinnaswamy Stadium,1,19.7,Chennai Super Kings,Mumbai Indians,MS Dhoni,DJ Bravo,DS Kulkarni,2,0,,,,,,,,,
548379,2012,2012-05-23,M Chinnaswamy Stadium,2,0.1,Mumbai Indians,Chennai Super Kings,SR Tendulkar,DR Smith,SB Jakati,0,0,,,,,,,,,
548379,2012,2012-05-23,M Chinnaswamy Stadium,2,0.2,Mumbai Indians,Chennai Super Kings,SR Tendulkar,DR Smith,SB Jakati,1,0,,,,,,,,,
548379,2012,2012-05-23,M Chinnaswamy Stadium,2,0.3,Mumbai Indians,Chennai Super Kings,DR Smith,SR Tendulkar,SB Jakati,0,0,,,,,,,,,
548379,2012,2012-05-23,M Chinnaswamy Stadium,2,0.4,Mumbai Indians,Chennai Super Kings,DR Smith,SR Tendulkar,SB Jakati,0,0,,,,,,,,,
548379,2012,2012-05-23,M Chinnaswamy Stadium,2,0.5,Mumbai Indians,Chennai Super Kings,DR Smith,SR Tendulkar,SB Jakati,4,0,,,,,,,,,
548379,2012,2012-05-23,M Chinnaswamy Stadium,2,0.6,Mumbai Indians,Chennai Super Kings,DR Smith,SR Tendulkar,SB Jakati,1,0,,,,,,,,,
548379,2012,2012-05-23,M Chinnaswamy Stadium,2,1.1,Mumbai Indians,Chennai Super Kings,DR Smith,SR Tendulkar,BW Hilfenhaus,0,1,1,,,,,,,,
548379,2012,2012-05-23,M Chinnaswamy Stadium,2,1.2,Mumbai Indians,Chennai Super Kings,DR Smith,SR Tendulkar,BW Hilfenhaus,4,0,,,,,,,,,
548379,2012,2012-05-23,M Chinnaswamy Stadium,2,1.3,Mumbai Indians,Chennai Super Kings,DR Smith,SR Tendulkar,BW Hilfenhaus,2,0,,,,,,,,,
548379,2012,2012-05-23,M Chinnaswamy Stadium,2,1.4,Mumbai Indians,Chennai Super Kings,DR Smith,SR Tendulkar,BW Hilfenhaus,0,0,,,,,,,,,
548379,2012,2012-05-23,M Chinnaswamy Stadium,2,1.5,Mumbai Indians,Chennai Super Kings,DR Smith,SR Tendulkar,BW Hilfenhaus,0,0,,,,,,,,,
548379,2012,2012-05-23,M Chinnaswamy Stadium,2,1.6,Mumbai Indians,Chennai Super Kings,DR Smith,SR Tendulkar,BW Hilfenhaus,0,1,1,,,,,,,,
548379,2012,2012-05-23,M Chinnaswamy Stadium,2,1.7,Mumbai Indians,Chennai Super Kings,DR Smith,SR Tendulkar,BW Hilfenhaus,0,0,,,,,,,,,
548379,2012,2012-05-23,M Chinnaswamy Stadium,2,1.8,Mumbai Indians,Chennai Super Kings,DR Smith,SR Tendulkar,BW Hilfenhaus,6,0,,,,,,,,,
548379,2012,2012-05-23,M Chinnaswamy Stadium,2,2.1,Mumbai Indians,Chennai Super Kings,SR Tendulkar,DR Smith,SB Jakati,4,0,,,,,,,,,
548379,2012,2012-05-23,M Chinnaswamy Stadium,2,2.2,Mumbai Indians,Chennai Super Kings,SR Tendulkar,DR Smith,SB Jakati,0,1,1,,,,,,,,
548379,2012,2012-05-23,M Chinnaswamy Stadium,2,2.3,Mumbai Indians,Chennai Super Kings,SR Tendulkar,DR Smith,SB Jakati,0,0,,,,,,,,,
548379,2012,2012-05-23,M Chinnaswamy Stadium,2,2.4,Mumbai Indians,Chennai Super Kings,SR Tendulkar,DR Smith,SB Jakati,1,0,,,,,,,,,
548379,2012,2012-05-23,M Chinnaswamy Stadium,2,2.5,Mumbai Indians,Chennai Super Kings,DR Smith,SR Tendulkar,SB Jakati,0,0,,,,,,,,,
548379,2012,2012-05-23,M Chinnaswamy Stadium,2,2.6,Mumbai Indians,Chennai Super Kings,DR Smith,SR Tendulkar,SB Jakati,1,0,,,,,,,,,
548379,2012,2012-05-23,M Chinnaswamy Stadium,2,2.7,Mumbai Indians,Chennai Super Kings,SR Tendulkar,DR Smith,SB Jakati,0,0,,,,,,,,,
548379,2012,2012-05-23,M Chinnaswamy Stadium,2,3.1,Mumbai Indians,Chennai Super Kings,DR Smith,SR Tendulkar,BW Hilfenhaus,4,0,,,,,,,,,
548379,2012,2012-05-23,M Chinnaswamy Stadium,2,3.2,Mumbai Indians,Chennai Super Kings,DR Smith,SR Tendulkar,BW Hilfenhaus,0,0,,,,,,,,,
548379,2012,2012-05-23,M Chinnaswamy Stadium,2,3.3,Mumbai Indians,Chennai Super Kings,DR Smith,SR Tendulkar,BW Hilfenhaus,4,0,,,,,,,,,
548379,2012,2012-05-23,M Chinnaswamy Stadium,2,3.4,Mumbai Indians,Chennai Super Kings,DR Smith,SR Tendulkar,BW Hilfenhaus,0,0,,,,,,,,,
548379,2012,2012-05-23,M Chinnaswamy Stadium,2,3.5,Mumbai Indians,Chennai Super Kings,DR Smith,SR Tendulkar,BW Hilfenhaus,6,0,,,,,,,,,
548379,2012,2012-05-23,M Chinnaswamy Stadium,2,3.6,Mumbai Indians,Chennai Super Kings,DR Smith,SR Tendulkar,BW Hilfenhaus,0,0,,,,,,,,,
548379,2012,2012-05-23,M Chinnaswamy Stadium,2,4.1,Mumbai Indians,Chennai Super Kings,SR Tendulkar,DR Smith,SB Jakati,0,0,,,,,,,,,
548379,2012,2012-05-23,M Chinnaswamy Stadium,2,4.2,Mumbai Indians,Chennai Super Kings,SR Tendulkar,DR Smith,SB Jakati,0,0,,,,,,,,,
548379,2012,2012-05-23,M Chinnaswamy Stadium,2,4.3,Mumbai Indians,Chennai Super Kings,SR Tendulkar,DR Smith,SB Jakati,4,0,,,,,,,,,
548379,2012,2012-05-23,M Chinnaswamy Stadium,2,4.4,Mumbai Indians,Chennai Super Kings,SR Tendulkar,DR Smith,SB Jakati,1,0,,,,,,,,,
548379,2012,2012-05-23,M Chinnaswamy Stadium,2,4.5,Mumbai Indians,Chennai Super Kings,DR Smith,SR Tendulkar,SB Jakati,1,0,,,,,,,,,
548379,2012,2012-05-23,M Chinnaswamy Stadium,2,4.6,Mumbai Indians,Chennai Super Kings,SR Tendulkar,DR Smith,SB Jakati,0,0,,,,,,run out,SR Tendulkar,,
548379,2012,2012-05-23,M Chinnaswamy Stadium,2,5.1,Mumbai Indians,Chennai Super Kings,RG Sharma,DR Smith,R Ashwin,0,0,,,,,,,,,
548379,2012,2012-05-23,M Chinnaswamy Stadium,2,5.2,Mumbai Indians,Chennai Super Kings,RG Sharma,DR Smith,R Ashwin,0,0,,,,,,,,,
548379,2012,2012-05-23,M Chinnaswamy Stadium,2,5.3,Mumbai Indians,Chennai Super Kings,RG Sharma,DR Smith,R Ashwin,1,0,,,,,,,,,
548379,2012,2012-05-23,M Chinnaswamy Stadium,2,5.4,Mumbai Indians,Chennai Super Kings,DR Smith,RG Sharma,R Ashwin,1,0,,,,,,,,,
548379,2012,2012-05-23,M Chinnaswamy Stadium,2,5.5,Mumbai Indians,Chennai Super Kings,RG Sharma,DR Smith,R Ashwin,1,0,,,,,,,,,
548379,2012,2012-05-23,M Chinnaswamy Stadium,2,5.6,Mumbai Indians,Chennai Super Kings,DR Smith,RG Sharma,R Ashwin,4,0,,,,,,,,,
548379,2012,2012-05-23,M Chinnaswamy Stadium,2,6.1,Mumbai Indians,Chennai Super Kings,RG Sharma,DR Smith,SB Jakati,1,0,,,,,,,,,
548379,2012,2012-05-23,M Chinnaswamy Stadium,2,6.2,Mumbai Indians,Chennai Super Kings,DR Smith,RG Sharma,SB Jakati,0,0,,,,,,caught,DR Smith,,
548379,2012,2012-05-23,M Chinnaswamy Stadium,2,6.3,Mumbai Indians,Chennai Super Kings,RG Sharma,KD Karthik,SB Jakati,0,0,,,,,,,,,
548379,2012,2012-05-23,M Chinnaswamy Stadium,2,6.4,Mumbai Indians,Chennai Super Kings,RG Sharma,KD Karthik,SB Jakati,2,0,,,,,,,,,
548379,2012,2012-05-23,M Chinnaswamy Stadium,2,6.5,Mumbai Indians,Chennai Super Kings,RG Sharma,KD Karthik,SB Jakati,2,0,,,,,,,,,
548379,2012,2012-05-23,M Chinnaswamy Stadium,2,6.6,Mumbai Indians,Chennai Super Kings,RG Sharma,KD Karthik,SB Jakati,1,0,,,,,,,,,
548379,2012,2012-05-23,M Chinnaswamy Stadium,2,7.1,Mumbai Indians,Chennai Super Kings,RG Sharma,KD Karthik,RA Jadeja,0,0,,,,,,,,,
548379,2012,2012-05-23,M Chinnaswamy Stadium,2,7.2,Mumbai Indians,Chennai Super Kings,RG Sharma,KD Karthik,RA Jadeja,1,0,,,,,,,,,
548379,2012,2012-05-23,M Chinnaswamy Stadium,2,7.3,Mumbai Indians,Chennai Super Kings,KD Karthik,RG Sharma,RA Jadeja,4,0,,,,,,,,,
548379,2012,2012-05-23,M Chinnaswamy Stadium,2,7.4,Mumbai Indians,Chennai Super Kings,KD Karthik,RG Sharma,RA Jadeja,1,0,,,,,,,,,
548379,2012,2012-05-23,M Chinnaswamy Stadium,2,7.5,Mumbai Indians,Chennai Super Kings,RG Sharma,KD Karthik,RA Jadeja,1,0,,,,,,,,,
548379,2012,2012-05-23,M Chinnaswamy Stadium,2,7.6,Mumbai Indians,Chennai Super Kings,KD Karthik,RG Sharma,RA Jadeja,1,0,,,,,,,,,
548379,2012,2012-05-23,M Chinnaswamy Stadium,2,8.1,Mumbai Indians,Chennai Super Kings,KD Karthik,RG Sharma,JA Morkel,0,0,,,,,,caught,KD Karthik,,
548379,2012,2012-05-23,M Chinnaswamy Stadium,2,8.2,Mumbai Indians,Chennai Super Kings,JEC Franklin,RG Sharma,JA Morkel,0,0,,,,,,,,,
548379,2012,2012-05-23,M Chinnaswamy Stadium,2,8.3,Mumbai Indians,Chennai Super Kings,JEC Franklin,RG Sharma,JA Morkel,1,0,,,,,,,,,
548379,2012,2012-05-23,M Chinnaswamy Stadium,2,8.4,Mumbai Indians,Chennai Super Kings,RG Sharma,JEC Franklin,JA Morkel,1,0,,,,,,,,,
548379,2012,2012-05-23,M Chinnaswamy Stadium,2,8.5,Mumbai Indians,Chennai Super Kings,JEC Franklin,RG Sharma,JA Morkel,0,1,,,,1,,,,,
548379,2012,2012-05-23,M Chinnaswamy Stadium,2,8.6,Mumbai Indians,Chennai Super Kings,RG Sharma,JEC Franklin,JA Morkel,1,0,,,,,,,,,
548379,2012,2012-05-23,M Chinnaswamy Stadium,2,9.1,Mumbai Indians,Chennai Super Kings,RG Sharma,JEC Franklin,R Ashwin,0,0,,,,,,,,,
548379,2012,2012-05-23,M Chinnaswamy Stadium,2,9.2,Mumbai Indians,Chennai Super Kings,RG Sharma,JEC Franklin,R Ashwin,1,0,,,,,,,,,
548379,2012,2012-05-23,M Chinnaswamy Stadium,2,9.3,Mumbai Indians,Chennai Super Kings,JEC Franklin,RG Sharma,R Ashwin,1,0,,,,,,,,,
548379,2012,2012-05-23,M Chinnaswamy Stadium,2,9.4,Mumbai Indians,Chennai Super Kings,RG Sharma,JEC Franklin,R Ashwin,0,1,,,,1,,,,,
548379,2012,2012-05-23,M Chinnaswamy Stadium,2,9.5,Mumbai Indians,Chennai Super Kings,JEC Franklin,RG Sharma,R Ashwin,1,0,,,,,,,,,
548379,2012,2012-05-23,M Chinnaswamy Stadium,2,9.6,Mumbai Indians,Chennai Super Kings,RG Sharma,JEC Franklin,R Ashwin,1,0,,,,,,,,,
548379,2012,2012-05-23,M Chinnaswamy Stadium,2,10.1,Mumbai Indians,Chennai Super Kings,RG Sharma,JEC Franklin,JA Morkel,0,0,,,,,,caught,RG Sharma,,
548379,2012,2012-05-23,M Chinnaswamy Stadium,2,10.2,Mumbai Indians,Chennai Super Kings,AT Rayudu,JEC Franklin,JA Morkel,2,0,,,,,,,,,
548379,2012,2012-05-23,M Chinnaswamy Stadium,2,10.3,Mumbai Indians,Chennai Super Kings,AT Rayudu,JEC Franklin,JA Morkel,4,0,,,,,,,,,
548379,2012,2012-05-23,M Chinnaswamy Stadium,2,10.4,Mumbai Indians,Chennai Super Kings,AT Rayudu,JEC Franklin,JA Morkel,0,1,,,,1,,,,,
548379,2012,2012-05-23,M Chinnaswamy Stadium,2,10.5,Mumbai Indians,Chennai Super Kings,JEC Franklin,AT Rayudu,JA Morkel,0,0,,,,,,,,,
548379,2012,2012-05-23,M Chinnaswamy Stadium,2,10.6,Mumbai Indians,Chennai Super Kings,JEC Franklin,AT Rayudu,JA Morkel,6,0,,,,,,,,,
548379,2012,2012-05-23,M Chinnaswamy Stadium,2,11.1,Mumbai Indians,Chennai Super Kings,AT Rayudu,JEC Franklin,R Ashwin,4,0,,,,,,,,,
548379,2012,2012-05-23,M Chinnaswamy Stadium,2,11.2,Mumbai Indians,Chennai Super Kings,AT Rayudu,JEC Franklin,R Ashwin,1,0,,,,,,,,,
548379,2012,2012-05-23,M Chinnaswamy Stadium,2,11.3,Mumbai Indians,Chennai Super Kings,JEC Franklin,AT Rayudu,R Ashwin,1,0,,,,,,,,,
548379,2012,2012-05-23,M Chinnaswamy Stadium,2,11.4,Mumbai Indians,Chennai Super Kings,AT Rayudu,JEC Franklin,R Ashwin,0,0,,,,,,,,,
548379,2012,2012-05-23,M Chinnaswamy Stadium,2,11.5,Mumbai Indians,Chennai Super Kings,AT Rayudu,JEC Franklin,R Ashwin,0,0,,,,,,caught,AT Rayudu,,
548379,2012,2012-05-23,M Chinnaswamy Stadium,2,11.6,Mumbai Indians,Chennai Super Kings,JEC Franklin,KA Pollard,R Ashwin,1,0,,,,,,,,,
548379,2012,2012-05-23,M Chinnaswamy Stadium,2,12.1,Mumbai Indians,Chennai Super Kings,JEC Franklin,KA Pollard,JA Morkel,1,0,,,,,,,,,
548379,2012,2012-05-23,M Chinnaswamy Stadium,2,12.2,Mumbai Indians,Chennai Super Kings,KA Pollard,JEC Franklin,JA Morkel,0,0,,,,,,,,,
548379,2012,2012-05-23,M Chinnaswamy Stadium,2,12.3,Mumbai Indians,Chennai Super Kings,KA Pollard,JEC Franklin,JA Morkel,0,0,,,,,,,,,
548379,2012,2012-05-23,M Chinnaswamy Stadium,2,12.4,Mumbai Indians,Chennai Super Kings,KA Pollard,JEC Franklin,JA Morkel,1,0,,,,,,,,,
548379,2012,2012-05-23,M Chinnaswamy Stadium,2,12.5,Mumbai Indians,Chennai Super Kings,JEC Franklin,KA Pollard,JA Morkel,1,0,,,,,,,,,
548379,2012,2012-05-23,M Chinnaswamy Stadium,2,12.6,Mumbai Indians,Chennai Super Kings,KA Pollard,JEC Franklin,JA Morkel,0,1,,,,1,,,,,
548379,2012,2012-05-23,M Chinnaswamy Stadium,2,13.1,Mumbai Indians,Chennai Super Kings,KA Pollard,JEC Franklin,DJ Bravo,1,0,,,,,,,,,
548379,2012,2012-05-23,M Chinnaswamy Stadium,2,13.2,Mumbai Indians,Chennai Super Kings,JEC Franklin,KA Pollard,DJ Bravo,0,0,,,,,,,,,
548379,2012,2012-05-23,M Chinnaswamy Stadium,2,13.3,Mumbai Indians,Chennai Super Kings,JEC Franklin,KA Pollard,DJ Bravo,0,0,,,,,,caught,JEC Franklin,,
548379,2012,2012-05-23,M Chinnaswamy Stadium,2,13.4,Mumbai Indians,Chennai Super Kings,Harbhajan Singh,KA Pollard,DJ Bravo,0,0,,,,,,,,,
548379,2012,2012-05-23,M Chinnaswamy Stadium,2,13.5,Mumbai Indians,Chennai Super Kings,Harbhajan Singh,KA Pollard,DJ Bravo,1,0,,,,,,,,,
548379,2012,2012-05-23,M Chinnaswamy Stadium,2,13.6,Mumbai Indians,Chennai Super Kings,KA Pollard,Harbhajan Singh,DJ Bravo,0,0,,,,,,,,,
548379,2012,2012-05-23,M Chinnaswamy Stadium,2,14.1,Mumbai Indians,Chennai Super Kings,Harbhajan Singh,KA Pollard,BW Hilfenhaus,0,0,,,,,,,,,
548379,2012,2012-05-23,M Chinnaswamy Stadium,2,14.2,Mumbai Indians,Chennai Super Kings,Harbhajan Singh,KA Pollard,BW Hilfenhaus,0,0,,,,,,caught,Harbhajan Singh,,
548379,2012,2012-05-23,M Chinnaswamy Stadium,2,14.3,Mumbai Indians,Chennai Super Kings,KA Pollard,SL Malinga,BW Hilfenhaus,1,0,,,,,,,,,
548379,2012,2012-05-23,M Chinnaswamy Stadium,2,14.4,Mumbai Indians,Chennai Super Kings,SL Malinga,KA Pollard,BW Hilfenhaus,0,0,,,,,,,,,
548379,2012,2012-05-23,M Chinnaswamy Stadium,2,14.5,Mumbai Indians,Chennai Super Kings,SL Malinga,KA Pollard,BW Hilfenhaus,0,1,1,,,,,,,,
548379,2012,2012-05-23,M Chinnaswamy Stadium,2,14.6,Mumbai Indians,Chennai Super Kings,SL Malinga,KA Pollard,BW Hilfenhaus,1,0,,,,,,,,,
548379,2012,2012-05-23,M Chinnaswamy Stadium,2,14.7,Mumbai Indians,Chennai Super Kings,KA Pollard,SL Malinga,BW Hilfenhaus,6,0,,,,,,,,,
548379,2012,2012-05-23,M Chinnaswamy Stadium,2,15.1,Mumbai Indians,Chennai Super Kings,SL Malinga,KA Pollard,DJ Bravo,0,0,,,,,,,,,
548379,2012,2012-05-23,M Chinnaswamy Stadium,2,15.2,Mumbai Indians,Chennai Super Kings,SL Malinga,KA Pollard,DJ Bravo,0,0,,,,,,,,,
548379,2012,2012-05-23,M Chinnaswamy Stadium,2,15.3,Mumbai Indians,Chennai Super Kings,SL Malinga,KA Pollard,DJ Bravo,0,1,,,,1,,,,,
548379,2012,2012-05-23,M Chinnaswamy Stadium,2,15.4,Mumbai Indians,Chennai Super Kings,KA Pollard,SL Malinga,DJ Bravo,0,0,,,,,,,,,
548379,2012,2012-05-23,M Chinnaswamy Stadium,2,15.5,Mumbai Indians,Chennai Super Kings,KA Pollard,SL Malinga,DJ Bravo,4,0,,,,,,,,,
548379,2012,2012-05-23,M Chinnaswamy Stadium,2,15.6,Mumbai Indians,Chennai Super Kings,KA Pollard,SL Malinga,DJ Bravo,0,0,,,,,,,,,
548379,2012,2012-05-23,M Chinnaswamy Stadium,2,16.1,Mumbai Indians,Chennai Super Kings,SL Malinga,KA Pollard,BW Hilfenhaus,1,0,,,,,,,,,
548379,2012,2012-05-23,M Chinnaswamy Stadium,2,16.2,Mumbai Indians,Chennai Super Kings,KA Pollard,SL Malinga,BW Hilfenhaus,0,0,,,,,,,,,
548379,2012,2012-05-23,M Chinnaswamy Stadium,2,16.3,Mumbai Indians,Chennai Super Kings,KA Pollard,SL Malinga,BW Hilfenhaus,0,1,,1,,,,,,,
548379,2012,2012-05-23,M Chinnaswamy Stadium,2,16.4,Mumbai Indians,Chennai Super Kings,KA Pollard,SL Malinga,BW Hilfenhaus,0,0,,,,,,,,,
548379,2012,2012-05-23,M Chinnaswamy Stadium,2,16.5,Mumbai Indians,Chennai Super Kings,KA Pollard,SL Malinga,BW Hilfenhaus,0,1,1,,,,,,,,
548379,2012,2012-05-23,M Chinnaswamy Stadium,2,16.6,Mumbai Indians,Chennai Super Kings,KA Pollard,SL Malinga,BW Hilfenhaus,1,0,,,,,,,,,
548379,2012,2012-05-23,M Chinnaswamy Stadium,2,16.7,Mumbai Indians,Chennai Super Kings,SL Malinga,KA Pollard,BW Hilfenhaus,4,0,,,,,,,,,
548379,2012,2012-05-23,M Chinnaswamy Stadium,2,16.8,Mumbai Indians,Chennai Super Kings,SL Malinga,KA Pollard,BW Hilfenhaus,0,0,,,,,,,,,
548379,2012,2012-05-23,M Chinnaswamy Stadium,2,17.1,Mumbai Indians,Chennai Super Kings,KA Pollard,SL Malinga,DJ Bravo,0,0,,,,,,,,,
548379,2012,2012-05-23,M Chinnaswamy Stadium,2,17.2,Mumbai Indians,Chennai Super Kings,KA Pollard,SL Malinga,DJ Bravo,1,0,,,,,,,,,
548379,2012,2012-05-23,M Chinnaswamy Stadium,2,17.3,Mumbai Indians,Chennai Super Kings,SL Malinga,KA Pollard,DJ Bravo,1,0,,,,,,,,,
548379,2012,2012-05-23,M Chinnaswamy Stadium,2,17.4,Mumbai Indians,Chennai Super Kings,KA Pollard,SL Malinga,DJ Bravo,1,0,,,,,,,,,
548379,2012,2012-05-23,M Chinnaswamy Stadium,2,17.5,Mumbai Indians,Chennai Super Kings,SL Malinga,KA Pollard,DJ Bravo,1,0,,,,,,,,,
548379,2012,2012-05-23,M Chinnaswamy Stadium,2,17.6,Mumbai Indians,Chennai Super Kings,KA Pollard,SL Malinga,DJ Bravo,0,0,,,,,,caught,KA Pollard,,
548379,2012,2012-05-23,M Chinnaswamy Stadium,2,18.1,Mumbai Indians,Chennai Super Kings,SL Malinga,DS Kulkarni,JA Morkel,0,0,,,,,,,,,
548379,2012,2012-05-23,M Chinnaswamy Stadium,2,18.2,Mumbai Indians,Chennai Super Kings,SL Malinga,DS Kulkarni,JA Morkel,1,0,,,,,,,,,
548379,2012,2012-05-23,M Chinnaswamy Stadium,2,18.3,Mumbai Indians,Chennai Super Kings,DS Kulkarni,SL Malinga,JA Morkel,1,0,,,,,,,,,
548379,2012,2012-05-23,M Chinnaswamy Stadium,2,18.4,Mumbai Indians,Chennai Super Kings,SL Malinga,DS Kulkarni,JA Morkel,6,0,,,,,,,,,
548379,2012,2012-05-23,M Chinnaswamy Stadium,2,18.5,Mumbai Indians,Chennai Super Kings,SL Malinga,DS Kulkarni,JA Morkel,1,0,,,,,,,,,
548379,2012,2012-05-23,M Chinnaswamy Stadium,2,18.6,Mumbai Indians,Chennai Super Kings,DS Kulkarni,SL Malinga,JA Morkel,4,0,,,,,,,,,
548379,2012,2012-05-23,M Chinnaswamy Stadium,2,19.1,Mumbai Indians,Chennai Super Kings,SL Malinga,DS Kulkarni,RA Jadeja,1,0,,,,,,,,,
548379,2012,2012-05-23,M Chinnaswamy Stadium,2,19.2,Mumbai Indians,Chennai Super Kings,DS Kulkarni,SL Malinga,RA Jadeja,4,0,,,,,,,,,
548379,2012,2012-05-23,M Chinnaswamy Stadium,2,19.3,Mumbai Indians,Chennai Super Kings,DS Kulkarni,SL Malinga,RA Jadeja,1,0,,,,,,,,,
548379,2012,2012-05-23,M Chinnaswamy Stadium,2,19.4,Mumbai Indians,Chennai Super Kings,SL Malinga,DS Kulkarni,RA Jadeja,0,0,,,,,,bowled,SL Malinga,,
548379,2012,2012-05-23,M Chinnaswamy Stadium,2,19.5,Mumbai Indians,Chennai Super Kings,RP Singh,DS Kulkarni,RA Jadeja,1,0,,,,,,,,,
548379,2012,2012-05-23,M Chinnaswamy Stadium,2,19.6,Mumbai Indians,Chennai Super Kings,DS Kulkarni,RP Singh,RA Jadeja,0,0,,,,,,,,,
