match_id,season,start_date,venue,innings,ball,batting_team,bowling_team,striker,non_striker,bowler,runs_off_bat,extras,wides,noballs,byes,legbyes,penalty,wicket_type,player_dismissed,other_wicket_type,other_player_dismissed
598005,2013,2013-04-08,Sawai Mansingh Stadium,1,0.1,Rajasthan Royals,Kolkata Knight Riders,SR Watson,AM Rahane,B Lee,0,0,,,,,,,,,
598005,2013,2013-04-08,Sawai Mansingh Stadium,1,0.2,Rajasthan Royals,Kolkata Knight Riders,SR Watson,AM Rahane,B Lee,0,0,,,,,,,,,
598005,2013,2013-04-08,Sawai Mansingh Stadium,1,0.3,Rajasthan Royals,Kolkata Knight Riders,SR Watson,AM Rahane,B Lee,0,0,,,,,,,,,
598005,2013,2013-04-08,Sawai Mansingh Stadium,1,0.4,Rajasthan Royals,Kolkata Knight Riders,SR Watson,AM Rahane,B Lee,0,1,1,,,,,,,,
598005,2013,2013-04-08,Sawai Mansingh Stadium,1,0.5,Rajasthan Royals,Kolkata Knight Riders,SR Watson,AM Rahane,B Lee,0,0,,,,,,,,,
598005,2013,2013-04-08,Sawai Mansingh Stadium,1,0.6,Rajasthan Royals,Kolkata Knight Riders,SR Watson,AM Rahane,B Lee,0,0,,,,,,,,,
598005,2013,2013-04-08,Sawai Mansingh Stadium,1,0.7,Rajasthan Royals,Kolkata Knight Riders,SR Watson,AM Rahane,B Lee,0,0,,,,,,,,,
598005,2013,2013-04-08,Sawai Mansingh Stadium,1,1.1,Rajasthan Royals,Kolkata Knight Riders,AM Rahane,SR Watson,Mohammed Shami,0,0,,,,,,,,,
598005,2013,2013-04-08,Sawai Mansingh Stadium,1,1.2,Rajasthan Royals,Kolkata Knight Riders,AM Rahane,SR Watson,Mohammed Shami,1,0,,,,,,,,,
598005,2013,2013-04-08,Sawai Mansingh Stadium,1,1.3,Rajasthan Royals,Kolkata Knight Riders,SR Watson,AM Rahane,Mohammed Shami,1,0,,,,,,,,,
598005,2013,2013-04-08,Sawai Mansingh Stadium,1,1.4,Rajasthan Royals,Kolkata Knight Riders,AM Rahane,SR Watson,Mohammed Shami,2,0,,,,,,,,,
598005,2013,2013-04-08,Sawai Mansingh Stadium,1,1.5,Rajasthan Royals,Kolkata Knight Riders,AM Rahane,SR Watson,Mohammed Shami,1,0,,,,,,,,,
598005,2013,2013-04-08,Sawai Mansingh Stadium,1,1.6,Rajasthan Royals,Kolkata Knight Riders,SR Watson,AM Rahane,Mohammed Shami,0,0,,,,,,,,,
598005,2013,2013-04-08,Sawai Mansingh Stadium,1,2.1,Rajasthan Royals,Kolkata Knight Riders,AM Rahane,SR Watson,B Lee,0,1,,,,1,,,,,
598005,2013,2013-04-08,Sawai Mansingh Stadium,1,2.2,Rajasthan Royals,Kolkata Knight Riders,SR Watson,AM Rahane,B Lee,4,0,,,,,,,,,
598005,2013,2013-04-08,Sawai Mansingh Stadium,1,2.3,Rajasthan Royals,Kolkata Knight Riders,SR Watson,AM Rahane,B Lee,0,0,,,,,,caught,SR Watson,,
598005,2013,2013-04-08,Sawai Mansingh Stadium,1,2.4,Rajasthan Royals,Kolkata Knight Riders,R Dravid,AM Rahane,B Lee,0,0,,,,,,,,,
598005,2013,2013-04-08,Sawai Mansingh Stadium,1,2.5,Rajasthan Royals,Kolkata Knight Riders,R Dravid,AM Rahane,B Lee,1,0,,,,,,,,,
598005,2013,2013-04-08,Sawai Mansingh Stadium,1,2.6,Rajasthan Royals,Kolkata Knight Riders,AM Rahane,R Dravid,B Lee,1,0,,,,,,,,,
598005,2013,2013-04-08,Sawai Mansingh Stadium,1,3.1,Rajasthan Royals,Kolkata Knight Riders,AM Rahane,R Dravid,Mohammed Shami,0,0,,,,,,,,,
598005,2013,2013-04-08,Sawai Mansingh Stadium,1,3.2,Rajasthan Royals,Kolkata Knight Riders,AM Rahane,R Dravid,Mohammed Shami,4,0,,,,,,,,,
598005,2013,2013-04-08,Sawai Mansingh Stadium,1,3.3,Rajasthan Royals,Kolkata Knight Riders,AM Rahane,R Dravid,Mohammed Shami,4,0,,,,,,,,,
598005,2013,2013-04-08,Sawai Mansingh Stadium,1,3.4,Rajasthan Royals,Kolkata Knight Riders,AM Rahane,R Dravid,Mohammed Shami,0,0,,,,,,,,,
598005,2013,2013-04-08,Sawai Mansingh Stadium,1,3.5,Rajasthan Royals,Kolkata Knight Riders,AM Rahane,R Dravid,Mohammed Shami,0,0,,,,,,,,,
598005,2013,2013-04-08,Sawai Mansingh Stadium,1,3.6,Rajasthan Royals,Kolkata Knight Riders,AM Rahane,R Dravid,Mohammed Shami,0,0,,,,,,,,,
598005,2013,2013-04-08,Sawai Mansingh Stadium,1,4.1,Rajasthan Royals,Kolkata Knight Riders,R Dravid,AM Rahane,B Lee,0,0,,,,,,,,,
598005,2013,2013-04-08,Sawai Mansingh Stadium,1,4.2,Rajasthan Royals,Kolkata Knight Riders,R Dravid,AM Rahane,B Lee,0,0,,,,,,,,,
598005,2013,2013-04-08,Sawai Mansingh Stadium,1,4.3,Rajasthan Royals,Kolkata Knight Riders,R Dravid,AM Rahane,B Lee,0,0,,,,,,,,,
598005,2013,2013-04-08,Sawai Mansingh Stadium,1,4.4,Rajasthan Royals,Kolkata Knight Riders,R Dravid,AM Rahane,B Lee,2,0,,,,,,,,,
598005,2013,2013-04-08,Sawai Mansingh Stadium,1,4.5,Rajasthan Royals,Kolkata Knight Riders,R Dravid,AM Rahane,B Lee,0,0,,,,,,,,,
598005,2013,2013-04-08,Sawai Mansingh Stadium,1,4.6,Rajasthan Royals,Kolkata Knight Riders,R Dravid,AM Rahane,B Lee,4,0,,,,,,,,,
598005,2013,2013-04-08,Sawai Mansingh Stadium,1,5.1,Rajasthan Royals,Kolkata Knight Riders,AM Rahane,R Dravid,SP Narine,1,0,,,,,,,,,
598005,2013,2013-04-08,Sawai Mansingh Stadium,1,5.2,Rajasthan Royals,Kolkata Knight Riders,R Dravid,AM Rahane,SP Narine,0,0,,,,,,,,,
598005,2013,2013-04-08,Sawai Mansingh Stadium,1,5.3,Rajasthan Royals,Kolkata Knight Riders,R Dravid,AM Rahane,SP Narine,2,0,,,,,,,,,
598005,2013,2013-04-08,Sawai Mansingh Stadium,1,5.4,Rajasthan Royals,Kolkata Knight Riders,R Dravid,AM Rahane,SP Narine,0,0,,,,,,,,,
598005,2013,2013-04-08,Sawai Mansingh Stadium,1,5.5,Rajasthan Royals,Kolkata Knight Riders,R Dravid,AM Rahane,SP Narine,1,0,,,,,,,,,
598005,2013,2013-04-08,Sawai Mansingh Stadium,1,5.6,Rajasthan Royals,Kolkata Knight Riders,AM Rahane,R Dravid,SP Narine,4,0,,,,,,,,,
598005,2013,2013-04-08,Sawai Mansingh Stadium,1,6.1,Rajasthan Royals,Kolkata Knight Riders,R Dravid,AM Rahane,JH Kallis,0,0,,,,,,,,,
598005,2013,2013-04-08,Sawai Mansingh Stadium,1,6.2,Rajasthan Royals,Kolkata Knight Riders,R Dravid,AM Rahane,JH Kallis,0,0,,,,,,,,,
598005,2013,2013-04-08,Sawai Mansingh Stadium,1,6.3,Rajasthan Royals,Kolkata Knight Riders,R Dravid,AM Rahane,JH Kallis,0,1,,,,1,,,,,
598005,2013,2013-04-08,Sawai Mansingh Stadium,1,6.4,Rajasthan Royals,Kolkata Knight Riders,AM Rahane,R Dravid,JH Kallis,1,0,,,,,,,,,
598005,2013,2013-04-08,Sawai Mansingh Stadium,1,6.5,Rajasthan Royals,Kolkata Knight Riders,R Dravid,AM Rahane,JH Kallis,4,0,,,,,,,,,
598005,2013,2013-04-08,Sawai Mansingh Stadium,1,6.6,Rajasthan Royals,Kolkata Knight Riders,R Dravid,AM Rahane,JH Kallis,1,0,,,,,,,,,
598005,2013,2013-04-08,Sawai Mansingh Stadium,1,7.1,Rajasthan Royals,Kolkata Knight Riders,R Dravid,AM Rahane,R Bhatia,1,0,,,,,,,,,
598005,2013,2013-04-08,Sawai Mansingh Stadium,1,7.2,Rajasthan Royals,Kolkata Knight Riders,AM Rahane,R Dravid,R Bhatia,1,0,,,,,,,,,
598005,2013,2013-04-08,Sawai Mansingh Stadium,1,7.3,Rajasthan Royals,Kolkata Knight Riders,R Dravid,AM Rahane,R Bhatia,1,0,,,,,,,,,
598005,2013,2013-04-08,Sawai Mansingh Stadium,1,7.4,Rajasthan Royals,Kolkata Knight Riders,AM Rahane,R Dravid,R Bhatia,1,0,,,,,,,,,
598005,2013,2013-04-08,Sawai Mansingh Stadium,1,7.5,Rajasthan Royals,Kolkata Knight Riders,R Dravid,AM Rahane,R Bhatia,0,0,,,,,,bowled,R Dravid,,
598005,2013,2013-04-08,Sawai Mansingh Stadium,1,7.6,Rajasthan Royals,Kolkata Knight Riders,STR Binny,AM Rahane,R Bhatia,0,0,,,,,,,,,
598005,2013,2013-04-08,Sawai Mansingh Stadium,1,8.1,Rajasthan Royals,Kolkata Knight Riders,AM Rahane,STR Binny,JH Kallis,1,0,,,,,,,,,
598005,2013,2013-04-08,Sawai Mansingh Stadium,1,8.2,Rajasthan Royals,Kolkata Knight Riders,STR Binny,AM Rahane,JH Kallis,0,0,,,,,,,,,
598005,2013,2013-04-08,Sawai Mansingh Stadium,1,8.3,Rajasthan Royals,Kolkata Knight Riders,STR Binny,AM Rahane,JH Kallis,1,0,,,,,,,,,
598005,2013,2013-04-08,Sawai Mansingh Stadium,1,8.4,Rajasthan Royals,Kolkata Knight Riders,AM Rahane,STR Binny,JH Kallis,1,0,,,,,,,,,
598005,2013,2013-04-08,Sawai Mansingh Stadium,1,8.5,Rajasthan Royals,Kolkata Knight Riders,STR Binny,AM Rahane,JH Kallis,0,0,,,,,,,,,
598005,2013,2013-04-08,Sawai Mansingh Stadium,1,8.6,Rajasthan Royals,Kolkata Knight Riders,STR Binny,AM Rahane,JH Kallis,4,0,,,,,,,,,
598005,2013,2013-04-08,Sawai Mansingh Stadium,1,9.1,Rajasthan Royals,Kolkata Knight Riders,AM Rahane,STR Binny,R Bhatia,1,0,,,,,,,,,
598005,2013,2013-04-08,Sawai Mansingh Stadium,1,9.2,Rajasthan Royals,Kolkata Knight Riders,STR Binny,AM Rahane,R Bhatia,4,0,,,,,,,,,
598005,2013,2013-04-08,Sawai Mansingh Stadium,1,9.3,Rajasthan Royals,Kolkata Knight Riders,STR Binny,AM Rahane,R Bhatia,0,0,,,,,,,,,
598005,2013,2013-04-08,Sawai Mansingh Stadium,1,9.4,Rajasthan Royals,Kolkata Knight Riders,STR Binny,AM Rahane,R Bhatia,4,0,,,,,,,,,
598005,2013,2013-04-08,Sawai Mansingh Stadium,1,9.5,Rajasthan Royals,Kolkata Knight Riders,STR Binny,AM Rahane,R Bhatia,0,0,,,,,,,,,
598005,2013,2013-04-08,Sawai Mansingh Stadium,1,9.6,Rajasthan Royals,Kolkata Knight Riders,STR Binny,AM Rahane,R Bhatia,1,0,,,,,,,,,
598005,2013,2013-04-08,Sawai Mansingh Stadium,1,10.1,Rajasthan Royals,Kolkata Knight Riders,STR Binny,AM Rahane,LR Shukla,0,0,,,,,,lbw,STR Binny,,
598005,2013,2013-04-08,Sawai Mansingh Stadium,1,10.2,Rajasthan Royals,Kolkata Knight Riders,BJ Hodge,AM Rahane,LR Shukla,4,0,,,,,,,,,
598005,2013,2013-04-08,Sawai Mansingh Stadium,1,10.3,Rajasthan Royals,Kolkata Knight Riders,BJ Hodge,AM Rahane,LR Shukla,0,0,,,,,,,,,
598005,2013,2013-04-08,Sawai Mansingh Stadium,1,10.4,Rajasthan Royals,Kolkata Knight Riders,BJ Hodge,AM Rahane,LR Shukla,0,0,,,,,,,,,
598005,2013,2013-04-08,Sawai Mansingh Stadium,1,10.5,Rajasthan Royals,Kolkata Knight Riders,BJ Hodge,AM Rahane,LR Shukla,0,0,,,,,,,,,
598005,2013,2013-04-08,Sawai Mansingh Stadium,1,10.6,Rajasthan Royals,Kolkata Knight Riders,BJ Hodge,AM Rahane,LR Shukla,0,0,,,,,,,,,
598005,2013,2013-04-08,Sawai Mansingh Stadium,1,11.1,Rajasthan Royals,Kolkata Knight Riders,AM Rahane,BJ Hodge,SP Narine,1,0,,,,,,,,,
598005,2013,2013-04-08,Sawai Mansingh Stadium,1,11.2,Rajasthan Royals,Kolkata Knight Riders,BJ Hodge,AM Rahane,SP Narine,0,0,,,,,,,,,
598005,2013,2013-04-08,Sawai Mansingh Stadium,1,11.3,Rajasthan Royals,Kolkata Knight Riders,BJ Hodge,AM Rahane,SP Narine,1,0,,,,,,,,,
598005,2013,2013-04-08,Sawai Mansingh Stadium,1,11.4,Rajasthan Royals,Kolkata Knight Riders,AM Rahane,BJ Hodge,SP Narine,0,0,,,,,,,,,
598005,2013,2013-04-08,Sawai Mansingh Stadium,1,11.5,Rajasthan Royals,Kolkata Knight Riders,AM Rahane,BJ Hodge,SP Narine,0,0,,,,,,,,,
598005,2013,2013-04-08,Sawai Mansingh Stadium,1,11.6,Rajasthan Royals,Kolkata Knight Riders,AM Rahane,BJ Hodge,SP Narine,0,0,,,,,,,,,
598005,2013,2013-04-08,Sawai Mansingh Stadium,1,12.1,Rajasthan Royals,Kolkata Knight Riders,BJ Hodge,AM Rahane,LR Shukla,1,0,,,,,,,,,
598005,2013,2013-04-08,Sawai Mansingh Stadium,1,12.2,Rajasthan Royals,Kolkata Knight Riders,AM Rahane,BJ Hodge,LR Shukla,1,0,,,,,,,,,
598005,2013,2013-04-08,Sawai Mansingh Stadium,1,12.3,Rajasthan Royals,Kolkata Knight Riders,BJ Hodge,AM Rahane,LR Shukla,2,0,,,,,,,,,
598005,2013,2013-04-08,Sawai Mansingh Stadium,1,12.4,Rajasthan Royals,Kolkata Knight Riders,BJ Hodge,AM Rahane,LR Shukla,4,0,,,,,,,,,
598005,2013,2013-04-08,Sawai Mansingh Stadium,1,12.5,Rajasthan Royals,Kolkata Knight Riders,BJ Hodge,AM Rahane,LR Shukla,1,0,,,,,,,,,
598005,2013,2013-04-08,Sawai Mansingh Stadium,1,12.6,Rajasthan Royals,Kolkata Knight Riders,AM Rahane,BJ Hodge,LR Shukla,1,0,,,,,,,,,
598005,2013,2013-04-08,Sawai Mansingh Stadium,1,13.1,Rajasthan Royals,Kolkata Knight Riders,AM Rahane,BJ Hodge,R Bhatia,0,0,,,,,,,,,
598005,2013,2013-04-08,Sawai Mansingh Stadium,1,13.2,Rajasthan Royals,Kolkata Knight Riders,AM Rahane,BJ Hodge,R Bhatia,1,0,,,,,,,,,
598005,2013,2013-04-08,Sawai Mansingh Stadium,1,13.3,Rajasthan Royals,Kolkata Knight Riders,BJ Hodge,AM Rahane,R Bhatia,4,0,,,,,,,,,
598005,2013,2013-04-08,Sawai Mansingh Stadium,1,13.4,Rajasthan Royals,Kolkata Knight Riders,BJ Hodge,AM Rahane,R Bhatia,1,0,,,,,,,,,
598005,2013,2013-04-08,Sawai Mansingh Stadium,1,13.5,Rajasthan Royals,Kolkata Knight Riders,AM Rahane,BJ Hodge,R Bhatia,0,0,,,,,,,,,
598005,2013,2013-04-08,Sawai Mansingh Stadium,1,13.6,Rajasthan Royals,Kolkata Knight Riders,AM Rahane,BJ Hodge,R Bhatia,1,0,,,,,,,,,
598005,2013,2013-04-08,Sawai Mansingh Stadium,1,14.1,Rajasthan Royals,Kolkata Knight Riders,AM Rahane,BJ Hodge,Mohammed Shami,6,0,,,,,,,,,
598005,2013,2013-04-08,Sawai Mansingh Stadium,1,14.2,Rajasthan Royals,Kolkata Knight Riders,AM Rahane,BJ Hodge,Mohammed Shami,0,1,,,,1,,,,,
598005,2013,2013-04-08,Sawai Mansingh Stadium,1,14.3,Rajasthan Royals,Kolkata Knight Riders,BJ Hodge,AM Rahane,Mohammed Shami,1,0,,,,,,,,,
598005,2013,2013-04-08,Sawai Mansingh Stadium,1,14.4,Rajasthan Royals,Kolkata Knight Riders,AM Rahane,BJ Hodge,Mohammed Shami,1,0,,,,,,,,,
598005,2013,2013-04-08,Sawai Mansingh Stadium,1,14.5,Rajasthan Royals,Kolkata Knight Riders,BJ Hodge,AM Rahane,Mohammed Shami,4,0,,,,,,,,,
598005,2013,2013-04-08,Sawai Mansingh Stadium,1,14.6,Rajasthan Royals,Kolkata Knight Riders,BJ Hodge,AM Rahane,Mohammed Shami,1,0,,,,,,,,,
598005,2013,2013-04-08,Sawai Mansingh Stadium,1,15.1,Rajasthan Royals,Kolkata Knight Riders,BJ Hodge,AM Rahane,SP Narine,1,0,,,,,,,,,
598005,2013,2013-04-08,Sawai Mansingh Stadium,1,15.2,Rajasthan Royals,Kolkata Knight Riders,AM Rahane,BJ Hodge,SP Narine,0,0,,,,,,caught,AM Rahane,,
598005,2013,2013-04-08,Sawai Mansingh Stadium,1,15.3,Rajasthan Royals,Kolkata Knight Riders,KK Cooper,BJ Hodge,SP Narine,0,0,,,,,,,,,
598005,2013,2013-04-08,Sawai Mansingh Stadium,1,15.4,Rajasthan Royals,Kolkata Knight Riders,KK Cooper,BJ Hodge,SP Narine,0,0,,,,,,stumped,KK Cooper,,
598005,2013,2013-04-08,Sawai Mansingh Stadium,1,15.5,Rajasthan Royals,Kolkata Knight Riders,DH Yagnik,BJ Hodge,SP Narine,0,0,,,,,,,,,
598005,2013,2013-04-08,Sawai Mansingh Stadium,1,15.6,Rajasthan Royals,Kolkata Knight Riders,DH Yagnik,BJ Hodge,SP Narine,0,0,,,,,,,,,
598005,2013,2013-04-08,Sawai Mansingh Stadium,1,16.1,Rajasthan Royals,Kolkata Knight Riders,BJ Hodge,DH Yagnik,JH Kallis,1,0,,,,,,,,,
598005,2013,2013-04-08,Sawai Mansingh Stadium,1,16.2,Rajasthan Royals,Kolkata Knight Riders,DH Yagnik,BJ Hodge,JH Kallis,1,0,,,,,,,,,
598005,2013,2013-04-08,Sawai Mansingh Stadium,1,16.3,Rajasthan Royals,Kolkata Knight Riders,BJ Hodge,DH Yagnik,JH Kallis,0,1,,,,1,,,,,
598005,2013,2013-04-08,Sawai Mansingh Stadium,1,16.4,Rajasthan Royals,Kolkata Knight Riders,DH Yagnik,BJ Hodge,JH Kallis,1,0,,,,,,,,,
598005,2013,2013-04-08,Sawai Mansingh Stadium,1,16.5,Rajasthan Royals,Kolkata Knight Riders,BJ Hodge,DH Yagnik,JH Kallis,1,0,,,,,,,,,
598005,2013,2013-04-08,Sawai Mansingh Stadium,1,16.6,Rajasthan Royals,Kolkata Knight Riders,DH Yagnik,BJ Hodge,JH Kallis,0,0,,,,,,,,,
598005,2013,2013-04-08,Sawai Mansingh Stadium,1,17.1,Rajasthan Royals,Kolkata Knight Riders,BJ Hodge,DH Yagnik,B Lee,0,0,,,,,,,,,
598005,2013,2013-04-08,Sawai Mansingh Stadium,1,17.2,Rajasthan Royals,Kolkata Knight Riders,BJ Hodge,DH Yagnik,B Lee,1,0,,,,,,,,,
598005,2013,2013-04-08,Sawai Mansingh Stadium,1,17.3,Rajasthan Royals,Kolkata Knight Riders,DH Yagnik,BJ Hodge,B Lee,2,0,,,,,,,,,
598005,2013,2013-04-08,Sawai Mansingh Stadium,1,17.4,Rajasthan Royals,Kolkata Knight Riders,DH Yagnik,BJ Hodge,B Lee,0,1,,,,1,,,,,
598005,2013,2013-04-08,Sawai Mansingh Stadium,1,17.5,Rajasthan Royals,Kolkata Knight Riders,BJ Hodge,DH Yagnik,B Lee,4,0,,,,,,,,,
598005,2013,2013-04-08,Sawai Mansingh Stadium,1,17.6,Rajasthan Royals,Kolkata Knight Riders,BJ Hodge,DH Yagnik,B Lee,0,0,,,,,,,,,
598005,2013,2013-04-08,Sawai Mansingh Stadium,1,18.1,Rajasthan Royals,Kolkata Knight Riders,DH Yagnik,BJ Hodge,SP Narine,2,0,,,,,,,,,
598005,2013,2013-04-08,Sawai Mansingh Stadium,1,18.2,Rajasthan Royals,Kolkata Knight Riders,DH Yagnik,BJ Hodge,SP Narine,0,1,,,,1,,,,,
598005,2013,2013-04-08,Sawai Mansingh Stadium,1,18.3,Rajasthan Royals,Kolkata Knight Riders,BJ Hodge,DH Yagnik,SP Narine,4,0,,,,,,,,,
598005,2013,2013-04-08,Sawai Mansingh Stadium,1,18.4,Rajasthan Royals,Kolkata Knight Riders,BJ Hodge,DH Yagnik,SP Narine,1,0,,,,,,,,,
598005,2013,2013-04-08,Sawai Mansingh Stadium,1,18.5,Rajasthan Royals,Kolkata Knight Riders,DH Yagnik,BJ Hodge,SP Narine,6,0,,,,,,,,,
598005,2013,2013-04-08,Sawai Mansingh Stadium,1,18.6,Rajasthan Royals,Kolkata Knight Riders,DH Yagnik,BJ Hodge,SP Narine,4,0,,,,,,,,,
598005,2013,2013-04-08,Sawai Mansingh Stadium,1,19.1,Rajasthan Royals,Kolkata Knight Riders,BJ Hodge,DH Yagnik,JH Kallis,4,0,,,,,,,,,
598005,2013,2013-04-08,Sawai Mansingh Stadium,1,19.2,Rajasthan Royals,Kolkata Knight Riders,BJ Hodge,DH Yagnik,JH Kallis,1,0,,,,,,run out,DH Yagnik,,
598005,2013,2013-04-08,Sawai Mansingh Stadium,1,19.3,Rajasthan Royals,Kolkata Knight Riders,S Sreesanth,BJ Hodge,JH Kallis,0,1,,,1,,,,,,
598005,2013,2013-04-08,Sawai Mansingh Stadium,1,19.4,Rajasthan Royals,Kolkata Knight Riders,BJ Hodge,S Sreesanth,JH Kallis,1,1,,1,,,,,,,
598005,2013,2013-04-08,Sawai Mansingh Stadium,1,19.5,Rajasthan Royals,Kolkata Knight Riders,S Sreesanth,BJ Hodge,JH Kallis,1,0,,,,,,,,,
598005,2013,2013-04-08,Sawai Mansingh Stadium,1,19.6,Rajasthan Royals,Kolkata Knight Riders,BJ Hodge,S Sreesanth,JH Kallis,2,0,,,,,,,,,
598005,2013,2013-04-08,Sawai Mansingh Stadium,1,19.7,Rajasthan Royals,Kolkata Knight Riders,BJ Hodge,S Sreesanth,JH Kallis,1,0,,,,,,,,,
598005,2013,2013-04-08,Sawai Mansingh Stadium,2,0.1,Kolkata Knight Riders,Rajasthan Royals,MS Bisla,G Gambhir,S Sreesanth,0,1,,,,1,,,,,
598005,2013,2013-04-08,Sawai Mansingh Stadium,2,0.2,Kolkata Knight Riders,Rajasthan Royals,G Gambhir,MS Bisla,S Sreesanth,4,0,,,,,,,,,
598005,2013,2013-04-08,Sawai Mansingh Stadium,2,0.3,Kolkata Knight Riders,Rajasthan Royals,G Gambhir,MS Bisla,S Sreesanth,0,0,,,,,,,,,
598005,2013,2013-04-08,Sawai Mansingh Stadium,2,0.4,Kolkata Knight Riders,Rajasthan Royals,G Gambhir,MS Bisla,S Sreesanth,6,0,,,,,,,,,
598005,2013,2013-04-08,Sawai Mansingh Stadium,2,0.5,Kolkata Knight Riders,Rajasthan Royals,G Gambhir,MS Bisla,S Sreesanth,2,0,,,,,,,,,
598005,2013,2013-04-08,Sawai Mansingh Stadium,2,0.6,Kolkata Knight Riders,Rajasthan Royals,G Gambhir,MS Bisla,S Sreesanth,0,1,1,,,,,,,,
598005,2013,2013-04-08,Sawai Mansingh Stadium,2,0.7,Kolkata Knight Riders,Rajasthan Royals,G Gambhir,MS Bisla,S Sreesanth,0,0,,,,,,,,,
598005,2013,2013-04-08,Sawai Mansingh Stadium,2,1.1,Kolkata Knight Riders,Rajasthan Royals,MS Bisla,G Gambhir,SW Tait,0,1,1,,,,,,,,
598005,2013,2013-04-08,Sawai Mansingh Stadium,2,1.2,Kolkata Knight Riders,Rajasthan Royals,MS Bisla,G Gambhir,SW Tait,0,1,1,,,,,,,,
598005,2013,2013-04-08,Sawai Mansingh Stadium,2,1.3,Kolkata Knight Riders,Rajasthan Royals,MS Bisla,G Gambhir,SW Tait,0,0,,,,,,,,,
598005,2013,2013-04-08,Sawai Mansingh Stadium,2,1.4,Kolkata Knight Riders,Rajasthan Royals,MS Bisla,G Gambhir,SW Tait,1,0,,,,,,,,,
598005,2013,2013-04-08,Sawai Mansingh Stadium,2,1.5,Kolkata Knight Riders,Rajasthan Royals,G Gambhir,MS Bisla,SW Tait,0,0,,,,,,,,,
598005,2013,2013-04-08,Sawai Mansingh Stadium,2,1.6,Kolkata Knight Riders,Rajasthan Royals,G Gambhir,MS Bisla,SW Tait,0,0,,,,,,,,,
598005,2013,2013-04-08,Sawai Mansingh Stadium,2,1.7,Kolkata Knight Riders,Rajasthan Royals,G Gambhir,MS Bisla,SW Tait,0,0,,,,,,,,,
598005,2013,2013-04-08,Sawai Mansingh Stadium,2,1.8,Kolkata Knight Riders,Rajasthan Royals,G Gambhir,MS Bisla,SW Tait,1,0,,,,,,,,,
598005,2013,2013-04-08,Sawai Mansingh Stadium,2,2.1,Kolkata Knight Riders,Rajasthan Royals,G Gambhir,MS Bisla,R Shukla,1,0,,,,,,,,,
598005,2013,2013-04-08,Sawai Mansingh Stadium,2,2.2,Kolkata Knight Riders,Rajasthan Royals,MS Bisla,G Gambhir,R Shukla,0,0,,,,,,bowled,MS Bisla,,
598005,2013,2013-04-08,Sawai Mansingh Stadium,2,2.3,Kolkata Knight Riders,Rajasthan Royals,JH Kallis,G Gambhir,R Shukla,0,1,1,,,,,,,,
598005,2013,2013-04-08,Sawai Mansingh Stadium,2,2.4,Kolkata Knight Riders,Rajasthan Royals,JH Kallis,G Gambhir,R Shukla,0,0,,,,,,caught,JH Kallis,,
598005,2013,2013-04-08,Sawai Mansingh Stadium,2,2.5,Kolkata Knight Riders,Rajasthan Royals,MK Tiwary,G Gambhir,R Shukla,3,0,,,,,,,,,
598005,2013,2013-04-08,Sawai Mansingh Stadium,2,2.6,Kolkata Knight Riders,Rajasthan Royals,G Gambhir,MK Tiwary,R Shukla,0,0,,,,,,,,,
598005,2013,2013-04-08,Sawai Mansingh Stadium,2,2.7,Kolkata Knight Riders,Rajasthan Royals,G Gambhir,MK Tiwary,R Shukla,0,0,,,,,,,,,
598005,2013,2013-04-08,Sawai Mansingh Stadium,2,3.1,Kolkata Knight Riders,Rajasthan Royals,MK Tiwary,G Gambhir,SW Tait,0,0,,,,,,,,,
598005,2013,2013-04-08,Sawai Mansingh Stadium,2,3.2,Kolkata Knight Riders,Rajasthan Royals,MK Tiwary,G Gambhir,SW Tait,1,0,,,,,,,,,
598005,2013,2013-04-08,Sawai Mansingh Stadium,2,3.3,Kolkata Knight Riders,Rajasthan Royals,G Gambhir,MK Tiwary,SW Tait,1,0,,,,,,,,,
598005,2013,2013-04-08,Sawai Mansingh Stadium,2,3.4,Kolkata Knight Riders,Rajasthan Royals,MK Tiwary,G Gambhir,SW Tait,0,0,,,,,,,,,
598005,2013,2013-04-08,Sawai Mansingh Stadium,2,3.5,Kolkata Knight Riders,Rajasthan Royals,MK Tiwary,G Gambhir,SW Tait,1,0,,,,,,,,,
598005,2013,2013-04-08,Sawai Mansingh Stadium,2,3.6,Kolkata Knight Riders,Rajasthan Royals,G Gambhir,MK Tiwary,SW Tait,0,0,,,,,,,,,
598005,2013,2013-04-08,Sawai Mansingh Stadium,2,4.1,Kolkata Knight Riders,Rajasthan Royals,MK Tiwary,G Gambhir,R Shukla,0,0,,,,,,,,,
598005,2013,2013-04-08,Sawai Mansingh Stadium,2,4.2,Kolkata Knight Riders,Rajasthan Royals,MK Tiwary,G Gambhir,R Shukla,2,0,,,,,,,,,
598005,2013,2013-04-08,Sawai Mansingh Stadium,2,4.3,Kolkata Knight Riders,Rajasthan Royals,MK Tiwary,G Gambhir,R Shukla,4,0,,,,,,,,,
598005,2013,2013-04-08,Sawai Mansingh Stadium,2,4.4,Kolkata Knight Riders,Rajasthan Royals,MK Tiwary,G Gambhir,R Shukla,1,0,,,,,,,,,
598005,2013,2013-04-08,Sawai Mansingh Stadium,2,4.5,Kolkata Knight Riders,Rajasthan Royals,G Gambhir,MK Tiwary,R Shukla,2,0,,,,,,,,,
598005,2013,2013-04-08,Sawai Mansingh Stadium,2,4.6,Kolkata Knight Riders,Rajasthan Royals,G Gambhir,MK Tiwary,R Shukla,1,0,,,,,,,,,
598005,2013,2013-04-08,Sawai Mansingh Stadium,2,5.1,Kolkata Knight Riders,Rajasthan Royals,G Gambhir,MK Tiwary,KK Cooper,0,0,,,,,,,,,
598005,2013,2013-04-08,Sawai Mansingh Stadium,2,5.2,Kolkata Knight Riders,Rajasthan Royals,G Gambhir,MK Tiwary,KK Cooper,1,0,,,,,,,,,
598005,2013,2013-04-08,Sawai Mansingh Stadium,2,5.3,Kolkata Knight Riders,Rajasthan Royals,MK Tiwary,G Gambhir,KK Cooper,0,0,,,,,,,,,
598005,2013,2013-04-08,Sawai Mansingh Stadium,2,5.4,Kolkata Knight Riders,Rajasthan Royals,MK Tiwary,G Gambhir,KK Cooper,1,0,,,,,,,,,
598005,2013,2013-04-08,Sawai Mansingh Stadium,2,5.5,Kolkata Knight Riders,Rajasthan Royals,G Gambhir,MK Tiwary,KK Cooper,1,0,,,,,,,,,
598005,2013,2013-04-08,Sawai Mansingh Stadium,2,5.6,Kolkata Knight Riders,Rajasthan Royals,MK Tiwary,G Gambhir,KK Cooper,1,0,,,,,,,,,
598005,2013,2013-04-08,Sawai Mansingh Stadium,2,6.1,Kolkata Knight Riders,Rajasthan Royals,MK Tiwary,G Gambhir,SK Trivedi,0,0,,,,,,lbw,MK Tiwary,,
598005,2013,2013-04-08,Sawai Mansingh Stadium,2,6.2,Kolkata Knight Riders,Rajasthan Royals,EJG Morgan,G Gambhir,SK Trivedi,1,0,,,,,,,,,
598005,2013,2013-04-08,Sawai Mansingh Stadium,2,6.3,Kolkata Knight Riders,Rajasthan Royals,G Gambhir,EJG Morgan,SK Trivedi,0,0,,,,,,,,,
598005,2013,2013-04-08,Sawai Mansingh Stadium,2,6.4,Kolkata Knight Riders,Rajasthan Royals,G Gambhir,EJG Morgan,SK Trivedi,2,0,,,,,,,,,
598005,2013,2013-04-08,Sawai Mansingh Stadium,2,6.5,Kolkata Knight Riders,Rajasthan Royals,G Gambhir,EJG Morgan,SK Trivedi,0,0,,,,,,caught,G Gambhir,,
598005,2013,2013-04-08,Sawai Mansingh Stadium,2,6.6,Kolkata Knight Riders,Rajasthan Royals,YK Pathan,EJG Morgan,SK Trivedi,0,0,,,,,,,,,
598005,2013,2013-04-08,Sawai Mansingh Stadium,2,7.1,Kolkata Knight Riders,Rajasthan Royals,EJG Morgan,YK Pathan,KK Cooper,0,0,,,,,,,,,
598005,2013,2013-04-08,Sawai Mansingh Stadium,2,7.2,Kolkata Knight Riders,Rajasthan Royals,EJG Morgan,YK Pathan,KK Cooper,1,0,,,,,,,,,
598005,2013,2013-04-08,Sawai Mansingh Stadium,2,7.3,Kolkata Knight Riders,Rajasthan Royals,YK Pathan,EJG Morgan,KK Cooper,0,0,,,,,,caught,YK Pathan,,
598005,2013,2013-04-08,Sawai Mansingh Stadium,2,7.4,Kolkata Knight Riders,Rajasthan Royals,LR Shukla,EJG Morgan,KK Cooper,0,1,1,,,,,,,,
598005,2013,2013-04-08,Sawai Mansingh Stadium,2,7.5,Kolkata Knight Riders,Rajasthan Royals,LR Shukla,EJG Morgan,KK Cooper,1,0,,,,,,,,,
598005,2013,2013-04-08,Sawai Mansingh Stadium,2,7.6,Kolkata Knight Riders,Rajasthan Royals,EJG Morgan,LR Shukla,KK Cooper,0,0,,,,,,,,,
598005,2013,2013-04-08,Sawai Mansingh Stadium,2,7.7,Kolkata Knight Riders,Rajasthan Royals,EJG Morgan,LR Shukla,KK Cooper,0,0,,,,,,,,,
598005,2013,2013-04-08,Sawai Mansingh Stadium,2,8.1,Kolkata Knight Riders,Rajasthan Royals,LR Shukla,EJG Morgan,SK Trivedi,0,0,,,,,,,,,
598005,2013,2013-04-08,Sawai Mansingh Stadium,2,8.2,Kolkata Knight Riders,Rajasthan Royals,LR Shukla,EJG Morgan,SK Trivedi,1,0,,,,,,,,,
598005,2013,2013-04-08,Sawai Mansingh Stadium,2,8.3,Kolkata Knight Riders,Rajasthan Royals,EJG Morgan,LR Shukla,SK Trivedi,2,0,,,,,,,,,
598005,2013,2013-04-08,Sawai Mansingh Stadium,2,8.4,Kolkata Knight Riders,Rajasthan Royals,EJG Morgan,LR Shukla,SK Trivedi,1,0,,,,,,,,,
598005,2013,2013-04-08,Sawai Mansingh Stadium,2,8.5,Kolkata Knight Riders,Rajasthan Royals,LR Shukla,EJG Morgan,SK Trivedi,0,0,,,,,,,,,
598005,2013,2013-04-08,Sawai Mansingh Stadium,2,8.6,Kolkata Knight Riders,Rajasthan Royals,LR Shukla,EJG Morgan,SK Trivedi,0,0,,,,,,,,,
598005,2013,2013-04-08,Sawai Mansingh Stadium,2,9.1,Kolkata Knight Riders,Rajasthan Royals,EJG Morgan,LR Shukla,S Sreesanth,0,0,,,,,,,,,
598005,2013,2013-04-08,Sawai Mansingh Stadium,2,9.2,Kolkata Knight Riders,Rajasthan Royals,EJG Morgan,LR Shukla,S Sreesanth,0,4,,,,4,,,,,
598005,2013,2013-04-08,Sawai Mansingh Stadium,2,9.3,Kolkata Knight Riders,Rajasthan Royals,EJG Morgan,LR Shukla,S Sreesanth,0,0,,,,,,,,,
598005,2013,2013-04-08,Sawai Mansingh Stadium,2,9.4,Kolkata Knight Riders,Rajasthan Royals,EJG Morgan,LR Shukla,S Sreesanth,0,0,,,,,,,,,
598005,2013,2013-04-08,Sawai Mansingh Stadium,2,9.5,Kolkata Knight Riders,Rajasthan Royals,EJG Morgan,LR Shukla,S Sreesanth,1,0,,,,,,,,,
598005,2013,2013-04-08,Sawai Mansingh Stadium,2,9.6,Kolkata Knight Riders,Rajasthan Royals,LR Shukla,EJG Morgan,S Sreesanth,0,0,,,,,,,,,
598005,2013,2013-04-08,Sawai Mansingh Stadium,2,10.1,Kolkata Knight Riders,Rajasthan Royals,EJG Morgan,LR Shukla,SK Trivedi,0,0,,,,,,,,,
598005,2013,2013-04-08,Sawai Mansingh Stadium,2,10.2,Kolkata Knight Riders,Rajasthan Royals,EJG Morgan,LR Shukla,SK Trivedi,0,0,,,,,,,,,
598005,2013,2013-04-08,Sawai Mansingh Stadium,2,10.3,Kolkata Knight Riders,Rajasthan Royals,EJG Morgan,LR Shukla,SK Trivedi,1,0,,,,,,,,,
598005,2013,2013-04-08,Sawai Mansingh Stadium,2,10.4,Kolkata Knight Riders,Rajasthan Royals,LR Shukla,EJG Morgan,SK Trivedi,0,0,,,,,,,,,
598005,2013,2013-04-08,Sawai Mansingh Stadium,2,10.5,Kolkata Knight Riders,Rajasthan Royals,LR Shukla,EJG Morgan,SK Trivedi,0,0,,,,,,,,,
598005,2013,2013-04-08,Sawai Mansingh Stadium,2,10.6,Kolkata Knight Riders,Rajasthan Royals,LR Shukla,EJG Morgan,SK Trivedi,0,0,,,,,,caught,LR Shukla,,
598005,2013,2013-04-08,Sawai Mansingh Stadium,2,11.1,Kolkata Knight Riders,Rajasthan Royals,R Bhatia,EJG Morgan,S Sreesanth,0,0,,,,,,,,,
598005,2013,2013-04-08,Sawai Mansingh Stadium,2,11.2,Kolkata Knight Riders,Rajasthan Royals,R Bhatia,EJG Morgan,S Sreesanth,4,0,,,,,,,,,
598005,2013,2013-04-08,Sawai Mansingh Stadium,2,11.3,Kolkata Knight Riders,Rajasthan Royals,R Bhatia,EJG Morgan,S Sreesanth,1,0,,,,,,,,,
598005,2013,2013-04-08,Sawai Mansingh Stadium,2,11.4,Kolkata Knight Riders,Rajasthan Royals,EJG Morgan,R Bhatia,S Sreesanth,0,0,,,,,,,,,
598005,2013,2013-04-08,Sawai Mansingh Stadium,2,11.5,Kolkata Knight Riders,Rajasthan Royals,EJG Morgan,R Bhatia,S Sreesanth,0,0,,,,,,,,,
598005,2013,2013-04-08,Sawai Mansingh Stadium,2,11.6,Kolkata Knight Riders,Rajasthan Royals,EJG Morgan,R Bhatia,S Sreesanth,1,0,,,,,,,,,
598005,2013,2013-04-08,Sawai Mansingh Stadium,2,12.1,Kolkata Knight Riders,Rajasthan Royals,EJG Morgan,R Bhatia,SK Trivedi,6,0,,,,,,,,,
598005,2013,2013-04-08,Sawai Mansingh Stadium,2,12.2,Kolkata Knight Riders,Rajasthan Royals,EJG Morgan,R Bhatia,SK Trivedi,1,0,,,,,,,,,
598005,2013,2013-04-08,Sawai Mansingh Stadium,2,12.3,Kolkata Knight Riders,Rajasthan Royals,R Bhatia,EJG Morgan,SK Trivedi,1,0,,,,,,,,,
598005,2013,2013-04-08,Sawai Mansingh Stadium,2,12.4,Kolkata Knight Riders,Rajasthan Royals,EJG Morgan,R Bhatia,SK Trivedi,1,0,,,,,,,,,
598005,2013,2013-04-08,Sawai Mansingh Stadium,2,12.5,Kolkata Knight Riders,Rajasthan Royals,R Bhatia,EJG Morgan,SK Trivedi,4,0,,,,,,,,,
598005,2013,2013-04-08,Sawai Mansingh Stadium,2,12.6,Kolkata Knight Riders,Rajasthan Royals,R Bhatia,EJG Morgan,SK Trivedi,2,0,,,,,,,,,
598005,2013,2013-04-08,Sawai Mansingh Stadium,2,13.1,Kolkata Knight Riders,Rajasthan Royals,EJG Morgan,R Bhatia,R Shukla,4,0,,,,,,,,,
598005,2013,2013-04-08,Sawai Mansingh Stadium,2,13.2,Kolkata Knight Riders,Rajasthan Royals,EJG Morgan,R Bhatia,R Shukla,0,0,,,,,,,,,
598005,2013,2013-04-08,Sawai Mansingh Stadium,2,13.3,Kolkata Knight Riders,Rajasthan Royals,EJG Morgan,R Bhatia,R Shukla,2,0,,,,,,,,,
598005,2013,2013-04-08,Sawai Mansingh Stadium,2,13.4,Kolkata Knight Riders,Rajasthan Royals,EJG Morgan,R Bhatia,R Shukla,6,0,,,,,,,,,
598005,2013,2013-04-08,Sawai Mansingh Stadium,2,13.5,Kolkata Knight Riders,Rajasthan Royals,EJG Morgan,R Bhatia,R Shukla,0,1,1,,,,,,,,
598005,2013,2013-04-08,Sawai Mansingh Stadium,2,13.6,Kolkata Knight Riders,Rajasthan Royals,EJG Morgan,R Bhatia,R Shukla,0,0,,,,,,,,,
598005,2013,2013-04-08,Sawai Mansingh Stadium,2,13.7,Kolkata Knight Riders,Rajasthan Royals,EJG Morgan,R Bhatia,R Shukla,0,0,,,,,,,,,
598005,2013,2013-04-08,Sawai Mansingh Stadium,2,14.1,Kolkata Knight Riders,Rajasthan Royals,R Bhatia,EJG Morgan,SW Tait,0,0,,,,,,caught,R Bhatia,,
598005,2013,2013-04-08,Sawai Mansingh Stadium,2,14.2,Kolkata Knight Riders,Rajasthan Royals,B Lee,EJG Morgan,SW Tait,0,0,,,,,,,,,
598005,2013,2013-04-08,Sawai Mansingh Stadium,2,14.3,Kolkata Knight Riders,Rajasthan Royals,B Lee,EJG Morgan,SW Tait,0,0,,,,,,,,,
598005,2013,2013-04-08,Sawai Mansingh Stadium,2,14.4,Kolkata Knight Riders,Rajasthan Royals,B Lee,EJG Morgan,SW Tait,1,0,,,,,,,,,
598005,2013,2013-04-08,Sawai Mansingh Stadium,2,14.5,Kolkata Knight Riders,Rajasthan Royals,EJG Morgan,B Lee,SW Tait,4,0,,,,,,,,,
598005,2013,2013-04-08,Sawai Mansingh Stadium,2,14.6,Kolkata Knight Riders,Rajasthan Royals,EJG Morgan,B Lee,SW Tait,4,0,,,,,,,,,
598005,2013,2013-04-08,Sawai Mansingh Stadium,2,15.1,Kolkata Knight Riders,Rajasthan Royals,B Lee,EJG Morgan,S Sreesanth,0,0,,,,,,,,,
598005,2013,2013-04-08,Sawai Mansingh Stadium,2,15.2,Kolkata Knight Riders,Rajasthan Royals,B Lee,EJG Morgan,S Sreesanth,4,0,,,,,,,,,
598005,2013,2013-04-08,Sawai Mansingh Stadium,2,15.3,Kolkata Knight Riders,Rajasthan Royals,B Lee,EJG Morgan,S Sreesanth,0,0,,,,,,caught,B Lee,,
598005,2013,2013-04-08,Sawai Mansingh Stadium,2,15.4,Kolkata Knight Riders,Rajasthan Royals,EJG Morgan,Mohammed Shami,S Sreesanth,1,0,,,,,,,,,
598005,2013,2013-04-08,Sawai Mansingh Stadium,2,15.5,Kolkata Knight Riders,Rajasthan Royals,Mohammed Shami,EJG Morgan,S Sreesanth,0,0,,,,,,,,,
598005,2013,2013-04-08,Sawai Mansingh Stadium,2,15.6,Kolkata Knight Riders,Rajasthan Royals,Mohammed Shami,EJG Morgan,S Sreesanth,0,0,,,,,,,,,
598005,2013,2013-04-08,Sawai Mansingh Stadium,2,16.1,Kolkata Knight Riders,Rajasthan Royals,EJG Morgan,Mohammed Shami,KK Cooper,2,0,,,,,,,,,
598005,2013,2013-04-08,Sawai Mansingh Stadium,2,16.2,Kolkata Knight Riders,Rajasthan Royals,EJG Morgan,Mohammed Shami,KK Cooper,1,0,,,,,,,,,
598005,2013,2013-04-08,Sawai Mansingh Stadium,2,16.3,Kolkata Knight Riders,Rajasthan Royals,Mohammed Shami,EJG Morgan,KK Cooper,1,0,,,,,,,,,
598005,2013,2013-04-08,Sawai Mansingh Stadium,2,16.4,Kolkata Knight Riders,Rajasthan Royals,EJG Morgan,Mohammed Shami,KK Cooper,1,0,,,,,,,,,
598005,2013,2013-04-08,Sawai Mansingh Stadium,2,16.5,Kolkata Knight Riders,Rajasthan Royals,Mohammed Shami,EJG Morgan,KK Cooper,0,0,,,,,,,,,
598005,2013,2013-04-08,Sawai Mansingh Stadium,2,16.6,Kolkata Knight Riders,Rajasthan Royals,Mohammed Shami,EJG Morgan,KK Cooper,0,0,,,,,,,,,
598005,2013,2013-04-08,Sawai Mansingh Stadium,2,17.1,Kolkata Knight Riders,Rajasthan Royals,EJG Morgan,Mohammed Shami,SW Tait,3,0,,,,,,,,,
598005,2013,2013-04-08,Sawai Mansingh Stadium,2,17.2,Kolkata Knight Riders,Rajasthan Royals,Mohammed Shami,EJG Morgan,SW Tait,1,0,,,,,,,,,
598005,2013,2013-04-08,Sawai Mansingh Stadium,2,17.3,Kolkata Knight Riders,Rajasthan Royals,EJG Morgan,Mohammed Shami,SW Tait,6,0,,,,,,,,,
598005,2013,2013-04-08,Sawai Mansingh Stadium,2,17.4,Kolkata Knight Riders,Rajasthan Royals,EJG Morgan,Mohammed Shami,SW Tait,0,0,,,,,,,,,
598005,2013,2013-04-08,Sawai Mansingh Stadium,2,17.5,Kolkata Knight Riders,Rajasthan Royals,EJG Morgan,Mohammed Shami,SW Tait,1,0,,,,,,,,,
598005,2013,2013-04-08,Sawai Mansingh Stadium,2,17.6,Kolkata Knight Riders,Rajasthan Royals,Mohammed Shami,EJG Morgan,SW Tait,2,0,,,,,,,,,
598005,2013,2013-04-08,Sawai Mansingh Stadium,2,18.1,Kolkata Knight Riders,Rajasthan Royals,EJG Morgan,Mohammed Shami,KK Cooper,0,0,,,,,,bowled,EJG Morgan,,
598005,2013,2013-04-08,Sawai Mansingh Stadium,2,18.2,Kolkata Knight Riders,Rajasthan Royals,SP Narine,Mohammed Shami,KK Cooper,1,0,,,,,,,,,
598005,2013,2013-04-08,Sawai Mansingh Stadium,2,18.3,Kolkata Knight Riders,Rajasthan Royals,Mohammed Shami,SP Narine,KK Cooper,0,0,,,,,,,,,
598005,2013,2013-04-08,Sawai Mansingh Stadium,2,18.4,Kolkata Knight Riders,Rajasthan Royals,Mohammed Shami,SP Narine,KK Cooper,1,0,,,,,,,,,
598005,2013,2013-04-08,Sawai Mansingh Stadium,2,18.5,Kolkata Knight Riders,Rajasthan Royals,SP Narine,Mohammed Shami,KK Cooper,1,0,,,,,,,,,
598005,2013,2013-04-08,Sawai Mansingh Stadium,2,18.6,Kolkata Knight Riders,Rajasthan Royals,Mohammed Shami,SP Narine,KK Cooper,0,0,,,,,,caught,Mohammed Shami,,
