match_id,season,start_date,venue,innings,ball,batting_team,bowling_team,striker,non_striker,bowler,runs_off_bat,extras,wides,noballs,byes,legbyes,penalty,wicket_type,player_dismissed,other_wicket_type,other_player_dismissed
598037,2013,2013-04-29,Wankhede Stadium,1,0.1,Mumbai Indians,Kings XI Punjab,DR Smith,SR Tendulkar,P Kumar,1,0,,,,,,,,,
598037,2013,2013-04-29,Wankhede Stadium,1,0.2,Mumbai Indians,Kings XI Punjab,SR Tendulkar,DR Smith,P Kumar,0,0,,,,,,,,,
598037,2013,2013-04-29,Wankhede Stadium,1,0.3,Mumbai Indians,Kings XI Punjab,SR Tendulkar,DR Smith,P Kumar,0,0,,,,,,,,,
598037,2013,2013-04-29,Wankhede Stadium,1,0.4,Mumbai Indians,Kings XI Punjab,SR Tendulkar,DR Smith,P Kumar,1,0,,,,,,,,,
598037,2013,2013-04-29,Wankhede Stadium,1,0.5,Mumbai Indians,Kings XI Punjab,DR Smith,SR Tendulkar,P Kumar,0,0,,,,,,,,,
598037,2013,2013-04-29,Wankhede Stadium,1,0.6,Mumbai Indians,Kings XI Punjab,DR Smith,SR Tendulkar,P Kumar,0,0,,,,,,,,,
598037,2013,2013-04-29,Wankhede Stadium,1,1.1,Mumbai Indians,Kings XI Punjab,SR Tendulkar,DR Smith,Azhar Mahmood,0,0,,,,,,,,,
598037,2013,2013-04-29,Wankhede Stadium,1,1.2,Mumbai Indians,Kings XI Punjab,SR Tendulkar,DR Smith,Azhar Mahmood,4,0,,,,,,,,,
598037,2013,2013-04-29,Wankhede Stadium,1,1.3,Mumbai Indians,Kings XI Punjab,SR Tendulkar,DR Smith,Azhar Mahmood,0,0,,,,,,,,,
598037,2013,2013-04-29,Wankhede Stadium,1,1.4,Mumbai Indians,Kings XI Punjab,SR Tendulkar,DR Smith,Azhar Mahmood,4,0,,,,,,,,,
598037,2013,2013-04-29,Wankhede Stadium,1,1.5,Mumbai Indians,Kings XI Punjab,SR Tendulkar,DR Smith,Azhar Mahmood,0,0,,,,,,,,,
598037,2013,2013-04-29,Wankhede Stadium,1,1.6,Mumbai Indians,Kings XI Punjab,SR Tendulkar,DR Smith,Azhar Mahmood,0,0,,,,,,,,,
598037,2013,2013-04-29,Wankhede Stadium,1,2.1,Mumbai Indians,Kings XI Punjab,DR Smith,SR Tendulkar,P Kumar,0,0,,,,,,,,,
598037,2013,2013-04-29,Wankhede Stadium,1,2.2,Mumbai Indians,Kings XI Punjab,DR Smith,SR Tendulkar,P Kumar,0,0,,,,,,,,,
598037,2013,2013-04-29,Wankhede Stadium,1,2.3,Mumbai Indians,Kings XI Punjab,DR Smith,SR Tendulkar,P Kumar,1,0,,,,,,,,,
598037,2013,2013-04-29,Wankhede Stadium,1,2.4,Mumbai Indians,Kings XI Punjab,SR Tendulkar,DR Smith,P Kumar,0,0,,,,,,bowled,SR Tendulkar,,
598037,2013,2013-04-29,Wankhede Stadium,1,2.5,Mumbai Indians,Kings XI Punjab,KD Karthik,DR Smith,P Kumar,0,1,1,,,,,,,,
598037,2013,2013-04-29,Wankhede Stadium,1,2.6,Mumbai Indians,Kings XI Punjab,KD Karthik,DR Smith,P Kumar,0,0,,,,,,,,,
598037,2013,2013-04-29,Wankhede Stadium,1,2.7,Mumbai Indians,Kings XI Punjab,KD Karthik,DR Smith,P Kumar,1,0,,,,,,,,,
598037,2013,2013-04-29,Wankhede Stadium,1,3.1,Mumbai Indians,Kings XI Punjab,KD Karthik,DR Smith,Azhar Mahmood,0,0,,,,,,,,,
598037,2013,2013-04-29,Wankhede Stadium,1,3.2,Mumbai Indians,Kings XI Punjab,KD Karthik,DR Smith,Azhar Mahmood,1,0,,,,,,,,,
598037,2013,2013-04-29,Wankhede Stadium,1,3.3,Mumbai Indians,Kings XI Punjab,DR Smith,KD Karthik,Azhar Mahmood,0,0,,,,,,,,,
598037,2013,2013-04-29,Wankhede Stadium,1,3.4,Mumbai Indians,Kings XI Punjab,DR Smith,KD Karthik,Azhar Mahmood,1,0,,,,,,,,,
598037,2013,2013-04-29,Wankhede Stadium,1,3.5,Mumbai Indians,Kings XI Punjab,KD Karthik,DR Smith,Azhar Mahmood,0,0,,,,,,,,,
598037,2013,2013-04-29,Wankhede Stadium,1,3.6,Mumbai Indians,Kings XI Punjab,KD Karthik,DR Smith,Azhar Mahmood,1,0,,,,,,,,,
598037,2013,2013-04-29,Wankhede Stadium,1,4.1,Mumbai Indians,Kings XI Punjab,KD Karthik,DR Smith,P Kumar,0,0,,,,,,,,,
598037,2013,2013-04-29,Wankhede Stadium,1,4.2,Mumbai Indians,Kings XI Punjab,KD Karthik,DR Smith,P Kumar,4,0,,,,,,,,,
598037,2013,2013-04-29,Wankhede Stadium,1,4.3,Mumbai Indians,Kings XI Punjab,KD Karthik,DR Smith,P Kumar,6,0,,,,,,,,,
598037,2013,2013-04-29,Wankhede Stadium,1,4.4,Mumbai Indians,Kings XI Punjab,KD Karthik,DR Smith,P Kumar,0,1,,,,1,,,,,
598037,2013,2013-04-29,Wankhede Stadium,1,4.5,Mumbai Indians,Kings XI Punjab,DR Smith,KD Karthik,P Kumar,0,0,,,,,,,,,
598037,2013,2013-04-29,Wankhede Stadium,1,4.6,Mumbai Indians,Kings XI Punjab,DR Smith,KD Karthik,P Kumar,1,0,,,,,,,,,
598037,2013,2013-04-29,Wankhede Stadium,1,5.1,Mumbai Indians,Kings XI Punjab,DR Smith,KD Karthik,Azhar Mahmood,0,0,,,,,,,,,
598037,2013,2013-04-29,Wankhede Stadium,1,5.2,Mumbai Indians,Kings XI Punjab,DR Smith,KD Karthik,Azhar Mahmood,0,0,,,,,,,,,
598037,2013,2013-04-29,Wankhede Stadium,1,5.3,Mumbai Indians,Kings XI Punjab,DR Smith,KD Karthik,Azhar Mahmood,1,0,,,,,,,,,
598037,2013,2013-04-29,Wankhede Stadium,1,5.4,Mumbai Indians,Kings XI Punjab,KD Karthik,DR Smith,Azhar Mahmood,5,0,,,,,,,,,
598037,2013,2013-04-29,Wankhede Stadium,1,5.5,Mumbai Indians,Kings XI Punjab,DR Smith,KD Karthik,Azhar Mahmood,1,0,,,,,,,,,
598037,2013,2013-04-29,Wankhede Stadium,1,5.6,Mumbai Indians,Kings XI Punjab,KD Karthik,DR Smith,Azhar Mahmood,1,0,,,,,,,,,
598037,2013,2013-04-29,Wankhede Stadium,1,6.1,Mumbai Indians,Kings XI Punjab,KD Karthik,DR Smith,P Awana,1,0,,,,,,,,,
598037,2013,2013-04-29,Wankhede Stadium,1,6.2,Mumbai Indians,Kings XI Punjab,DR Smith,KD Karthik,P Awana,1,0,,,,,,,,,
598037,2013,2013-04-29,Wankhede Stadium,1,6.3,Mumbai Indians,Kings XI Punjab,KD Karthik,DR Smith,P Awana,0,0,,,,,,,,,
598037,2013,2013-04-29,Wankhede Stadium,1,6.4,Mumbai Indians,Kings XI Punjab,KD Karthik,DR Smith,P Awana,1,0,,,,,,,,,
598037,2013,2013-04-29,Wankhede Stadium,1,6.5,Mumbai Indians,Kings XI Punjab,DR Smith,KD Karthik,P Awana,0,0,,,,,,,,,
598037,2013,2013-04-29,Wankhede Stadium,1,6.6,Mumbai Indians,Kings XI Punjab,DR Smith,KD Karthik,P Awana,0,0,,,,,,,,,
598037,2013,2013-04-29,Wankhede Stadium,1,7.1,Mumbai Indians,Kings XI Punjab,KD Karthik,DR Smith,MS Gony,0,0,,,,,,,,,
598037,2013,2013-04-29,Wankhede Stadium,1,7.2,Mumbai Indians,Kings XI Punjab,KD Karthik,DR Smith,MS Gony,0,0,,,,,,,,,
598037,2013,2013-04-29,Wankhede Stadium,1,7.3,Mumbai Indians,Kings XI Punjab,KD Karthik,DR Smith,MS Gony,4,0,,,,,,,,,
598037,2013,2013-04-29,Wankhede Stadium,1,7.4,Mumbai Indians,Kings XI Punjab,KD Karthik,DR Smith,MS Gony,0,0,,,,,,bowled,KD Karthik,,
598037,2013,2013-04-29,Wankhede Stadium,1,7.5,Mumbai Indians,Kings XI Punjab,RG Sharma,DR Smith,MS Gony,1,0,,,,,,,,,
598037,2013,2013-04-29,Wankhede Stadium,1,7.6,Mumbai Indians,Kings XI Punjab,DR Smith,RG Sharma,MS Gony,0,0,,,,,,,,,
598037,2013,2013-04-29,Wankhede Stadium,1,8.1,Mumbai Indians,Kings XI Punjab,RG Sharma,DR Smith,P Awana,0,0,,,,,,,,,
598037,2013,2013-04-29,Wankhede Stadium,1,8.2,Mumbai Indians,Kings XI Punjab,RG Sharma,DR Smith,P Awana,1,0,,,,,,,,,
598037,2013,2013-04-29,Wankhede Stadium,1,8.3,Mumbai Indians,Kings XI Punjab,DR Smith,RG Sharma,P Awana,0,0,,,,,,,,,
598037,2013,2013-04-29,Wankhede Stadium,1,8.4,Mumbai Indians,Kings XI Punjab,DR Smith,RG Sharma,P Awana,1,0,,,,,,,,,
598037,2013,2013-04-29,Wankhede Stadium,1,8.5,Mumbai Indians,Kings XI Punjab,RG Sharma,DR Smith,P Awana,2,0,,,,,,,,,
598037,2013,2013-04-29,Wankhede Stadium,1,8.6,Mumbai Indians,Kings XI Punjab,RG Sharma,DR Smith,P Awana,0,0,,,,,,,,,
598037,2013,2013-04-29,Wankhede Stadium,1,9.1,Mumbai Indians,Kings XI Punjab,DR Smith,RG Sharma,PP Chawla,4,0,,,,,,,,,
598037,2013,2013-04-29,Wankhede Stadium,1,9.2,Mumbai Indians,Kings XI Punjab,DR Smith,RG Sharma,PP Chawla,1,0,,,,,,,,,
598037,2013,2013-04-29,Wankhede Stadium,1,9.3,Mumbai Indians,Kings XI Punjab,RG Sharma,DR Smith,PP Chawla,1,0,,,,,,,,,
598037,2013,2013-04-29,Wankhede Stadium,1,9.4,Mumbai Indians,Kings XI Punjab,DR Smith,RG Sharma,PP Chawla,1,0,,,,,,,,,
598037,2013,2013-04-29,Wankhede Stadium,1,9.5,Mumbai Indians,Kings XI Punjab,RG Sharma,DR Smith,PP Chawla,0,0,,,,,,,,,
598037,2013,2013-04-29,Wankhede Stadium,1,9.6,Mumbai Indians,Kings XI Punjab,RG Sharma,DR Smith,PP Chawla,4,0,,,,,,,,,
598037,2013,2013-04-29,Wankhede Stadium,1,10.1,Mumbai Indians,Kings XI Punjab,DR Smith,RG Sharma,P Awana,0,1,1,,,,,,,,
598037,2013,2013-04-29,Wankhede Stadium,1,10.2,Mumbai Indians,Kings XI Punjab,DR Smith,RG Sharma,P Awana,1,0,,,,,,,,,
598037,2013,2013-04-29,Wankhede Stadium,1,10.3,Mumbai Indians,Kings XI Punjab,RG Sharma,DR Smith,P Awana,1,0,,,,,,,,,
598037,2013,2013-04-29,Wankhede Stadium,1,10.4,Mumbai Indians,Kings XI Punjab,DR Smith,RG Sharma,P Awana,1,0,,,,,,,,,
598037,2013,2013-04-29,Wankhede Stadium,1,10.5,Mumbai Indians,Kings XI Punjab,RG Sharma,DR Smith,P Awana,0,0,,,,,,,,,
598037,2013,2013-04-29,Wankhede Stadium,1,10.6,Mumbai Indians,Kings XI Punjab,RG Sharma,DR Smith,P Awana,1,0,,,,,,,,,
598037,2013,2013-04-29,Wankhede Stadium,1,10.7,Mumbai Indians,Kings XI Punjab,DR Smith,RG Sharma,P Awana,1,0,,,,,,,,,
598037,2013,2013-04-29,Wankhede Stadium,1,11.1,Mumbai Indians,Kings XI Punjab,DR Smith,RG Sharma,MS Gony,4,0,,,,,,,,,
598037,2013,2013-04-29,Wankhede Stadium,1,11.2,Mumbai Indians,Kings XI Punjab,DR Smith,RG Sharma,MS Gony,4,0,,,,,,,,,
598037,2013,2013-04-29,Wankhede Stadium,1,11.3,Mumbai Indians,Kings XI Punjab,DR Smith,RG Sharma,MS Gony,1,0,,,,,,,,,
598037,2013,2013-04-29,Wankhede Stadium,1,11.4,Mumbai Indians,Kings XI Punjab,RG Sharma,DR Smith,MS Gony,4,0,,,,,,,,,
598037,2013,2013-04-29,Wankhede Stadium,1,11.5,Mumbai Indians,Kings XI Punjab,RG Sharma,DR Smith,MS Gony,1,0,,,,,,,,,
598037,2013,2013-04-29,Wankhede Stadium,1,11.6,Mumbai Indians,Kings XI Punjab,DR Smith,RG Sharma,MS Gony,1,0,,,,,,,,,
598037,2013,2013-04-29,Wankhede Stadium,1,12.1,Mumbai Indians,Kings XI Punjab,DR Smith,RG Sharma,PP Chawla,6,0,,,,,,,,,
598037,2013,2013-04-29,Wankhede Stadium,1,12.2,Mumbai Indians,Kings XI Punjab,DR Smith,RG Sharma,PP Chawla,0,0,,,,,,caught,DR Smith,,
598037,2013,2013-04-29,Wankhede Stadium,1,12.3,Mumbai Indians,Kings XI Punjab,RG Sharma,KA Pollard,PP Chawla,1,0,,,,,,,,,
598037,2013,2013-04-29,Wankhede Stadium,1,12.4,Mumbai Indians,Kings XI Punjab,KA Pollard,RG Sharma,PP Chawla,6,0,,,,,,,,,
598037,2013,2013-04-29,Wankhede Stadium,1,12.5,Mumbai Indians,Kings XI Punjab,KA Pollard,RG Sharma,PP Chawla,0,0,,,,,,,,,
598037,2013,2013-04-29,Wankhede Stadium,1,12.6,Mumbai Indians,Kings XI Punjab,KA Pollard,RG Sharma,PP Chawla,0,0,,,,,,,,,
598037,2013,2013-04-29,Wankhede Stadium,1,13.1,Mumbai Indians,Kings XI Punjab,RG Sharma,KA Pollard,DJ Hussey,1,0,,,,,,,,,
598037,2013,2013-04-29,Wankhede Stadium,1,13.2,Mumbai Indians,Kings XI Punjab,KA Pollard,RG Sharma,DJ Hussey,2,0,,,,,,,,,
598037,2013,2013-04-29,Wankhede Stadium,1,13.3,Mumbai Indians,Kings XI Punjab,KA Pollard,RG Sharma,DJ Hussey,0,0,,,,,,,,,
598037,2013,2013-04-29,Wankhede Stadium,1,13.4,Mumbai Indians,Kings XI Punjab,KA Pollard,RG Sharma,DJ Hussey,1,0,,,,,,,,,
598037,2013,2013-04-29,Wankhede Stadium,1,13.5,Mumbai Indians,Kings XI Punjab,RG Sharma,KA Pollard,DJ Hussey,0,0,,,,,,,,,
598037,2013,2013-04-29,Wankhede Stadium,1,13.6,Mumbai Indians,Kings XI Punjab,RG Sharma,KA Pollard,DJ Hussey,1,0,,,,,,,,,
598037,2013,2013-04-29,Wankhede Stadium,1,14.1,Mumbai Indians,Kings XI Punjab,RG Sharma,KA Pollard,P Awana,1,0,,,,,,,,,
598037,2013,2013-04-29,Wankhede Stadium,1,14.2,Mumbai Indians,Kings XI Punjab,KA Pollard,RG Sharma,P Awana,0,1,,,,1,,,,,
598037,2013,2013-04-29,Wankhede Stadium,1,14.3,Mumbai Indians,Kings XI Punjab,RG Sharma,KA Pollard,P Awana,1,0,,,,,,,,,
598037,2013,2013-04-29,Wankhede Stadium,1,14.4,Mumbai Indians,Kings XI Punjab,KA Pollard,RG Sharma,P Awana,0,0,,,,,,,,,
598037,2013,2013-04-29,Wankhede Stadium,1,14.5,Mumbai Indians,Kings XI Punjab,KA Pollard,RG Sharma,P Awana,1,0,,,,,,,,,
598037,2013,2013-04-29,Wankhede Stadium,1,14.6,Mumbai Indians,Kings XI Punjab,RG Sharma,KA Pollard,P Awana,0,0,,,,,,,,,
598037,2013,2013-04-29,Wankhede Stadium,1,15.1,Mumbai Indians,Kings XI Punjab,KA Pollard,RG Sharma,MS Gony,1,0,,,,,,,,,
598037,2013,2013-04-29,Wankhede Stadium,1,15.2,Mumbai Indians,Kings XI Punjab,RG Sharma,KA Pollard,MS Gony,4,0,,,,,,,,,
598037,2013,2013-04-29,Wankhede Stadium,1,15.3,Mumbai Indians,Kings XI Punjab,RG Sharma,KA Pollard,MS Gony,6,0,,,,,,,,,
598037,2013,2013-04-29,Wankhede Stadium,1,15.4,Mumbai Indians,Kings XI Punjab,RG Sharma,KA Pollard,MS Gony,1,0,,,,,,,,,
598037,2013,2013-04-29,Wankhede Stadium,1,15.5,Mumbai Indians,Kings XI Punjab,KA Pollard,RG Sharma,MS Gony,0,0,,,,,,,,,
598037,2013,2013-04-29,Wankhede Stadium,1,15.6,Mumbai Indians,Kings XI Punjab,KA Pollard,RG Sharma,MS Gony,0,0,,,,,,,,,
598037,2013,2013-04-29,Wankhede Stadium,1,16.1,Mumbai Indians,Kings XI Punjab,RG Sharma,KA Pollard,Azhar Mahmood,4,0,,,,,,,,,
598037,2013,2013-04-29,Wankhede Stadium,1,16.2,Mumbai Indians,Kings XI Punjab,RG Sharma,KA Pollard,Azhar Mahmood,1,0,,,,,,,,,
598037,2013,2013-04-29,Wankhede Stadium,1,16.3,Mumbai Indians,Kings XI Punjab,KA Pollard,RG Sharma,Azhar Mahmood,0,1,,,,1,,,,,
598037,2013,2013-04-29,Wankhede Stadium,1,16.4,Mumbai Indians,Kings XI Punjab,RG Sharma,KA Pollard,Azhar Mahmood,6,0,,,,,,,,,
598037,2013,2013-04-29,Wankhede Stadium,1,16.5,Mumbai Indians,Kings XI Punjab,RG Sharma,KA Pollard,Azhar Mahmood,1,0,,,,,,,,,
598037,2013,2013-04-29,Wankhede Stadium,1,16.6,Mumbai Indians,Kings XI Punjab,KA Pollard,RG Sharma,Azhar Mahmood,1,0,,,,,,,,,
598037,2013,2013-04-29,Wankhede Stadium,1,17.1,Mumbai Indians,Kings XI Punjab,KA Pollard,RG Sharma,MS Gony,1,0,,,,,,,,,
598037,2013,2013-04-29,Wankhede Stadium,1,17.2,Mumbai Indians,Kings XI Punjab,RG Sharma,KA Pollard,MS Gony,6,0,,,,,,,,,
598037,2013,2013-04-29,Wankhede Stadium,1,17.3,Mumbai Indians,Kings XI Punjab,RG Sharma,KA Pollard,MS Gony,1,0,,,,,,,,,
598037,2013,2013-04-29,Wankhede Stadium,1,17.4,Mumbai Indians,Kings XI Punjab,KA Pollard,RG Sharma,MS Gony,0,0,,,,,,,,,
598037,2013,2013-04-29,Wankhede Stadium,1,17.5,Mumbai Indians,Kings XI Punjab,KA Pollard,RG Sharma,MS Gony,0,1,,1,,,,,,,
598037,2013,2013-04-29,Wankhede Stadium,1,17.6,Mumbai Indians,Kings XI Punjab,KA Pollard,RG Sharma,MS Gony,0,1,1,,,,,,,,
598037,2013,2013-04-29,Wankhede Stadium,1,17.7,Mumbai Indians,Kings XI Punjab,KA Pollard,RG Sharma,MS Gony,1,0,,,,,,,,,
598037,2013,2013-04-29,Wankhede Stadium,1,17.8,Mumbai Indians,Kings XI Punjab,RG Sharma,KA Pollard,MS Gony,0,0,,,,,,,,,
598037,2013,2013-04-29,Wankhede Stadium,1,18.1,Mumbai Indians,Kings XI Punjab,KA Pollard,RG Sharma,P Kumar,4,0,,,,,,,,,
598037,2013,2013-04-29,Wankhede Stadium,1,18.2,Mumbai Indians,Kings XI Punjab,KA Pollard,RG Sharma,P Kumar,1,0,,,,,,,,,
598037,2013,2013-04-29,Wankhede Stadium,1,18.3,Mumbai Indians,Kings XI Punjab,RG Sharma,KA Pollard,P Kumar,0,0,,,,,,,,,
598037,2013,2013-04-29,Wankhede Stadium,1,18.4,Mumbai Indians,Kings XI Punjab,RG Sharma,KA Pollard,P Kumar,1,0,,,,,,,,,
598037,2013,2013-04-29,Wankhede Stadium,1,18.5,Mumbai Indians,Kings XI Punjab,KA Pollard,RG Sharma,P Kumar,1,0,,,,,,,,,
598037,2013,2013-04-29,Wankhede Stadium,1,18.6,Mumbai Indians,Kings XI Punjab,RG Sharma,KA Pollard,P Kumar,1,0,,,,,,,,,
598037,2013,2013-04-29,Wankhede Stadium,1,19.1,Mumbai Indians,Kings XI Punjab,RG Sharma,KA Pollard,DJ Hussey,6,0,,,,,,,,,
598037,2013,2013-04-29,Wankhede Stadium,1,19.2,Mumbai Indians,Kings XI Punjab,RG Sharma,KA Pollard,DJ Hussey,0,0,,,,,,,,,
598037,2013,2013-04-29,Wankhede Stadium,1,19.3,Mumbai Indians,Kings XI Punjab,RG Sharma,KA Pollard,DJ Hussey,6,0,,,,,,,,,
598037,2013,2013-04-29,Wankhede Stadium,1,19.4,Mumbai Indians,Kings XI Punjab,RG Sharma,KA Pollard,DJ Hussey,0,1,1,,,,,,,,
598037,2013,2013-04-29,Wankhede Stadium,1,19.5,Mumbai Indians,Kings XI Punjab,RG Sharma,KA Pollard,DJ Hussey,6,0,,,,,,,,,
598037,2013,2013-04-29,Wankhede Stadium,1,19.6,Mumbai Indians,Kings XI Punjab,RG Sharma,KA Pollard,DJ Hussey,4,0,,,,,,,,,
598037,2013,2013-04-29,Wankhede Stadium,1,19.7,Mumbai Indians,Kings XI Punjab,RG Sharma,KA Pollard,DJ Hussey,4,0,,,,,,,,,
598037,2013,2013-04-29,Wankhede Stadium,2,0.1,Kings XI Punjab,Mumbai Indians,Mandeep Singh,SE Marsh,MG Johnson,0,1,1,,,,,,,,
598037,2013,2013-04-29,Wankhede Stadium,2,0.2,Kings XI Punjab,Mumbai Indians,Mandeep Singh,SE Marsh,MG Johnson,4,0,,,,,,,,,
598037,2013,2013-04-29,Wankhede Stadium,2,0.3,Kings XI Punjab,Mumbai Indians,Mandeep Singh,SE Marsh,MG Johnson,0,0,,,,,,,,,
598037,2013,2013-04-29,Wankhede Stadium,2,0.4,Kings XI Punjab,Mumbai Indians,Mandeep Singh,SE Marsh,MG Johnson,1,0,,,,,,,,,
598037,2013,2013-04-29,Wankhede Stadium,2,0.5,Kings XI Punjab,Mumbai Indians,SE Marsh,Mandeep Singh,MG Johnson,0,0,,,,,,,,,
598037,2013,2013-04-29,Wankhede Stadium,2,0.6,Kings XI Punjab,Mumbai Indians,SE Marsh,Mandeep Singh,MG Johnson,1,0,,,,,,,,,
598037,2013,2013-04-29,Wankhede Stadium,2,0.7,Kings XI Punjab,Mumbai Indians,Mandeep Singh,SE Marsh,MG Johnson,0,0,,,,,,,,,
598037,2013,2013-04-29,Wankhede Stadium,2,1.1,Kings XI Punjab,Mumbai Indians,SE Marsh,Mandeep Singh,SL Malinga,0,0,,,,,,,,,
598037,2013,2013-04-29,Wankhede Stadium,2,1.2,Kings XI Punjab,Mumbai Indians,SE Marsh,Mandeep Singh,SL Malinga,1,0,,,,,,,,,
598037,2013,2013-04-29,Wankhede Stadium,2,1.3,Kings XI Punjab,Mumbai Indians,Mandeep Singh,SE Marsh,SL Malinga,4,0,,,,,,,,,
598037,2013,2013-04-29,Wankhede Stadium,2,1.4,Kings XI Punjab,Mumbai Indians,Mandeep Singh,SE Marsh,SL Malinga,0,0,,,,,,,,,
598037,2013,2013-04-29,Wankhede Stadium,2,1.5,Kings XI Punjab,Mumbai Indians,Mandeep Singh,SE Marsh,SL Malinga,0,0,,,,,,,,,
598037,2013,2013-04-29,Wankhede Stadium,2,1.6,Kings XI Punjab,Mumbai Indians,Mandeep Singh,SE Marsh,SL Malinga,0,0,,,,,,bowled,Mandeep Singh,,
598037,2013,2013-04-29,Wankhede Stadium,2,2.1,Kings XI Punjab,Mumbai Indians,SE Marsh,M Vohra,MG Johnson,0,1,,,,1,,,,,
598037,2013,2013-04-29,Wankhede Stadium,2,2.2,Kings XI Punjab,Mumbai Indians,M Vohra,SE Marsh,MG Johnson,1,0,,,,,,,,,
598037,2013,2013-04-29,Wankhede Stadium,2,2.3,Kings XI Punjab,Mumbai Indians,SE Marsh,M Vohra,MG Johnson,0,1,1,,,,,,,,
598037,2013,2013-04-29,Wankhede Stadium,2,2.4,Kings XI Punjab,Mumbai Indians,SE Marsh,M Vohra,MG Johnson,0,0,,,,,,,,,
598037,2013,2013-04-29,Wankhede Stadium,2,2.5,Kings XI Punjab,Mumbai Indians,SE Marsh,M Vohra,MG Johnson,1,0,,,,,,,,,
598037,2013,2013-04-29,Wankhede Stadium,2,2.6,Kings XI Punjab,Mumbai Indians,M Vohra,SE Marsh,MG Johnson,0,0,,,,,,caught,M Vohra,,
598037,2013,2013-04-29,Wankhede Stadium,2,2.7,Kings XI Punjab,Mumbai Indians,DJ Hussey,SE Marsh,MG Johnson,1,0,,,,,,,,,
598037,2013,2013-04-29,Wankhede Stadium,2,3.1,Kings XI Punjab,Mumbai Indians,DJ Hussey,SE Marsh,DS Kulkarni,4,0,,,,,,,,,
598037,2013,2013-04-29,Wankhede Stadium,2,3.2,Kings XI Punjab,Mumbai Indians,DJ Hussey,SE Marsh,DS Kulkarni,0,0,,,,,,,,,
598037,2013,2013-04-29,Wankhede Stadium,2,3.3,Kings XI Punjab,Mumbai Indians,DJ Hussey,SE Marsh,DS Kulkarni,0,0,,,,,,,,,
598037,2013,2013-04-29,Wankhede Stadium,2,3.4,Kings XI Punjab,Mumbai Indians,DJ Hussey,SE Marsh,DS Kulkarni,2,0,,,,,,,,,
598037,2013,2013-04-29,Wankhede Stadium,2,3.5,Kings XI Punjab,Mumbai Indians,DJ Hussey,SE Marsh,DS Kulkarni,0,0,,,,,,,,,
598037,2013,2013-04-29,Wankhede Stadium,2,3.6,Kings XI Punjab,Mumbai Indians,DJ Hussey,SE Marsh,DS Kulkarni,0,0,,,,,,,,,
598037,2013,2013-04-29,Wankhede Stadium,2,4.1,Kings XI Punjab,Mumbai Indians,SE Marsh,DJ Hussey,SL Malinga,4,0,,,,,,,,,
598037,2013,2013-04-29,Wankhede Stadium,2,4.2,Kings XI Punjab,Mumbai Indians,SE Marsh,DJ Hussey,SL Malinga,1,0,,,,,,,,,
598037,2013,2013-04-29,Wankhede Stadium,2,4.3,Kings XI Punjab,Mumbai Indians,DJ Hussey,SE Marsh,SL Malinga,4,0,,,,,,,,,
598037,2013,2013-04-29,Wankhede Stadium,2,4.4,Kings XI Punjab,Mumbai Indians,DJ Hussey,SE Marsh,SL Malinga,1,0,,,,,,,,,
598037,2013,2013-04-29,Wankhede Stadium,2,4.5,Kings XI Punjab,Mumbai Indians,SE Marsh,DJ Hussey,SL Malinga,1,0,,,,,,,,,
598037,2013,2013-04-29,Wankhede Stadium,2,4.6,Kings XI Punjab,Mumbai Indians,DJ Hussey,SE Marsh,SL Malinga,4,0,,,,,,,,,
598037,2013,2013-04-29,Wankhede Stadium,2,5.1,Kings XI Punjab,Mumbai Indians,SE Marsh,DJ Hussey,DS Kulkarni,1,0,,,,,,,,,
598037,2013,2013-04-29,Wankhede Stadium,2,5.2,Kings XI Punjab,Mumbai Indians,DJ Hussey,SE Marsh,DS Kulkarni,2,0,,,,,,,,,
598037,2013,2013-04-29,Wankhede Stadium,2,5.3,Kings XI Punjab,Mumbai Indians,DJ Hussey,SE Marsh,DS Kulkarni,4,0,,,,,,,,,
598037,2013,2013-04-29,Wankhede Stadium,2,5.4,Kings XI Punjab,Mumbai Indians,DJ Hussey,SE Marsh,DS Kulkarni,4,0,,,,,,,,,
598037,2013,2013-04-29,Wankhede Stadium,2,5.5,Kings XI Punjab,Mumbai Indians,DJ Hussey,SE Marsh,DS Kulkarni,6,0,,,,,,,,,
598037,2013,2013-04-29,Wankhede Stadium,2,5.6,Kings XI Punjab,Mumbai Indians,DJ Hussey,SE Marsh,DS Kulkarni,0,0,,,,,,,,,
598037,2013,2013-04-29,Wankhede Stadium,2,6.1,Kings XI Punjab,Mumbai Indians,SE Marsh,DJ Hussey,PP Ojha,0,0,,,,,,caught,SE Marsh,,
598037,2013,2013-04-29,Wankhede Stadium,2,6.2,Kings XI Punjab,Mumbai Indians,DA Miller,DJ Hussey,PP Ojha,4,0,,,,,,,,,
598037,2013,2013-04-29,Wankhede Stadium,2,6.3,Kings XI Punjab,Mumbai Indians,DA Miller,DJ Hussey,PP Ojha,0,0,,,,,,,,,
598037,2013,2013-04-29,Wankhede Stadium,2,6.4,Kings XI Punjab,Mumbai Indians,DA Miller,DJ Hussey,PP Ojha,0,0,,,,,,,,,
598037,2013,2013-04-29,Wankhede Stadium,2,6.5,Kings XI Punjab,Mumbai Indians,DA Miller,DJ Hussey,PP Ojha,0,0,,,,,,,,,
598037,2013,2013-04-29,Wankhede Stadium,2,6.6,Kings XI Punjab,Mumbai Indians,DA Miller,DJ Hussey,PP Ojha,1,0,,,,,,,,,
598037,2013,2013-04-29,Wankhede Stadium,2,7.1,Kings XI Punjab,Mumbai Indians,DA Miller,DJ Hussey,Harbhajan Singh,2,0,,,,,,,,,
598037,2013,2013-04-29,Wankhede Stadium,2,7.2,Kings XI Punjab,Mumbai Indians,DA Miller,DJ Hussey,Harbhajan Singh,1,0,,,,,,,,,
598037,2013,2013-04-29,Wankhede Stadium,2,7.3,Kings XI Punjab,Mumbai Indians,DJ Hussey,DA Miller,Harbhajan Singh,1,0,,,,,,,,,
598037,2013,2013-04-29,Wankhede Stadium,2,7.4,Kings XI Punjab,Mumbai Indians,DA Miller,DJ Hussey,Harbhajan Singh,1,0,,,,,,,,,
598037,2013,2013-04-29,Wankhede Stadium,2,7.5,Kings XI Punjab,Mumbai Indians,DJ Hussey,DA Miller,Harbhajan Singh,1,0,,,,,,,,,
598037,2013,2013-04-29,Wankhede Stadium,2,7.6,Kings XI Punjab,Mumbai Indians,DA Miller,DJ Hussey,Harbhajan Singh,1,0,,,,,,,,,
598037,2013,2013-04-29,Wankhede Stadium,2,8.1,Kings XI Punjab,Mumbai Indians,DA Miller,DJ Hussey,PP Ojha,2,0,,,,,,,,,
598037,2013,2013-04-29,Wankhede Stadium,2,8.2,Kings XI Punjab,Mumbai Indians,DA Miller,DJ Hussey,PP Ojha,6,0,,,,,,,,,
598037,2013,2013-04-29,Wankhede Stadium,2,8.3,Kings XI Punjab,Mumbai Indians,DA Miller,DJ Hussey,PP Ojha,1,0,,,,,,,,,
598037,2013,2013-04-29,Wankhede Stadium,2,8.4,Kings XI Punjab,Mumbai Indians,DJ Hussey,DA Miller,PP Ojha,0,0,,,,,,caught,DJ Hussey,,
598037,2013,2013-04-29,Wankhede Stadium,2,8.5,Kings XI Punjab,Mumbai Indians,Gurkeerat Singh,DA Miller,PP Ojha,0,0,,,,,,,,,
598037,2013,2013-04-29,Wankhede Stadium,2,8.6,Kings XI Punjab,Mumbai Indians,Gurkeerat Singh,DA Miller,PP Ojha,1,0,,,,,,,,,
598037,2013,2013-04-29,Wankhede Stadium,2,9.1,Kings XI Punjab,Mumbai Indians,Gurkeerat Singh,DA Miller,Harbhajan Singh,1,0,,,,,,,,,
598037,2013,2013-04-29,Wankhede Stadium,2,9.2,Kings XI Punjab,Mumbai Indians,DA Miller,Gurkeerat Singh,Harbhajan Singh,1,0,,,,,,,,,
598037,2013,2013-04-29,Wankhede Stadium,2,9.3,Kings XI Punjab,Mumbai Indians,Gurkeerat Singh,DA Miller,Harbhajan Singh,0,0,,,,,,caught,Gurkeerat Singh,,
598037,2013,2013-04-29,Wankhede Stadium,2,9.4,Kings XI Punjab,Mumbai Indians,DA Miller,Azhar Mahmood,Harbhajan Singh,1,0,,,,,,,,,
598037,2013,2013-04-29,Wankhede Stadium,2,9.5,Kings XI Punjab,Mumbai Indians,Azhar Mahmood,DA Miller,Harbhajan Singh,0,0,,,,,,,,,
598037,2013,2013-04-29,Wankhede Stadium,2,9.6,Kings XI Punjab,Mumbai Indians,Azhar Mahmood,DA Miller,Harbhajan Singh,0,0,,,,,,,,,
598037,2013,2013-04-29,Wankhede Stadium,2,10.1,Kings XI Punjab,Mumbai Indians,DA Miller,Azhar Mahmood,PP Ojha,1,0,,,,,,,,,
598037,2013,2013-04-29,Wankhede Stadium,2,10.2,Kings XI Punjab,Mumbai Indians,Azhar Mahmood,DA Miller,PP Ojha,0,0,,,,,,,,,
598037,2013,2013-04-29,Wankhede Stadium,2,10.3,Kings XI Punjab,Mumbai Indians,Azhar Mahmood,DA Miller,PP Ojha,0,4,,,4,,,,,,
598037,2013,2013-04-29,Wankhede Stadium,2,10.4,Kings XI Punjab,Mumbai Indians,Azhar Mahmood,DA Miller,PP Ojha,1,0,,,,,,,,,
598037,2013,2013-04-29,Wankhede Stadium,2,10.5,Kings XI Punjab,Mumbai Indians,DA Miller,Azhar Mahmood,PP Ojha,1,0,,,,,,,,,
598037,2013,2013-04-29,Wankhede Stadium,2,10.6,Kings XI Punjab,Mumbai Indians,Azhar Mahmood,DA Miller,PP Ojha,4,0,,,,,,,,,
598037,2013,2013-04-29,Wankhede Stadium,2,11.1,Kings XI Punjab,Mumbai Indians,DA Miller,Azhar Mahmood,Harbhajan Singh,1,0,,,,,,,,,
598037,2013,2013-04-29,Wankhede Stadium,2,11.2,Kings XI Punjab,Mumbai Indians,Azhar Mahmood,DA Miller,Harbhajan Singh,0,0,,,,,,,,,
598037,2013,2013-04-29,Wankhede Stadium,2,11.3,Kings XI Punjab,Mumbai Indians,Azhar Mahmood,DA Miller,Harbhajan Singh,1,0,,,,,,,,,
598037,2013,2013-04-29,Wankhede Stadium,2,11.4,Kings XI Punjab,Mumbai Indians,DA Miller,Azhar Mahmood,Harbhajan Singh,0,0,,,,,,,,,
598037,2013,2013-04-29,Wankhede Stadium,2,11.5,Kings XI Punjab,Mumbai Indians,DA Miller,Azhar Mahmood,Harbhajan Singh,0,1,,,,1,,,,,
598037,2013,2013-04-29,Wankhede Stadium,2,11.6,Kings XI Punjab,Mumbai Indians,Azhar Mahmood,DA Miller,Harbhajan Singh,1,0,,,,,,,,,
598037,2013,2013-04-29,Wankhede Stadium,2,12.1,Kings XI Punjab,Mumbai Indians,Azhar Mahmood,DA Miller,KA Pollard,1,0,,,,,,,,,
598037,2013,2013-04-29,Wankhede Stadium,2,12.2,Kings XI Punjab,Mumbai Indians,DA Miller,Azhar Mahmood,KA Pollard,6,0,,,,,,,,,
598037,2013,2013-04-29,Wankhede Stadium,2,12.3,Kings XI Punjab,Mumbai Indians,DA Miller,Azhar Mahmood,KA Pollard,1,0,,,,,,,,,
598037,2013,2013-04-29,Wankhede Stadium,2,12.4,Kings XI Punjab,Mumbai Indians,Azhar Mahmood,DA Miller,KA Pollard,1,0,,,,,,,,,
598037,2013,2013-04-29,Wankhede Stadium,2,12.5,Kings XI Punjab,Mumbai Indians,DA Miller,Azhar Mahmood,KA Pollard,6,0,,,,,,,,,
598037,2013,2013-04-29,Wankhede Stadium,2,12.6,Kings XI Punjab,Mumbai Indians,DA Miller,Azhar Mahmood,KA Pollard,0,0,,,,,,,,,
598037,2013,2013-04-29,Wankhede Stadium,2,13.1,Kings XI Punjab,Mumbai Indians,Azhar Mahmood,DA Miller,Harbhajan Singh,0,0,,,,,,,,,
598037,2013,2013-04-29,Wankhede Stadium,2,13.2,Kings XI Punjab,Mumbai Indians,Azhar Mahmood,DA Miller,Harbhajan Singh,0,0,,,,,,caught,Azhar Mahmood,,
598037,2013,2013-04-29,Wankhede Stadium,2,13.3,Kings XI Punjab,Mumbai Indians,DA Miller,MS Gony,Harbhajan Singh,1,0,,,,,,,,,
598037,2013,2013-04-29,Wankhede Stadium,2,13.4,Kings XI Punjab,Mumbai Indians,MS Gony,DA Miller,Harbhajan Singh,0,0,,,,,,,,,
598037,2013,2013-04-29,Wankhede Stadium,2,13.5,Kings XI Punjab,Mumbai Indians,MS Gony,DA Miller,Harbhajan Singh,0,0,,,,,,,,,
598037,2013,2013-04-29,Wankhede Stadium,2,13.6,Kings XI Punjab,Mumbai Indians,MS Gony,DA Miller,Harbhajan Singh,0,0,,,,,,caught,MS Gony,,
598037,2013,2013-04-29,Wankhede Stadium,2,14.1,Kings XI Punjab,Mumbai Indians,DA Miller,PP Chawla,MG Johnson,2,0,,,,,,,,,
598037,2013,2013-04-29,Wankhede Stadium,2,14.2,Kings XI Punjab,Mumbai Indians,DA Miller,PP Chawla,MG Johnson,1,0,,,,,,,,,
598037,2013,2013-04-29,Wankhede Stadium,2,14.3,Kings XI Punjab,Mumbai Indians,PP Chawla,DA Miller,MG Johnson,0,0,,,,,,,,,
598037,2013,2013-04-29,Wankhede Stadium,2,14.4,Kings XI Punjab,Mumbai Indians,PP Chawla,DA Miller,MG Johnson,2,0,,,,,,,,,
598037,2013,2013-04-29,Wankhede Stadium,2,14.5,Kings XI Punjab,Mumbai Indians,PP Chawla,DA Miller,MG Johnson,0,1,1,,,,,,,,
598037,2013,2013-04-29,Wankhede Stadium,2,14.6,Kings XI Punjab,Mumbai Indians,PP Chawla,DA Miller,MG Johnson,0,0,,,,,,,,,
598037,2013,2013-04-29,Wankhede Stadium,2,14.7,Kings XI Punjab,Mumbai Indians,PP Chawla,DA Miller,MG Johnson,1,0,,,,,,,,,
598037,2013,2013-04-29,Wankhede Stadium,2,15.1,Kings XI Punjab,Mumbai Indians,PP Chawla,DA Miller,SL Malinga,1,0,,,,,,,,,
598037,2013,2013-04-29,Wankhede Stadium,2,15.2,Kings XI Punjab,Mumbai Indians,DA Miller,PP Chawla,SL Malinga,0,1,,,,1,,,,,
598037,2013,2013-04-29,Wankhede Stadium,2,15.3,Kings XI Punjab,Mumbai Indians,PP Chawla,DA Miller,SL Malinga,1,0,,,,,,,,,
598037,2013,2013-04-29,Wankhede Stadium,2,15.4,Kings XI Punjab,Mumbai Indians,DA Miller,PP Chawla,SL Malinga,0,1,1,,,,,,,,
598037,2013,2013-04-29,Wankhede Stadium,2,15.5,Kings XI Punjab,Mumbai Indians,DA Miller,PP Chawla,SL Malinga,1,0,,,,,,,,,
598037,2013,2013-04-29,Wankhede Stadium,2,15.6,Kings XI Punjab,Mumbai Indians,PP Chawla,DA Miller,SL Malinga,6,0,,,,,,,,,
598037,2013,2013-04-29,Wankhede Stadium,2,15.7,Kings XI Punjab,Mumbai Indians,PP Chawla,DA Miller,SL Malinga,0,0,,,,,,,,,
598037,2013,2013-04-29,Wankhede Stadium,2,16.1,Kings XI Punjab,Mumbai Indians,DA Miller,PP Chawla,DS Kulkarni,0,0,,,,,,,,,
598037,2013,2013-04-29,Wankhede Stadium,2,16.2,Kings XI Punjab,Mumbai Indians,DA Miller,PP Chawla,DS Kulkarni,1,0,,,,,,,,,
598037,2013,2013-04-29,Wankhede Stadium,2,16.3,Kings XI Punjab,Mumbai Indians,PP Chawla,DA Miller,DS Kulkarni,1,0,,,,,,,,,
598037,2013,2013-04-29,Wankhede Stadium,2,16.4,Kings XI Punjab,Mumbai Indians,DA Miller,PP Chawla,DS Kulkarni,1,0,,,,,,,,,
598037,2013,2013-04-29,Wankhede Stadium,2,16.5,Kings XI Punjab,Mumbai Indians,PP Chawla,DA Miller,DS Kulkarni,0,0,,,,,,caught,PP Chawla,,
598037,2013,2013-04-29,Wankhede Stadium,2,16.6,Kings XI Punjab,Mumbai Indians,DA Miller,P Kumar,DS Kulkarni,6,0,,,,,,,,,
598037,2013,2013-04-29,Wankhede Stadium,2,17.1,Kings XI Punjab,Mumbai Indians,P Kumar,DA Miller,MG Johnson,0,0,,,,,,,,,
598037,2013,2013-04-29,Wankhede Stadium,2,17.2,Kings XI Punjab,Mumbai Indians,P Kumar,DA Miller,MG Johnson,4,0,,,,,,,,,
598037,2013,2013-04-29,Wankhede Stadium,2,17.3,Kings XI Punjab,Mumbai Indians,P Kumar,DA Miller,MG Johnson,1,0,,,,,,,,,
598037,2013,2013-04-29,Wankhede Stadium,2,17.4,Kings XI Punjab,Mumbai Indians,DA Miller,P Kumar,MG Johnson,6,0,,,,,,,,,
598037,2013,2013-04-29,Wankhede Stadium,2,17.5,Kings XI Punjab,Mumbai Indians,DA Miller,P Kumar,MG Johnson,0,0,,,,,,caught,DA Miller,,
598037,2013,2013-04-29,Wankhede Stadium,2,17.6,Kings XI Punjab,Mumbai Indians,P Awana,P Kumar,MG Johnson,0,0,,,,,,,,,
598037,2013,2013-04-29,Wankhede Stadium,2,18.1,Kings XI Punjab,Mumbai Indians,P Kumar,P Awana,SL Malinga,2,0,,,,,,,,,
598037,2013,2013-04-29,Wankhede Stadium,2,18.2,Kings XI Punjab,Mumbai Indians,P Kumar,P Awana,SL Malinga,0,0,,,,,,,,,
598037,2013,2013-04-29,Wankhede Stadium,2,18.3,Kings XI Punjab,Mumbai Indians,P Kumar,P Awana,SL Malinga,0,0,,,,,,,,,
598037,2013,2013-04-29,Wankhede Stadium,2,18.4,Kings XI Punjab,Mumbai Indians,P Kumar,P Awana,SL Malinga,6,0,,,,,,,,,
598037,2013,2013-04-29,Wankhede Stadium,2,18.5,Kings XI Punjab,Mumbai Indians,P Kumar,P Awana,SL Malinga,1,0,,,,,,,,,
598037,2013,2013-04-29,Wankhede Stadium,2,18.6,Kings XI Punjab,Mumbai Indians,P Awana,P Kumar,SL Malinga,0,0,,,,,,,,,
598037,2013,2013-04-29,Wankhede Stadium,2,19.1,Kings XI Punjab,Mumbai Indians,P Kumar,P Awana,DS Kulkarni,2,1,,1,,,,,,,
598037,2013,2013-04-29,Wankhede Stadium,2,19.2,Kings XI Punjab,Mumbai Indians,P Kumar,P Awana,DS Kulkarni,0,0,,,,,,,,,
598037,2013,2013-04-29,Wankhede Stadium,2,19.3,Kings XI Punjab,Mumbai Indians,P Kumar,P Awana,DS Kulkarni,0,0,,,,,,,,,
598037,2013,2013-04-29,Wankhede Stadium,2,19.4,Kings XI Punjab,Mumbai Indians,P Kumar,P Awana,DS Kulkarni,0,1,1,,,,,,,,
598037,2013,2013-04-29,Wankhede Stadium,2,19.5,Kings XI Punjab,Mumbai Indians,P Kumar,P Awana,DS Kulkarni,2,0,,,,,,,,,
598037,2013,2013-04-29,Wankhede Stadium,2,19.6,Kings XI Punjab,Mumbai Indians,P Kumar,P Awana,DS Kulkarni,0,0,,,,,,,,,
598037,2013,2013-04-29,Wankhede Stadium,2,19.7,Kings XI Punjab,Mumbai Indians,P Kumar,P Awana,DS Kulkarni,6,0,,,,,,,,,
598037,2013,2013-04-29,Wankhede Stadium,2,19.8,Kings XI Punjab,Mumbai Indians,P Kumar,P Awana,DS Kulkarni,0,0,,,,,,caught,P Kumar,,
