match_id,season,start_date,venue,innings,ball,batting_team,bowling_team,striker,non_striker,bowler,runs_off_bat,extras,wides,noballs,byes,legbyes,penalty,wicket_type,player_dismissed,other_wicket_type,other_player_dismissed
598026,2013,2013-04-22,"MA Chidambaram Stadium, Chepauk",1,0.1,Rajasthan Royals,Chennai Super Kings,SR Watson,AM Rahane,MM Sharma,4,0,,,,,,,,,
598026,2013,2013-04-22,"MA Chidambaram Stadium, Chepauk",1,0.2,Rajasthan Royals,Chennai Super Kings,SR Watson,AM Rahane,MM Sharma,0,0,,,,,,,,,
598026,2013,2013-04-22,"MA Chidambaram Stadium, Chepauk",1,0.3,Rajasthan Royals,Chennai Super Kings,SR Watson,AM Rahane,MM Sharma,0,0,,,,,,,,,
598026,2013,2013-04-22,"MA Chidambaram Stadium, Chepauk",1,0.4,Rajasthan Royals,Chennai Super Kings,SR Watson,AM Rahane,MM Sharma,0,0,,,,,,,,,
598026,2013,2013-04-22,"MA Chidambaram Stadium, Chepauk",1,0.5,Rajasthan Royals,Chennai Super Kings,SR Watson,AM Rahane,MM Sharma,1,0,,,,,,,,,
598026,2013,2013-04-22,"MA Chidambaram Stadium, Chepauk",1,0.6,Rajasthan Royals,Chennai Super Kings,AM Rahane,SR Watson,MM Sharma,0,0,,,,,,,,,
598026,2013,2013-04-22,"MA Chidambaram Stadium, Chepauk",1,1.1,Rajasthan Royals,Chennai Super Kings,SR Watson,AM Rahane,JO Holder,0,0,,,,,,,,,
598026,2013,2013-04-22,"MA Chidambaram Stadium, Chepauk",1,1.2,Rajasthan Royals,Chennai Super Kings,SR Watson,AM Rahane,JO Holder,1,0,,,,,,,,,
598026,2013,2013-04-22,"MA Chidambaram Stadium, Chepauk",1,1.3,Rajasthan Royals,Chennai Super Kings,AM Rahane,SR Watson,JO Holder,1,0,,,,,,,,,
598026,2013,2013-04-22,"MA Chidambaram Stadium, Chepauk",1,1.4,Rajasthan Royals,Chennai Super Kings,SR Watson,AM Rahane,JO Holder,1,0,,,,,,,,,
598026,2013,2013-04-22,"MA Chidambaram Stadium, Chepauk",1,1.5,Rajasthan Royals,Chennai Super Kings,AM Rahane,SR Watson,JO Holder,0,0,,,,,,,,,
598026,2013,2013-04-22,"MA Chidambaram Stadium, Chepauk",1,1.6,Rajasthan Royals,Chennai Super Kings,AM Rahane,SR Watson,JO Holder,2,0,,,,,,,,,
598026,2013,2013-04-22,"MA Chidambaram Stadium, Chepauk",1,2.1,Rajasthan Royals,Chennai Super Kings,SR Watson,AM Rahane,MM Sharma,6,0,,,,,,,,,
598026,2013,2013-04-22,"MA Chidambaram Stadium, Chepauk",1,2.2,Rajasthan Royals,Chennai Super Kings,SR Watson,AM Rahane,MM Sharma,1,0,,,,,,,,,
598026,2013,2013-04-22,"MA Chidambaram Stadium, Chepauk",1,2.3,Rajasthan Royals,Chennai Super Kings,AM Rahane,SR Watson,MM Sharma,0,0,,,,,,,,,
598026,2013,2013-04-22,"MA Chidambaram Stadium, Chepauk",1,2.4,Rajasthan Royals,Chennai Super Kings,AM Rahane,SR Watson,MM Sharma,2,0,,,,,,,,,
598026,2013,2013-04-22,"MA Chidambaram Stadium, Chepauk",1,2.5,Rajasthan Royals,Chennai Super Kings,AM Rahane,SR Watson,MM Sharma,1,0,,,,,,,,,
598026,2013,2013-04-22,"MA Chidambaram Stadium, Chepauk",1,2.6,Rajasthan Royals,Chennai Super Kings,SR Watson,AM Rahane,MM Sharma,4,0,,,,,,,,,
598026,2013,2013-04-22,"MA Chidambaram Stadium, Chepauk",1,3.1,Rajasthan Royals,Chennai Super Kings,AM Rahane,SR Watson,JO Holder,1,0,,,,,,,,,
598026,2013,2013-04-22,"MA Chidambaram Stadium, Chepauk",1,3.2,Rajasthan Royals,Chennai Super Kings,SR Watson,AM Rahane,JO Holder,1,0,,,,,,,,,
598026,2013,2013-04-22,"MA Chidambaram Stadium, Chepauk",1,3.3,Rajasthan Royals,Chennai Super Kings,AM Rahane,SR Watson,JO Holder,4,0,,,,,,,,,
598026,2013,2013-04-22,"MA Chidambaram Stadium, Chepauk",1,3.4,Rajasthan Royals,Chennai Super Kings,AM Rahane,SR Watson,JO Holder,1,0,,,,,,,,,
598026,2013,2013-04-22,"MA Chidambaram Stadium, Chepauk",1,3.5,Rajasthan Royals,Chennai Super Kings,SR Watson,AM Rahane,JO Holder,0,0,,,,,,,,,
598026,2013,2013-04-22,"MA Chidambaram Stadium, Chepauk",1,3.6,Rajasthan Royals,Chennai Super Kings,SR Watson,AM Rahane,JO Holder,1,0,,,,,,,,,
598026,2013,2013-04-22,"MA Chidambaram Stadium, Chepauk",1,4.1,Rajasthan Royals,Chennai Super Kings,SR Watson,AM Rahane,CH Morris,4,0,,,,,,,,,
598026,2013,2013-04-22,"MA Chidambaram Stadium, Chepauk",1,4.2,Rajasthan Royals,Chennai Super Kings,SR Watson,AM Rahane,CH Morris,0,0,,,,,,,,,
598026,2013,2013-04-22,"MA Chidambaram Stadium, Chepauk",1,4.3,Rajasthan Royals,Chennai Super Kings,SR Watson,AM Rahane,CH Morris,2,0,,,,,,,,,
598026,2013,2013-04-22,"MA Chidambaram Stadium, Chepauk",1,4.4,Rajasthan Royals,Chennai Super Kings,SR Watson,AM Rahane,CH Morris,6,0,,,,,,,,,
598026,2013,2013-04-22,"MA Chidambaram Stadium, Chepauk",1,4.5,Rajasthan Royals,Chennai Super Kings,SR Watson,AM Rahane,CH Morris,1,0,,,,,,,,,
598026,2013,2013-04-22,"MA Chidambaram Stadium, Chepauk",1,4.6,Rajasthan Royals,Chennai Super Kings,AM Rahane,SR Watson,CH Morris,0,1,1,,,,,,,,
598026,2013,2013-04-22,"MA Chidambaram Stadium, Chepauk",1,4.7,Rajasthan Royals,Chennai Super Kings,AM Rahane,SR Watson,CH Morris,2,0,,,,,,,,,
598026,2013,2013-04-22,"MA Chidambaram Stadium, Chepauk",1,5.1,Rajasthan Royals,Chennai Super Kings,SR Watson,AM Rahane,R Ashwin,0,0,,,,,,,,,
598026,2013,2013-04-22,"MA Chidambaram Stadium, Chepauk",1,5.2,Rajasthan Royals,Chennai Super Kings,SR Watson,AM Rahane,R Ashwin,0,0,,,,,,,,,
598026,2013,2013-04-22,"MA Chidambaram Stadium, Chepauk",1,5.3,Rajasthan Royals,Chennai Super Kings,SR Watson,AM Rahane,R Ashwin,1,0,,,,,,,,,
598026,2013,2013-04-22,"MA Chidambaram Stadium, Chepauk",1,5.4,Rajasthan Royals,Chennai Super Kings,AM Rahane,SR Watson,R Ashwin,1,0,,,,,,,,,
598026,2013,2013-04-22,"MA Chidambaram Stadium, Chepauk",1,5.5,Rajasthan Royals,Chennai Super Kings,SR Watson,AM Rahane,R Ashwin,4,0,,,,,,,,,
598026,2013,2013-04-22,"MA Chidambaram Stadium, Chepauk",1,5.6,Rajasthan Royals,Chennai Super Kings,SR Watson,AM Rahane,R Ashwin,1,0,,,,,,,,,
598026,2013,2013-04-22,"MA Chidambaram Stadium, Chepauk",1,6.1,Rajasthan Royals,Chennai Super Kings,SR Watson,AM Rahane,RA Jadeja,2,0,,,,,,,,,
598026,2013,2013-04-22,"MA Chidambaram Stadium, Chepauk",1,6.2,Rajasthan Royals,Chennai Super Kings,SR Watson,AM Rahane,RA Jadeja,4,0,,,,,,,,,
598026,2013,2013-04-22,"MA Chidambaram Stadium, Chepauk",1,6.3,Rajasthan Royals,Chennai Super Kings,SR Watson,AM Rahane,RA Jadeja,1,0,,,,,,,,,
598026,2013,2013-04-22,"MA Chidambaram Stadium, Chepauk",1,6.4,Rajasthan Royals,Chennai Super Kings,AM Rahane,SR Watson,RA Jadeja,1,0,,,,,,,,,
598026,2013,2013-04-22,"MA Chidambaram Stadium, Chepauk",1,6.5,Rajasthan Royals,Chennai Super Kings,SR Watson,AM Rahane,RA Jadeja,2,0,,,,,,,,,
598026,2013,2013-04-22,"MA Chidambaram Stadium, Chepauk",1,6.6,Rajasthan Royals,Chennai Super Kings,SR Watson,AM Rahane,RA Jadeja,6,0,,,,,,,,,
598026,2013,2013-04-22,"MA Chidambaram Stadium, Chepauk",1,7.1,Rajasthan Royals,Chennai Super Kings,AM Rahane,SR Watson,R Ashwin,0,0,,,,,,,,,
598026,2013,2013-04-22,"MA Chidambaram Stadium, Chepauk",1,7.2,Rajasthan Royals,Chennai Super Kings,AM Rahane,SR Watson,R Ashwin,0,0,,,,,,bowled,AM Rahane,,
598026,2013,2013-04-22,"MA Chidambaram Stadium, Chepauk",1,7.3,Rajasthan Royals,Chennai Super Kings,DH Yagnik,SR Watson,R Ashwin,1,0,,,,,,,,,
598026,2013,2013-04-22,"MA Chidambaram Stadium, Chepauk",1,7.4,Rajasthan Royals,Chennai Super Kings,SR Watson,DH Yagnik,R Ashwin,1,0,,,,,,,,,
598026,2013,2013-04-22,"MA Chidambaram Stadium, Chepauk",1,7.5,Rajasthan Royals,Chennai Super Kings,DH Yagnik,SR Watson,R Ashwin,1,0,,,,,,,,,
598026,2013,2013-04-22,"MA Chidambaram Stadium, Chepauk",1,7.6,Rajasthan Royals,Chennai Super Kings,SR Watson,DH Yagnik,R Ashwin,0,0,,,,,,,,,
598026,2013,2013-04-22,"MA Chidambaram Stadium, Chepauk",1,8.1,Rajasthan Royals,Chennai Super Kings,DH Yagnik,SR Watson,JO Holder,0,0,,,,,,,,,
598026,2013,2013-04-22,"MA Chidambaram Stadium, Chepauk",1,8.2,Rajasthan Royals,Chennai Super Kings,DH Yagnik,SR Watson,JO Holder,0,0,,,,,,,,,
598026,2013,2013-04-22,"MA Chidambaram Stadium, Chepauk",1,8.3,Rajasthan Royals,Chennai Super Kings,DH Yagnik,SR Watson,JO Holder,4,0,,,,,,,,,
598026,2013,2013-04-22,"MA Chidambaram Stadium, Chepauk",1,8.4,Rajasthan Royals,Chennai Super Kings,DH Yagnik,SR Watson,JO Holder,1,0,,,,,,,,,
598026,2013,2013-04-22,"MA Chidambaram Stadium, Chepauk",1,8.5,Rajasthan Royals,Chennai Super Kings,SR Watson,DH Yagnik,JO Holder,0,1,1,,,,,,,,
598026,2013,2013-04-22,"MA Chidambaram Stadium, Chepauk",1,8.6,Rajasthan Royals,Chennai Super Kings,SR Watson,DH Yagnik,JO Holder,0,0,,,,,,,,,
598026,2013,2013-04-22,"MA Chidambaram Stadium, Chepauk",1,8.7,Rajasthan Royals,Chennai Super Kings,SR Watson,DH Yagnik,JO Holder,2,0,,,,,,,,,
598026,2013,2013-04-22,"MA Chidambaram Stadium, Chepauk",1,9.1,Rajasthan Royals,Chennai Super Kings,DH Yagnik,SR Watson,R Ashwin,0,1,,,,1,,,,,
598026,2013,2013-04-22,"MA Chidambaram Stadium, Chepauk",1,9.2,Rajasthan Royals,Chennai Super Kings,SR Watson,DH Yagnik,R Ashwin,1,0,,,,,,,,,
598026,2013,2013-04-22,"MA Chidambaram Stadium, Chepauk",1,9.3,Rajasthan Royals,Chennai Super Kings,DH Yagnik,SR Watson,R Ashwin,0,0,,,,,,caught and bowled,DH Yagnik,,
598026,2013,2013-04-22,"MA Chidambaram Stadium, Chepauk",1,9.4,Rajasthan Royals,Chennai Super Kings,R Dravid,SR Watson,R Ashwin,2,0,,,,,,,,,
598026,2013,2013-04-22,"MA Chidambaram Stadium, Chepauk",1,9.5,Rajasthan Royals,Chennai Super Kings,R Dravid,SR Watson,R Ashwin,1,0,,,,,,,,,
598026,2013,2013-04-22,"MA Chidambaram Stadium, Chepauk",1,9.6,Rajasthan Royals,Chennai Super Kings,SR Watson,R Dravid,R Ashwin,1,0,,,,,,,,,
598026,2013,2013-04-22,"MA Chidambaram Stadium, Chepauk",1,10.1,Rajasthan Royals,Chennai Super Kings,SR Watson,R Dravid,JO Holder,1,0,,,,,,,,,
598026,2013,2013-04-22,"MA Chidambaram Stadium, Chepauk",1,10.2,Rajasthan Royals,Chennai Super Kings,R Dravid,SR Watson,JO Holder,0,1,1,,,,,,,,
598026,2013,2013-04-22,"MA Chidambaram Stadium, Chepauk",1,10.3,Rajasthan Royals,Chennai Super Kings,R Dravid,SR Watson,JO Holder,1,0,,,,,,,,,
598026,2013,2013-04-22,"MA Chidambaram Stadium, Chepauk",1,10.4,Rajasthan Royals,Chennai Super Kings,SR Watson,R Dravid,JO Holder,1,0,,,,,,,,,
598026,2013,2013-04-22,"MA Chidambaram Stadium, Chepauk",1,10.5,Rajasthan Royals,Chennai Super Kings,R Dravid,SR Watson,JO Holder,0,1,,,,1,,,,,
598026,2013,2013-04-22,"MA Chidambaram Stadium, Chepauk",1,10.6,Rajasthan Royals,Chennai Super Kings,SR Watson,R Dravid,JO Holder,4,0,,,,,,,,,
598026,2013,2013-04-22,"MA Chidambaram Stadium, Chepauk",1,10.7,Rajasthan Royals,Chennai Super Kings,SR Watson,R Dravid,JO Holder,1,0,,,,,,,,,
598026,2013,2013-04-22,"MA Chidambaram Stadium, Chepauk",1,11.1,Rajasthan Royals,Chennai Super Kings,SR Watson,R Dravid,R Ashwin,1,0,,,,,,,,,
598026,2013,2013-04-22,"MA Chidambaram Stadium, Chepauk",1,11.2,Rajasthan Royals,Chennai Super Kings,R Dravid,SR Watson,R Ashwin,1,0,,,,,,,,,
598026,2013,2013-04-22,"MA Chidambaram Stadium, Chepauk",1,11.3,Rajasthan Royals,Chennai Super Kings,SR Watson,R Dravid,R Ashwin,1,0,,,,,,,,,
598026,2013,2013-04-22,"MA Chidambaram Stadium, Chepauk",1,11.4,Rajasthan Royals,Chennai Super Kings,R Dravid,SR Watson,R Ashwin,1,0,,,,,,,,,
598026,2013,2013-04-22,"MA Chidambaram Stadium, Chepauk",1,11.5,Rajasthan Royals,Chennai Super Kings,SR Watson,R Dravid,R Ashwin,1,0,,,,,,,,,
598026,2013,2013-04-22,"MA Chidambaram Stadium, Chepauk",1,11.6,Rajasthan Royals,Chennai Super Kings,R Dravid,SR Watson,R Ashwin,0,0,,,,,,,,,
598026,2013,2013-04-22,"MA Chidambaram Stadium, Chepauk",1,12.1,Rajasthan Royals,Chennai Super Kings,SR Watson,R Dravid,CH Morris,6,0,,,,,,,,,
598026,2013,2013-04-22,"MA Chidambaram Stadium, Chepauk",1,12.2,Rajasthan Royals,Chennai Super Kings,SR Watson,R Dravid,CH Morris,0,0,,,,,,,,,
598026,2013,2013-04-22,"MA Chidambaram Stadium, Chepauk",1,12.3,Rajasthan Royals,Chennai Super Kings,SR Watson,R Dravid,CH Morris,0,0,,,,,,,,,
598026,2013,2013-04-22,"MA Chidambaram Stadium, Chepauk",1,12.4,Rajasthan Royals,Chennai Super Kings,SR Watson,R Dravid,CH Morris,2,0,,,,,,,,,
598026,2013,2013-04-22,"MA Chidambaram Stadium, Chepauk",1,12.5,Rajasthan Royals,Chennai Super Kings,SR Watson,R Dravid,CH Morris,1,0,,,,,,,,,
598026,2013,2013-04-22,"MA Chidambaram Stadium, Chepauk",1,12.6,Rajasthan Royals,Chennai Super Kings,R Dravid,SR Watson,CH Morris,0,0,,,,,,,,,
598026,2013,2013-04-22,"MA Chidambaram Stadium, Chepauk",1,13.1,Rajasthan Royals,Chennai Super Kings,SR Watson,R Dravid,DJ Bravo,1,0,,,,,,,,,
598026,2013,2013-04-22,"MA Chidambaram Stadium, Chepauk",1,13.2,Rajasthan Royals,Chennai Super Kings,R Dravid,SR Watson,DJ Bravo,0,0,,,,,,caught,R Dravid,,
598026,2013,2013-04-22,"MA Chidambaram Stadium, Chepauk",1,13.3,Rajasthan Royals,Chennai Super Kings,STR Binny,SR Watson,DJ Bravo,0,0,,,,,,,,,
598026,2013,2013-04-22,"MA Chidambaram Stadium, Chepauk",1,13.4,Rajasthan Royals,Chennai Super Kings,STR Binny,SR Watson,DJ Bravo,2,0,,,,,,,,,
598026,2013,2013-04-22,"MA Chidambaram Stadium, Chepauk",1,13.5,Rajasthan Royals,Chennai Super Kings,STR Binny,SR Watson,DJ Bravo,4,0,,,,,,,,,
598026,2013,2013-04-22,"MA Chidambaram Stadium, Chepauk",1,13.6,Rajasthan Royals,Chennai Super Kings,STR Binny,SR Watson,DJ Bravo,1,0,,,,,,,,,
598026,2013,2013-04-22,"MA Chidambaram Stadium, Chepauk",1,14.1,Rajasthan Royals,Chennai Super Kings,STR Binny,SR Watson,RA Jadeja,1,0,,,,,,,,,
598026,2013,2013-04-22,"MA Chidambaram Stadium, Chepauk",1,14.2,Rajasthan Royals,Chennai Super Kings,SR Watson,STR Binny,RA Jadeja,1,0,,,,,,,,,
598026,2013,2013-04-22,"MA Chidambaram Stadium, Chepauk",1,14.3,Rajasthan Royals,Chennai Super Kings,STR Binny,SR Watson,RA Jadeja,3,0,,,,,,,,,
598026,2013,2013-04-22,"MA Chidambaram Stadium, Chepauk",1,14.4,Rajasthan Royals,Chennai Super Kings,SR Watson,STR Binny,RA Jadeja,1,0,,,,,,,,,
598026,2013,2013-04-22,"MA Chidambaram Stadium, Chepauk",1,14.5,Rajasthan Royals,Chennai Super Kings,STR Binny,SR Watson,RA Jadeja,4,0,,,,,,,,,
598026,2013,2013-04-22,"MA Chidambaram Stadium, Chepauk",1,14.6,Rajasthan Royals,Chennai Super Kings,STR Binny,SR Watson,RA Jadeja,1,0,,,,,,,,,
598026,2013,2013-04-22,"MA Chidambaram Stadium, Chepauk",1,15.1,Rajasthan Royals,Chennai Super Kings,STR Binny,SR Watson,DJ Bravo,0,0,,,,,,,,,
598026,2013,2013-04-22,"MA Chidambaram Stadium, Chepauk",1,15.2,Rajasthan Royals,Chennai Super Kings,STR Binny,SR Watson,DJ Bravo,1,0,,,,,,,,,
598026,2013,2013-04-22,"MA Chidambaram Stadium, Chepauk",1,15.3,Rajasthan Royals,Chennai Super Kings,SR Watson,STR Binny,DJ Bravo,2,0,,,,,,,,,
598026,2013,2013-04-22,"MA Chidambaram Stadium, Chepauk",1,15.4,Rajasthan Royals,Chennai Super Kings,SR Watson,STR Binny,DJ Bravo,1,0,,,,,,,,,
598026,2013,2013-04-22,"MA Chidambaram Stadium, Chepauk",1,15.5,Rajasthan Royals,Chennai Super Kings,STR Binny,SR Watson,DJ Bravo,1,0,,,,,,,,,
598026,2013,2013-04-22,"MA Chidambaram Stadium, Chepauk",1,15.6,Rajasthan Royals,Chennai Super Kings,SR Watson,STR Binny,DJ Bravo,0,1,,1,,,,,,,
598026,2013,2013-04-22,"MA Chidambaram Stadium, Chepauk",1,15.7,Rajasthan Royals,Chennai Super Kings,SR Watson,STR Binny,DJ Bravo,0,1,,,,1,,,,,
598026,2013,2013-04-22,"MA Chidambaram Stadium, Chepauk",1,16.1,Rajasthan Royals,Chennai Super Kings,SR Watson,STR Binny,RA Jadeja,6,0,,,,,,,,,
598026,2013,2013-04-22,"MA Chidambaram Stadium, Chepauk",1,16.2,Rajasthan Royals,Chennai Super Kings,SR Watson,STR Binny,RA Jadeja,0,1,1,,,,,,,,
598026,2013,2013-04-22,"MA Chidambaram Stadium, Chepauk",1,16.3,Rajasthan Royals,Chennai Super Kings,SR Watson,STR Binny,RA Jadeja,6,0,,,,,,,,,
598026,2013,2013-04-22,"MA Chidambaram Stadium, Chepauk",1,16.4,Rajasthan Royals,Chennai Super Kings,SR Watson,STR Binny,RA Jadeja,0,1,1,,,,,,,,
598026,2013,2013-04-22,"MA Chidambaram Stadium, Chepauk",1,16.5,Rajasthan Royals,Chennai Super Kings,SR Watson,STR Binny,RA Jadeja,0,0,,,,,,,,,
598026,2013,2013-04-22,"MA Chidambaram Stadium, Chepauk",1,16.6,Rajasthan Royals,Chennai Super Kings,SR Watson,STR Binny,RA Jadeja,1,0,,,,,,,,,
598026,2013,2013-04-22,"MA Chidambaram Stadium, Chepauk",1,16.7,Rajasthan Royals,Chennai Super Kings,STR Binny,SR Watson,RA Jadeja,1,0,,,,,,,,,
598026,2013,2013-04-22,"MA Chidambaram Stadium, Chepauk",1,16.8,Rajasthan Royals,Chennai Super Kings,SR Watson,STR Binny,RA Jadeja,2,0,,,,,,,,,
598026,2013,2013-04-22,"MA Chidambaram Stadium, Chepauk",1,17.1,Rajasthan Royals,Chennai Super Kings,STR Binny,SR Watson,DJ Bravo,1,0,,,,,,,,,
598026,2013,2013-04-22,"MA Chidambaram Stadium, Chepauk",1,17.2,Rajasthan Royals,Chennai Super Kings,SR Watson,STR Binny,DJ Bravo,2,0,,,,,,,,,
598026,2013,2013-04-22,"MA Chidambaram Stadium, Chepauk",1,17.3,Rajasthan Royals,Chennai Super Kings,SR Watson,STR Binny,DJ Bravo,0,0,,,,,,caught,SR Watson,,
598026,2013,2013-04-22,"MA Chidambaram Stadium, Chepauk",1,17.4,Rajasthan Royals,Chennai Super Kings,BJ Hodge,STR Binny,DJ Bravo,1,0,,,,,,,,,
598026,2013,2013-04-22,"MA Chidambaram Stadium, Chepauk",1,17.5,Rajasthan Royals,Chennai Super Kings,STR Binny,BJ Hodge,DJ Bravo,6,0,,,,,,,,,
598026,2013,2013-04-22,"MA Chidambaram Stadium, Chepauk",1,17.6,Rajasthan Royals,Chennai Super Kings,STR Binny,BJ Hodge,DJ Bravo,0,1,1,,,,,,,,
598026,2013,2013-04-22,"MA Chidambaram Stadium, Chepauk",1,17.7,Rajasthan Royals,Chennai Super Kings,STR Binny,BJ Hodge,DJ Bravo,1,0,,,,,,,,,
598026,2013,2013-04-22,"MA Chidambaram Stadium, Chepauk",1,18.1,Rajasthan Royals,Chennai Super Kings,STR Binny,BJ Hodge,CH Morris,1,0,,,,,,,,,
598026,2013,2013-04-22,"MA Chidambaram Stadium, Chepauk",1,18.2,Rajasthan Royals,Chennai Super Kings,BJ Hodge,STR Binny,CH Morris,1,0,,,,,,,,,
598026,2013,2013-04-22,"MA Chidambaram Stadium, Chepauk",1,18.3,Rajasthan Royals,Chennai Super Kings,STR Binny,BJ Hodge,CH Morris,0,0,,,,,,,,,
598026,2013,2013-04-22,"MA Chidambaram Stadium, Chepauk",1,18.4,Rajasthan Royals,Chennai Super Kings,STR Binny,BJ Hodge,CH Morris,4,0,,,,,,,,,
598026,2013,2013-04-22,"MA Chidambaram Stadium, Chepauk",1,18.5,Rajasthan Royals,Chennai Super Kings,STR Binny,BJ Hodge,CH Morris,1,0,,,,,,,,,
598026,2013,2013-04-22,"MA Chidambaram Stadium, Chepauk",1,18.6,Rajasthan Royals,Chennai Super Kings,BJ Hodge,STR Binny,CH Morris,0,0,,,,,,,,,
598026,2013,2013-04-22,"MA Chidambaram Stadium, Chepauk",1,19.1,Rajasthan Royals,Chennai Super Kings,STR Binny,BJ Hodge,DJ Bravo,0,0,,,,,,,,,
598026,2013,2013-04-22,"MA Chidambaram Stadium, Chepauk",1,19.2,Rajasthan Royals,Chennai Super Kings,STR Binny,BJ Hodge,DJ Bravo,1,0,,,,,,,,,
598026,2013,2013-04-22,"MA Chidambaram Stadium, Chepauk",1,19.3,Rajasthan Royals,Chennai Super Kings,BJ Hodge,STR Binny,DJ Bravo,2,0,,,,,,,,,
598026,2013,2013-04-22,"MA Chidambaram Stadium, Chepauk",1,19.4,Rajasthan Royals,Chennai Super Kings,BJ Hodge,STR Binny,DJ Bravo,4,0,,,,,,,,,
598026,2013,2013-04-22,"MA Chidambaram Stadium, Chepauk",1,19.5,Rajasthan Royals,Chennai Super Kings,BJ Hodge,STR Binny,DJ Bravo,1,0,,,,,,,,,
598026,2013,2013-04-22,"MA Chidambaram Stadium, Chepauk",1,19.6,Rajasthan Royals,Chennai Super Kings,STR Binny,BJ Hodge,DJ Bravo,2,0,,,,,,,,,
598026,2013,2013-04-22,"MA Chidambaram Stadium, Chepauk",2,0.1,Chennai Super Kings,Rajasthan Royals,M Vijay,MEK Hussey,A Chandila,1,0,,,,,,,,,
598026,2013,2013-04-22,"MA Chidambaram Stadium, Chepauk",2,0.2,Chennai Super Kings,Rajasthan Royals,MEK Hussey,M Vijay,A Chandila,1,0,,,,,,,,,
598026,2013,2013-04-22,"MA Chidambaram Stadium, Chepauk",2,0.3,Chennai Super Kings,Rajasthan Royals,M Vijay,MEK Hussey,A Chandila,0,0,,,,,,,,,
598026,2013,2013-04-22,"MA Chidambaram Stadium, Chepauk",2,0.4,Chennai Super Kings,Rajasthan Royals,M Vijay,MEK Hussey,A Chandila,1,0,,,,,,,,,
598026,2013,2013-04-22,"MA Chidambaram Stadium, Chepauk",2,0.5,Chennai Super Kings,Rajasthan Royals,MEK Hussey,M Vijay,A Chandila,0,0,,,,,,,,,
598026,2013,2013-04-22,"MA Chidambaram Stadium, Chepauk",2,0.6,Chennai Super Kings,Rajasthan Royals,MEK Hussey,M Vijay,A Chandila,1,0,,,,,,,,,
598026,2013,2013-04-22,"MA Chidambaram Stadium, Chepauk",2,1.1,Chennai Super Kings,Rajasthan Royals,MEK Hussey,M Vijay,R Shukla,1,0,,,,,,,,,
598026,2013,2013-04-22,"MA Chidambaram Stadium, Chepauk",2,1.2,Chennai Super Kings,Rajasthan Royals,M Vijay,MEK Hussey,R Shukla,1,0,,,,,,,,,
598026,2013,2013-04-22,"MA Chidambaram Stadium, Chepauk",2,1.3,Chennai Super Kings,Rajasthan Royals,MEK Hussey,M Vijay,R Shukla,4,0,,,,,,,,,
598026,2013,2013-04-22,"MA Chidambaram Stadium, Chepauk",2,1.4,Chennai Super Kings,Rajasthan Royals,MEK Hussey,M Vijay,R Shukla,4,0,,,,,,,,,
598026,2013,2013-04-22,"MA Chidambaram Stadium, Chepauk",2,1.5,Chennai Super Kings,Rajasthan Royals,MEK Hussey,M Vijay,R Shukla,0,0,,,,,,,,,
598026,2013,2013-04-22,"MA Chidambaram Stadium, Chepauk",2,1.6,Chennai Super Kings,Rajasthan Royals,MEK Hussey,M Vijay,R Shukla,1,0,,,,,,,,,
598026,2013,2013-04-22,"MA Chidambaram Stadium, Chepauk",2,2.1,Chennai Super Kings,Rajasthan Royals,MEK Hussey,M Vijay,A Chandila,6,0,,,,,,,,,
598026,2013,2013-04-22,"MA Chidambaram Stadium, Chepauk",2,2.2,Chennai Super Kings,Rajasthan Royals,MEK Hussey,M Vijay,A Chandila,1,0,,,,,,,,,
598026,2013,2013-04-22,"MA Chidambaram Stadium, Chepauk",2,2.3,Chennai Super Kings,Rajasthan Royals,M Vijay,MEK Hussey,A Chandila,0,0,,,,,,caught and bowled,M Vijay,,
598026,2013,2013-04-22,"MA Chidambaram Stadium, Chepauk",2,2.4,Chennai Super Kings,Rajasthan Royals,SK Raina,MEK Hussey,A Chandila,0,0,,,,,,,,,
598026,2013,2013-04-22,"MA Chidambaram Stadium, Chepauk",2,2.5,Chennai Super Kings,Rajasthan Royals,SK Raina,MEK Hussey,A Chandila,1,0,,,,,,,,,
598026,2013,2013-04-22,"MA Chidambaram Stadium, Chepauk",2,2.6,Chennai Super Kings,Rajasthan Royals,MEK Hussey,SK Raina,A Chandila,1,0,,,,,,,,,
598026,2013,2013-04-22,"MA Chidambaram Stadium, Chepauk",2,3.1,Chennai Super Kings,Rajasthan Royals,MEK Hussey,SK Raina,R Shukla,4,0,,,,,,,,,
598026,2013,2013-04-22,"MA Chidambaram Stadium, Chepauk",2,3.2,Chennai Super Kings,Rajasthan Royals,MEK Hussey,SK Raina,R Shukla,1,0,,,,,,,,,
598026,2013,2013-04-22,"MA Chidambaram Stadium, Chepauk",2,3.3,Chennai Super Kings,Rajasthan Royals,SK Raina,MEK Hussey,R Shukla,4,0,,,,,,,,,
598026,2013,2013-04-22,"MA Chidambaram Stadium, Chepauk",2,3.4,Chennai Super Kings,Rajasthan Royals,SK Raina,MEK Hussey,R Shukla,0,0,,,,,,,,,
598026,2013,2013-04-22,"MA Chidambaram Stadium, Chepauk",2,3.5,Chennai Super Kings,Rajasthan Royals,SK Raina,MEK Hussey,R Shukla,0,1,,,,1,,,,,
598026,2013,2013-04-22,"MA Chidambaram Stadium, Chepauk",2,3.6,Chennai Super Kings,Rajasthan Royals,MEK Hussey,SK Raina,R Shukla,4,0,,,,,,,,,
598026,2013,2013-04-22,"MA Chidambaram Stadium, Chepauk",2,4.1,Chennai Super Kings,Rajasthan Royals,SK Raina,MEK Hussey,JP Faulkner,4,0,,,,,,,,,
598026,2013,2013-04-22,"MA Chidambaram Stadium, Chepauk",2,4.2,Chennai Super Kings,Rajasthan Royals,SK Raina,MEK Hussey,JP Faulkner,0,0,,,,,,,,,
598026,2013,2013-04-22,"MA Chidambaram Stadium, Chepauk",2,4.3,Chennai Super Kings,Rajasthan Royals,SK Raina,MEK Hussey,JP Faulkner,1,0,,,,,,,,,
598026,2013,2013-04-22,"MA Chidambaram Stadium, Chepauk",2,4.4,Chennai Super Kings,Rajasthan Royals,MEK Hussey,SK Raina,JP Faulkner,0,0,,,,,,,,,
598026,2013,2013-04-22,"MA Chidambaram Stadium, Chepauk",2,4.5,Chennai Super Kings,Rajasthan Royals,MEK Hussey,SK Raina,JP Faulkner,1,0,,,,,,,,,
598026,2013,2013-04-22,"MA Chidambaram Stadium, Chepauk",2,4.6,Chennai Super Kings,Rajasthan Royals,SK Raina,MEK Hussey,JP Faulkner,1,0,,,,,,,,,
598026,2013,2013-04-22,"MA Chidambaram Stadium, Chepauk",2,5.1,Chennai Super Kings,Rajasthan Royals,SK Raina,MEK Hussey,KK Cooper,6,0,,,,,,,,,
598026,2013,2013-04-22,"MA Chidambaram Stadium, Chepauk",2,5.2,Chennai Super Kings,Rajasthan Royals,SK Raina,MEK Hussey,KK Cooper,0,0,,,,,,,,,
598026,2013,2013-04-22,"MA Chidambaram Stadium, Chepauk",2,5.3,Chennai Super Kings,Rajasthan Royals,SK Raina,MEK Hussey,KK Cooper,1,0,,,,,,,,,
598026,2013,2013-04-22,"MA Chidambaram Stadium, Chepauk",2,5.4,Chennai Super Kings,Rajasthan Royals,MEK Hussey,SK Raina,KK Cooper,4,0,,,,,,,,,
598026,2013,2013-04-22,"MA Chidambaram Stadium, Chepauk",2,5.5,Chennai Super Kings,Rajasthan Royals,MEK Hussey,SK Raina,KK Cooper,0,1,,,,1,,,,,
598026,2013,2013-04-22,"MA Chidambaram Stadium, Chepauk",2,5.6,Chennai Super Kings,Rajasthan Royals,SK Raina,MEK Hussey,KK Cooper,1,0,,,,,,,,,
598026,2013,2013-04-22,"MA Chidambaram Stadium, Chepauk",2,6.1,Chennai Super Kings,Rajasthan Royals,SK Raina,MEK Hussey,A Chandila,1,0,,,,,,,,,
598026,2013,2013-04-22,"MA Chidambaram Stadium, Chepauk",2,6.2,Chennai Super Kings,Rajasthan Royals,MEK Hussey,SK Raina,A Chandila,0,0,,,,,,,,,
598026,2013,2013-04-22,"MA Chidambaram Stadium, Chepauk",2,6.3,Chennai Super Kings,Rajasthan Royals,MEK Hussey,SK Raina,A Chandila,0,0,,,,,,,,,
598026,2013,2013-04-22,"MA Chidambaram Stadium, Chepauk",2,6.4,Chennai Super Kings,Rajasthan Royals,MEK Hussey,SK Raina,A Chandila,1,0,,,,,,,,,
598026,2013,2013-04-22,"MA Chidambaram Stadium, Chepauk",2,6.5,Chennai Super Kings,Rajasthan Royals,SK Raina,MEK Hussey,A Chandila,0,0,,,,,,,,,
598026,2013,2013-04-22,"MA Chidambaram Stadium, Chepauk",2,6.6,Chennai Super Kings,Rajasthan Royals,SK Raina,MEK Hussey,A Chandila,1,0,,,,,,,,,
598026,2013,2013-04-22,"MA Chidambaram Stadium, Chepauk",2,7.1,Chennai Super Kings,Rajasthan Royals,SK Raina,MEK Hussey,SK Trivedi,1,0,,,,,,,,,
598026,2013,2013-04-22,"MA Chidambaram Stadium, Chepauk",2,7.2,Chennai Super Kings,Rajasthan Royals,MEK Hussey,SK Raina,SK Trivedi,1,0,,,,,,,,,
598026,2013,2013-04-22,"MA Chidambaram Stadium, Chepauk",2,7.3,Chennai Super Kings,Rajasthan Royals,SK Raina,MEK Hussey,SK Trivedi,1,0,,,,,,,,,
598026,2013,2013-04-22,"MA Chidambaram Stadium, Chepauk",2,7.4,Chennai Super Kings,Rajasthan Royals,MEK Hussey,SK Raina,SK Trivedi,1,0,,,,,,,,,
598026,2013,2013-04-22,"MA Chidambaram Stadium, Chepauk",2,7.5,Chennai Super Kings,Rajasthan Royals,SK Raina,MEK Hussey,SK Trivedi,4,0,,,,,,,,,
598026,2013,2013-04-22,"MA Chidambaram Stadium, Chepauk",2,7.6,Chennai Super Kings,Rajasthan Royals,SK Raina,MEK Hussey,SK Trivedi,1,0,,,,,,,,,
598026,2013,2013-04-22,"MA Chidambaram Stadium, Chepauk",2,8.1,Chennai Super Kings,Rajasthan Royals,SK Raina,MEK Hussey,SR Watson,6,0,,,,,,,,,
598026,2013,2013-04-22,"MA Chidambaram Stadium, Chepauk",2,8.2,Chennai Super Kings,Rajasthan Royals,SK Raina,MEK Hussey,SR Watson,1,0,,,,,,,,,
598026,2013,2013-04-22,"MA Chidambaram Stadium, Chepauk",2,8.3,Chennai Super Kings,Rajasthan Royals,MEK Hussey,SK Raina,SR Watson,0,1,,,,1,,,,,
598026,2013,2013-04-22,"MA Chidambaram Stadium, Chepauk",2,8.4,Chennai Super Kings,Rajasthan Royals,SK Raina,MEK Hussey,SR Watson,1,0,,,,,,,,,
598026,2013,2013-04-22,"MA Chidambaram Stadium, Chepauk",2,8.5,Chennai Super Kings,Rajasthan Royals,MEK Hussey,SK Raina,SR Watson,1,0,,,,,,,,,
598026,2013,2013-04-22,"MA Chidambaram Stadium, Chepauk",2,8.6,Chennai Super Kings,Rajasthan Royals,SK Raina,MEK Hussey,SR Watson,1,0,,,,,,,,,
598026,2013,2013-04-22,"MA Chidambaram Stadium, Chepauk",2,9.1,Chennai Super Kings,Rajasthan Royals,SK Raina,MEK Hussey,SK Trivedi,1,0,,,,,,,,,
598026,2013,2013-04-22,"MA Chidambaram Stadium, Chepauk",2,9.2,Chennai Super Kings,Rajasthan Royals,MEK Hussey,SK Raina,SK Trivedi,2,0,,,,,,,,,
598026,2013,2013-04-22,"MA Chidambaram Stadium, Chepauk",2,9.3,Chennai Super Kings,Rajasthan Royals,MEK Hussey,SK Raina,SK Trivedi,4,0,,,,,,,,,
598026,2013,2013-04-22,"MA Chidambaram Stadium, Chepauk",2,9.4,Chennai Super Kings,Rajasthan Royals,MEK Hussey,SK Raina,SK Trivedi,1,0,,,,,,,,,
598026,2013,2013-04-22,"MA Chidambaram Stadium, Chepauk",2,9.5,Chennai Super Kings,Rajasthan Royals,SK Raina,MEK Hussey,SK Trivedi,2,0,,,,,,,,,
598026,2013,2013-04-22,"MA Chidambaram Stadium, Chepauk",2,9.6,Chennai Super Kings,Rajasthan Royals,SK Raina,MEK Hussey,SK Trivedi,1,0,,,,,,,,,
598026,2013,2013-04-22,"MA Chidambaram Stadium, Chepauk",2,10.1,Chennai Super Kings,Rajasthan Royals,SK Raina,MEK Hussey,KK Cooper,4,0,,,,,,,,,
598026,2013,2013-04-22,"MA Chidambaram Stadium, Chepauk",2,10.2,Chennai Super Kings,Rajasthan Royals,SK Raina,MEK Hussey,KK Cooper,1,0,,,,,,,,,
598026,2013,2013-04-22,"MA Chidambaram Stadium, Chepauk",2,10.3,Chennai Super Kings,Rajasthan Royals,MEK Hussey,SK Raina,KK Cooper,0,0,,,,,,,,,
598026,2013,2013-04-22,"MA Chidambaram Stadium, Chepauk",2,10.4,Chennai Super Kings,Rajasthan Royals,MEK Hussey,SK Raina,KK Cooper,4,0,,,,,,,,,
598026,2013,2013-04-22,"MA Chidambaram Stadium, Chepauk",2,10.5,Chennai Super Kings,Rajasthan Royals,MEK Hussey,SK Raina,KK Cooper,1,0,,,,,,,,,
598026,2013,2013-04-22,"MA Chidambaram Stadium, Chepauk",2,10.6,Chennai Super Kings,Rajasthan Royals,SK Raina,MEK Hussey,KK Cooper,1,0,,,,,,,,,
598026,2013,2013-04-22,"MA Chidambaram Stadium, Chepauk",2,11.1,Chennai Super Kings,Rajasthan Royals,SK Raina,MEK Hussey,STR Binny,1,0,,,,,,,,,
598026,2013,2013-04-22,"MA Chidambaram Stadium, Chepauk",2,11.2,Chennai Super Kings,Rajasthan Royals,MEK Hussey,SK Raina,STR Binny,1,0,,,,,,,,,
598026,2013,2013-04-22,"MA Chidambaram Stadium, Chepauk",2,11.3,Chennai Super Kings,Rajasthan Royals,SK Raina,MEK Hussey,STR Binny,1,0,,,,,,,,,
598026,2013,2013-04-22,"MA Chidambaram Stadium, Chepauk",2,11.4,Chennai Super Kings,Rajasthan Royals,MEK Hussey,SK Raina,STR Binny,1,0,,,,,,,,,
598026,2013,2013-04-22,"MA Chidambaram Stadium, Chepauk",2,11.5,Chennai Super Kings,Rajasthan Royals,SK Raina,MEK Hussey,STR Binny,1,0,,,,,,,,,
598026,2013,2013-04-22,"MA Chidambaram Stadium, Chepauk",2,11.6,Chennai Super Kings,Rajasthan Royals,MEK Hussey,SK Raina,STR Binny,1,0,,,,,,,,,
598026,2013,2013-04-22,"MA Chidambaram Stadium, Chepauk",2,12.1,Chennai Super Kings,Rajasthan Royals,MEK Hussey,SK Raina,JP Faulkner,1,0,,,,,,,,,
598026,2013,2013-04-22,"MA Chidambaram Stadium, Chepauk",2,12.2,Chennai Super Kings,Rajasthan Royals,SK Raina,MEK Hussey,JP Faulkner,1,0,,,,,,,,,
598026,2013,2013-04-22,"MA Chidambaram Stadium, Chepauk",2,12.3,Chennai Super Kings,Rajasthan Royals,MEK Hussey,SK Raina,JP Faulkner,1,0,,,,,,,,,
598026,2013,2013-04-22,"MA Chidambaram Stadium, Chepauk",2,12.4,Chennai Super Kings,Rajasthan Royals,SK Raina,MEK Hussey,JP Faulkner,0,0,,,,,,lbw,SK Raina,,
598026,2013,2013-04-22,"MA Chidambaram Stadium, Chepauk",2,12.5,Chennai Super Kings,Rajasthan Royals,MS Dhoni,MEK Hussey,JP Faulkner,1,0,,,,,,,,,
598026,2013,2013-04-22,"MA Chidambaram Stadium, Chepauk",2,12.6,Chennai Super Kings,Rajasthan Royals,MEK Hussey,MS Dhoni,JP Faulkner,1,0,,,,,,,,,
598026,2013,2013-04-22,"MA Chidambaram Stadium, Chepauk",2,13.1,Chennai Super Kings,Rajasthan Royals,MEK Hussey,MS Dhoni,STR Binny,1,0,,,,,,,,,
598026,2013,2013-04-22,"MA Chidambaram Stadium, Chepauk",2,13.2,Chennai Super Kings,Rajasthan Royals,MS Dhoni,MEK Hussey,STR Binny,1,0,,,,,,,,,
598026,2013,2013-04-22,"MA Chidambaram Stadium, Chepauk",2,13.3,Chennai Super Kings,Rajasthan Royals,MEK Hussey,MS Dhoni,STR Binny,0,1,1,,,,,,,,
598026,2013,2013-04-22,"MA Chidambaram Stadium, Chepauk",2,13.4,Chennai Super Kings,Rajasthan Royals,MEK Hussey,MS Dhoni,STR Binny,4,0,,,,,,,,,
598026,2013,2013-04-22,"MA Chidambaram Stadium, Chepauk",2,13.5,Chennai Super Kings,Rajasthan Royals,MEK Hussey,MS Dhoni,STR Binny,4,0,,,,,,,,,
598026,2013,2013-04-22,"MA Chidambaram Stadium, Chepauk",2,13.6,Chennai Super Kings,Rajasthan Royals,MEK Hussey,MS Dhoni,STR Binny,2,0,,,,,,,,,
598026,2013,2013-04-22,"MA Chidambaram Stadium, Chepauk",2,13.7,Chennai Super Kings,Rajasthan Royals,MEK Hussey,MS Dhoni,STR Binny,1,0,,,,,,,,,
598026,2013,2013-04-22,"MA Chidambaram Stadium, Chepauk",2,14.1,Chennai Super Kings,Rajasthan Royals,MEK Hussey,MS Dhoni,SK Trivedi,1,0,,,,,,,,,
598026,2013,2013-04-22,"MA Chidambaram Stadium, Chepauk",2,14.2,Chennai Super Kings,Rajasthan Royals,MS Dhoni,MEK Hussey,SK Trivedi,1,0,,,,,,,,,
598026,2013,2013-04-22,"MA Chidambaram Stadium, Chepauk",2,14.3,Chennai Super Kings,Rajasthan Royals,MEK Hussey,MS Dhoni,SK Trivedi,4,0,,,,,,,,,
598026,2013,2013-04-22,"MA Chidambaram Stadium, Chepauk",2,14.4,Chennai Super Kings,Rajasthan Royals,MEK Hussey,MS Dhoni,SK Trivedi,1,0,,,,,,,,,
598026,2013,2013-04-22,"MA Chidambaram Stadium, Chepauk",2,14.5,Chennai Super Kings,Rajasthan Royals,MS Dhoni,MEK Hussey,SK Trivedi,0,2,2,,,,,,,,
598026,2013,2013-04-22,"MA Chidambaram Stadium, Chepauk",2,14.6,Chennai Super Kings,Rajasthan Royals,MEK Hussey,MS Dhoni,SK Trivedi,1,0,,,,,,,,,
598026,2013,2013-04-22,"MA Chidambaram Stadium, Chepauk",2,14.7,Chennai Super Kings,Rajasthan Royals,MS Dhoni,MEK Hussey,SK Trivedi,2,0,,,,,,,,,
598026,2013,2013-04-22,"MA Chidambaram Stadium, Chepauk",2,15.1,Chennai Super Kings,Rajasthan Royals,MEK Hussey,MS Dhoni,KK Cooper,1,0,,,,,,,,,
598026,2013,2013-04-22,"MA Chidambaram Stadium, Chepauk",2,15.2,Chennai Super Kings,Rajasthan Royals,MS Dhoni,MEK Hussey,KK Cooper,1,0,,,,,,,,,
598026,2013,2013-04-22,"MA Chidambaram Stadium, Chepauk",2,15.3,Chennai Super Kings,Rajasthan Royals,MEK Hussey,MS Dhoni,KK Cooper,4,0,,,,,,,,,
598026,2013,2013-04-22,"MA Chidambaram Stadium, Chepauk",2,15.4,Chennai Super Kings,Rajasthan Royals,MEK Hussey,MS Dhoni,KK Cooper,0,0,,,,,,,,,
598026,2013,2013-04-22,"MA Chidambaram Stadium, Chepauk",2,15.5,Chennai Super Kings,Rajasthan Royals,MEK Hussey,MS Dhoni,KK Cooper,4,0,,,,,,,,,
598026,2013,2013-04-22,"MA Chidambaram Stadium, Chepauk",2,15.6,Chennai Super Kings,Rajasthan Royals,MEK Hussey,MS Dhoni,KK Cooper,4,0,,,,,,,,,
598026,2013,2013-04-22,"MA Chidambaram Stadium, Chepauk",2,16.1,Chennai Super Kings,Rajasthan Royals,MS Dhoni,MEK Hussey,JP Faulkner,0,0,,,,,,run out,MEK Hussey,,
598026,2013,2013-04-22,"MA Chidambaram Stadium, Chepauk",2,16.2,Chennai Super Kings,Rajasthan Royals,RA Jadeja,MS Dhoni,JP Faulkner,0,0,,,,,,,,,
598026,2013,2013-04-22,"MA Chidambaram Stadium, Chepauk",2,16.3,Chennai Super Kings,Rajasthan Royals,RA Jadeja,MS Dhoni,JP Faulkner,0,0,,,,,,bowled,RA Jadeja,,
598026,2013,2013-04-22,"MA Chidambaram Stadium, Chepauk",2,16.4,Chennai Super Kings,Rajasthan Royals,DJ Bravo,MS Dhoni,JP Faulkner,1,0,,,,,,,,,
598026,2013,2013-04-22,"MA Chidambaram Stadium, Chepauk",2,16.5,Chennai Super Kings,Rajasthan Royals,MS Dhoni,DJ Bravo,JP Faulkner,1,0,,,,,,,,,
598026,2013,2013-04-22,"MA Chidambaram Stadium, Chepauk",2,16.6,Chennai Super Kings,Rajasthan Royals,DJ Bravo,MS Dhoni,JP Faulkner,1,0,,,,,,,,,
598026,2013,2013-04-22,"MA Chidambaram Stadium, Chepauk",2,17.1,Chennai Super Kings,Rajasthan Royals,DJ Bravo,MS Dhoni,KK Cooper,2,0,,,,,,,,,
598026,2013,2013-04-22,"MA Chidambaram Stadium, Chepauk",2,17.2,Chennai Super Kings,Rajasthan Royals,DJ Bravo,MS Dhoni,KK Cooper,1,0,,,,,,,,,
598026,2013,2013-04-22,"MA Chidambaram Stadium, Chepauk",2,17.3,Chennai Super Kings,Rajasthan Royals,MS Dhoni,DJ Bravo,KK Cooper,2,0,,,,,,,,,
598026,2013,2013-04-22,"MA Chidambaram Stadium, Chepauk",2,17.4,Chennai Super Kings,Rajasthan Royals,MS Dhoni,DJ Bravo,KK Cooper,4,0,,,,,,,,,
598026,2013,2013-04-22,"MA Chidambaram Stadium, Chepauk",2,17.5,Chennai Super Kings,Rajasthan Royals,MS Dhoni,DJ Bravo,KK Cooper,2,0,,,,,,,,,
598026,2013,2013-04-22,"MA Chidambaram Stadium, Chepauk",2,17.6,Chennai Super Kings,Rajasthan Royals,MS Dhoni,DJ Bravo,KK Cooper,1,0,,,,,,,,,
598026,2013,2013-04-22,"MA Chidambaram Stadium, Chepauk",2,18.1,Chennai Super Kings,Rajasthan Royals,MS Dhoni,DJ Bravo,JP Faulkner,0,0,,,,,,,,,
598026,2013,2013-04-22,"MA Chidambaram Stadium, Chepauk",2,18.2,Chennai Super Kings,Rajasthan Royals,MS Dhoni,DJ Bravo,JP Faulkner,2,0,,,,,,,,,
598026,2013,2013-04-22,"MA Chidambaram Stadium, Chepauk",2,18.3,Chennai Super Kings,Rajasthan Royals,MS Dhoni,DJ Bravo,JP Faulkner,1,0,,,,,,,,,
598026,2013,2013-04-22,"MA Chidambaram Stadium, Chepauk",2,18.4,Chennai Super Kings,Rajasthan Royals,DJ Bravo,MS Dhoni,JP Faulkner,0,1,,,,1,,,,,
598026,2013,2013-04-22,"MA Chidambaram Stadium, Chepauk",2,18.5,Chennai Super Kings,Rajasthan Royals,MS Dhoni,DJ Bravo,JP Faulkner,2,0,,,,,,,,,
598026,2013,2013-04-22,"MA Chidambaram Stadium, Chepauk",2,18.6,Chennai Super Kings,Rajasthan Royals,MS Dhoni,DJ Bravo,JP Faulkner,0,0,,,,,,caught,MS Dhoni,,
598026,2013,2013-04-22,"MA Chidambaram Stadium, Chepauk",2,19.1,Chennai Super Kings,Rajasthan Royals,CH Morris,DJ Bravo,SR Watson,1,0,,,,,,,,,
598026,2013,2013-04-22,"MA Chidambaram Stadium, Chepauk",2,19.2,Chennai Super Kings,Rajasthan Royals,DJ Bravo,CH Morris,SR Watson,0,0,,,,,,,,,
598026,2013,2013-04-22,"MA Chidambaram Stadium, Chepauk",2,19.3,Chennai Super Kings,Rajasthan Royals,DJ Bravo,CH Morris,SR Watson,6,0,,,,,,,,,
598026,2013,2013-04-22,"MA Chidambaram Stadium, Chepauk",2,19.4,Chennai Super Kings,Rajasthan Royals,DJ Bravo,CH Morris,SR Watson,2,0,,,,,,,,,
598026,2013,2013-04-22,"MA Chidambaram Stadium, Chepauk",2,19.5,Chennai Super Kings,Rajasthan Royals,DJ Bravo,CH Morris,SR Watson,2,0,,,,,,,,,
