match_id,season,start_date,venue,innings,ball,batting_team,bowling_team,striker,non_striker,bowler,runs_off_bat,extras,wides,noballs,byes,legbyes,penalty,wicket_type,player_dismissed,other_wicket_type,other_player_dismissed
598058,2013,2013-05-12,Sawai Mansingh Stadium,1,0.1,Chennai Super Kings,Rajasthan Royals,MEK Hussey,M Vijay,VS Malik,2,0,,,,,,,,,
598058,2013,2013-05-12,Sawai Mansingh Stadium,1,0.2,Chennai Super Kings,Rajasthan Royals,MEK Hussey,M Vijay,VS Malik,0,0,,,,,,,,,
598058,2013,2013-05-12,Sawai Mansingh Stadium,1,0.3,Chennai Super Kings,Rajasthan Royals,MEK Hussey,M Vijay,VS Malik,0,0,,,,,,,,,
598058,2013,2013-05-12,Sawai Mansingh Stadium,1,0.4,Chennai Super Kings,Rajasthan Royals,MEK Hussey,M Vijay,VS Malik,1,0,,,,,,,,,
598058,2013,2013-05-12,Sawai Mansingh Stadium,1,0.5,Chennai Super Kings,Rajasthan Royals,M Vijay,MEK Hussey,VS Malik,0,0,,,,,,,,,
598058,2013,2013-05-12,Sawai Mansingh Stadium,1,0.6,Chennai Super Kings,Rajasthan Royals,M Vijay,MEK Hussey,VS Malik,0,0,,,,,,,,,
598058,2013,2013-05-12,Sawai Mansingh Stadium,1,1.1,Chennai Super Kings,Rajasthan Royals,MEK Hussey,M Vijay,JP Faulkner,1,0,,,,,,,,,
598058,2013,2013-05-12,Sawai Mansingh Stadium,1,1.2,Chennai Super Kings,Rajasthan Royals,M Vijay,MEK Hussey,JP Faulkner,0,0,,,,,,,,,
598058,2013,2013-05-12,Sawai Mansingh Stadium,1,1.3,Chennai Super Kings,Rajasthan Royals,M Vijay,MEK Hussey,JP Faulkner,0,0,,,,,,,,,
598058,2013,2013-05-12,Sawai Mansingh Stadium,1,1.4,Chennai Super Kings,Rajasthan Royals,M Vijay,MEK Hussey,JP Faulkner,1,0,,,,,,,,,
598058,2013,2013-05-12,Sawai Mansingh Stadium,1,1.5,Chennai Super Kings,Rajasthan Royals,MEK Hussey,M Vijay,JP Faulkner,1,0,,,,,,,,,
598058,2013,2013-05-12,Sawai Mansingh Stadium,1,1.6,Chennai Super Kings,Rajasthan Royals,M Vijay,MEK Hussey,JP Faulkner,0,1,,,,1,,,,,
598058,2013,2013-05-12,Sawai Mansingh Stadium,1,2.1,Chennai Super Kings,Rajasthan Royals,M Vijay,MEK Hussey,VS Malik,0,0,,,,,,,,,
598058,2013,2013-05-12,Sawai Mansingh Stadium,1,2.2,Chennai Super Kings,Rajasthan Royals,M Vijay,MEK Hussey,VS Malik,4,0,,,,,,,,,
598058,2013,2013-05-12,Sawai Mansingh Stadium,1,2.3,Chennai Super Kings,Rajasthan Royals,M Vijay,MEK Hussey,VS Malik,1,0,,,,,,,,,
598058,2013,2013-05-12,Sawai Mansingh Stadium,1,2.4,Chennai Super Kings,Rajasthan Royals,MEK Hussey,M Vijay,VS Malik,0,0,,,,,,,,,
598058,2013,2013-05-12,Sawai Mansingh Stadium,1,2.5,Chennai Super Kings,Rajasthan Royals,MEK Hussey,M Vijay,VS Malik,0,0,,,,,,,,,
598058,2013,2013-05-12,Sawai Mansingh Stadium,1,2.6,Chennai Super Kings,Rajasthan Royals,MEK Hussey,M Vijay,VS Malik,4,0,,,,,,,,,
598058,2013,2013-05-12,Sawai Mansingh Stadium,1,3.1,Chennai Super Kings,Rajasthan Royals,M Vijay,MEK Hussey,SR Watson,0,0,,,,,,,,,
598058,2013,2013-05-12,Sawai Mansingh Stadium,1,3.2,Chennai Super Kings,Rajasthan Royals,M Vijay,MEK Hussey,SR Watson,3,0,,,,,,,,,
598058,2013,2013-05-12,Sawai Mansingh Stadium,1,3.3,Chennai Super Kings,Rajasthan Royals,MEK Hussey,M Vijay,SR Watson,0,0,,,,,,,,,
598058,2013,2013-05-12,Sawai Mansingh Stadium,1,3.4,Chennai Super Kings,Rajasthan Royals,MEK Hussey,M Vijay,SR Watson,0,2,,,,2,,,,,
598058,2013,2013-05-12,Sawai Mansingh Stadium,1,3.5,Chennai Super Kings,Rajasthan Royals,MEK Hussey,M Vijay,SR Watson,1,0,,,,,,,,,
598058,2013,2013-05-12,Sawai Mansingh Stadium,1,3.6,Chennai Super Kings,Rajasthan Royals,M Vijay,MEK Hussey,SR Watson,0,0,,,,,,,,,
598058,2013,2013-05-12,Sawai Mansingh Stadium,1,4.1,Chennai Super Kings,Rajasthan Royals,MEK Hussey,M Vijay,JP Faulkner,0,0,,,,,,,,,
598058,2013,2013-05-12,Sawai Mansingh Stadium,1,4.2,Chennai Super Kings,Rajasthan Royals,MEK Hussey,M Vijay,JP Faulkner,0,0,,,,,,,,,
598058,2013,2013-05-12,Sawai Mansingh Stadium,1,4.3,Chennai Super Kings,Rajasthan Royals,MEK Hussey,M Vijay,JP Faulkner,0,0,,,,,,,,,
598058,2013,2013-05-12,Sawai Mansingh Stadium,1,4.4,Chennai Super Kings,Rajasthan Royals,MEK Hussey,M Vijay,JP Faulkner,0,0,,,,,,,,,
598058,2013,2013-05-12,Sawai Mansingh Stadium,1,4.5,Chennai Super Kings,Rajasthan Royals,MEK Hussey,M Vijay,JP Faulkner,4,0,,,,,,,,,
598058,2013,2013-05-12,Sawai Mansingh Stadium,1,4.6,Chennai Super Kings,Rajasthan Royals,MEK Hussey,M Vijay,JP Faulkner,0,0,,,,,,,,,
598058,2013,2013-05-12,Sawai Mansingh Stadium,1,5.1,Chennai Super Kings,Rajasthan Royals,M Vijay,MEK Hussey,SR Watson,0,0,,,,,,,,,
598058,2013,2013-05-12,Sawai Mansingh Stadium,1,5.2,Chennai Super Kings,Rajasthan Royals,M Vijay,MEK Hussey,SR Watson,4,0,,,,,,,,,
598058,2013,2013-05-12,Sawai Mansingh Stadium,1,5.3,Chennai Super Kings,Rajasthan Royals,M Vijay,MEK Hussey,SR Watson,4,0,,,,,,,,,
598058,2013,2013-05-12,Sawai Mansingh Stadium,1,5.4,Chennai Super Kings,Rajasthan Royals,M Vijay,MEK Hussey,SR Watson,0,0,,,,,,,,,
598058,2013,2013-05-12,Sawai Mansingh Stadium,1,5.5,Chennai Super Kings,Rajasthan Royals,M Vijay,MEK Hussey,SR Watson,2,0,,,,,,,,,
598058,2013,2013-05-12,Sawai Mansingh Stadium,1,5.6,Chennai Super Kings,Rajasthan Royals,M Vijay,MEK Hussey,SR Watson,0,1,1,,,,,,,,
598058,2013,2013-05-12,Sawai Mansingh Stadium,1,5.7,Chennai Super Kings,Rajasthan Royals,M Vijay,MEK Hussey,SR Watson,0,0,,,,,,,,,
598058,2013,2013-05-12,Sawai Mansingh Stadium,1,6.1,Chennai Super Kings,Rajasthan Royals,MEK Hussey,M Vijay,VS Malik,1,0,,,,,,,,,
598058,2013,2013-05-12,Sawai Mansingh Stadium,1,6.2,Chennai Super Kings,Rajasthan Royals,M Vijay,MEK Hussey,VS Malik,1,0,,,,,,,,,
598058,2013,2013-05-12,Sawai Mansingh Stadium,1,6.3,Chennai Super Kings,Rajasthan Royals,MEK Hussey,M Vijay,VS Malik,0,0,,,,,,,,,
598058,2013,2013-05-12,Sawai Mansingh Stadium,1,6.4,Chennai Super Kings,Rajasthan Royals,MEK Hussey,M Vijay,VS Malik,0,0,,,,,,,,,
598058,2013,2013-05-12,Sawai Mansingh Stadium,1,6.5,Chennai Super Kings,Rajasthan Royals,MEK Hussey,M Vijay,VS Malik,4,0,,,,,,,,,
598058,2013,2013-05-12,Sawai Mansingh Stadium,1,6.6,Chennai Super Kings,Rajasthan Royals,MEK Hussey,M Vijay,VS Malik,1,0,,,,,,,,,
598058,2013,2013-05-12,Sawai Mansingh Stadium,1,7.1,Chennai Super Kings,Rajasthan Royals,MEK Hussey,M Vijay,SK Trivedi,0,0,,,,,,,,,
598058,2013,2013-05-12,Sawai Mansingh Stadium,1,7.2,Chennai Super Kings,Rajasthan Royals,MEK Hussey,M Vijay,SK Trivedi,4,0,,,,,,,,,
598058,2013,2013-05-12,Sawai Mansingh Stadium,1,7.3,Chennai Super Kings,Rajasthan Royals,MEK Hussey,M Vijay,SK Trivedi,1,0,,,,,,,,,
598058,2013,2013-05-12,Sawai Mansingh Stadium,1,7.4,Chennai Super Kings,Rajasthan Royals,M Vijay,MEK Hussey,SK Trivedi,4,0,,,,,,,,,
598058,2013,2013-05-12,Sawai Mansingh Stadium,1,7.5,Chennai Super Kings,Rajasthan Royals,M Vijay,MEK Hussey,SK Trivedi,2,0,,,,,,,,,
598058,2013,2013-05-12,Sawai Mansingh Stadium,1,7.6,Chennai Super Kings,Rajasthan Royals,M Vijay,MEK Hussey,SK Trivedi,4,0,,,,,,,,,
598058,2013,2013-05-12,Sawai Mansingh Stadium,1,8.1,Chennai Super Kings,Rajasthan Royals,MEK Hussey,M Vijay,KK Cooper,1,0,,,,,,,,,
598058,2013,2013-05-12,Sawai Mansingh Stadium,1,8.2,Chennai Super Kings,Rajasthan Royals,M Vijay,MEK Hussey,KK Cooper,1,0,,,,,,,,,
598058,2013,2013-05-12,Sawai Mansingh Stadium,1,8.3,Chennai Super Kings,Rajasthan Royals,MEK Hussey,M Vijay,KK Cooper,1,0,,,,,,,,,
598058,2013,2013-05-12,Sawai Mansingh Stadium,1,8.4,Chennai Super Kings,Rajasthan Royals,M Vijay,MEK Hussey,KK Cooper,2,0,,,,,,,,,
598058,2013,2013-05-12,Sawai Mansingh Stadium,1,8.5,Chennai Super Kings,Rajasthan Royals,M Vijay,MEK Hussey,KK Cooper,1,0,,,,,,,,,
598058,2013,2013-05-12,Sawai Mansingh Stadium,1,8.6,Chennai Super Kings,Rajasthan Royals,MEK Hussey,M Vijay,KK Cooper,1,0,,,,,,,,,
598058,2013,2013-05-12,Sawai Mansingh Stadium,1,9.1,Chennai Super Kings,Rajasthan Royals,MEK Hussey,M Vijay,STR Binny,4,0,,,,,,,,,
598058,2013,2013-05-12,Sawai Mansingh Stadium,1,9.2,Chennai Super Kings,Rajasthan Royals,MEK Hussey,M Vijay,STR Binny,2,0,,,,,,,,,
598058,2013,2013-05-12,Sawai Mansingh Stadium,1,9.3,Chennai Super Kings,Rajasthan Royals,MEK Hussey,M Vijay,STR Binny,0,1,,,,1,,,,,
598058,2013,2013-05-12,Sawai Mansingh Stadium,1,9.4,Chennai Super Kings,Rajasthan Royals,M Vijay,MEK Hussey,STR Binny,0,0,,,,,,,,,
598058,2013,2013-05-12,Sawai Mansingh Stadium,1,9.5,Chennai Super Kings,Rajasthan Royals,M Vijay,MEK Hussey,STR Binny,1,0,,,,,,,,,
598058,2013,2013-05-12,Sawai Mansingh Stadium,1,9.6,Chennai Super Kings,Rajasthan Royals,MEK Hussey,M Vijay,STR Binny,1,0,,,,,,,,,
598058,2013,2013-05-12,Sawai Mansingh Stadium,1,10.1,Chennai Super Kings,Rajasthan Royals,MEK Hussey,M Vijay,SK Trivedi,0,0,,,,,,,,,
598058,2013,2013-05-12,Sawai Mansingh Stadium,1,10.2,Chennai Super Kings,Rajasthan Royals,MEK Hussey,M Vijay,SK Trivedi,0,1,1,,,,,,,,
598058,2013,2013-05-12,Sawai Mansingh Stadium,1,10.3,Chennai Super Kings,Rajasthan Royals,MEK Hussey,M Vijay,SK Trivedi,4,0,,,,,,,,,
598058,2013,2013-05-12,Sawai Mansingh Stadium,1,10.4,Chennai Super Kings,Rajasthan Royals,MEK Hussey,M Vijay,SK Trivedi,0,0,,,,,,,,,
598058,2013,2013-05-12,Sawai Mansingh Stadium,1,10.5,Chennai Super Kings,Rajasthan Royals,MEK Hussey,M Vijay,SK Trivedi,1,0,,,,,,,,,
598058,2013,2013-05-12,Sawai Mansingh Stadium,1,10.6,Chennai Super Kings,Rajasthan Royals,M Vijay,MEK Hussey,SK Trivedi,1,0,,,,,,,,,
598058,2013,2013-05-12,Sawai Mansingh Stadium,1,10.7,Chennai Super Kings,Rajasthan Royals,MEK Hussey,M Vijay,SK Trivedi,0,0,,,,,,,,,
598058,2013,2013-05-12,Sawai Mansingh Stadium,1,11.1,Chennai Super Kings,Rajasthan Royals,M Vijay,MEK Hussey,STR Binny,1,0,,,,,,,,,
598058,2013,2013-05-12,Sawai Mansingh Stadium,1,11.2,Chennai Super Kings,Rajasthan Royals,MEK Hussey,M Vijay,STR Binny,0,0,,,,,,,,,
598058,2013,2013-05-12,Sawai Mansingh Stadium,1,11.3,Chennai Super Kings,Rajasthan Royals,MEK Hussey,M Vijay,STR Binny,0,0,,,,,,bowled,MEK Hussey,,
598058,2013,2013-05-12,Sawai Mansingh Stadium,1,11.4,Chennai Super Kings,Rajasthan Royals,SK Raina,M Vijay,STR Binny,1,0,,,,,,,,,
598058,2013,2013-05-12,Sawai Mansingh Stadium,1,11.5,Chennai Super Kings,Rajasthan Royals,M Vijay,SK Raina,STR Binny,0,0,,,,,,,,,
598058,2013,2013-05-12,Sawai Mansingh Stadium,1,11.6,Chennai Super Kings,Rajasthan Royals,M Vijay,SK Raina,STR Binny,2,0,,,,,,,,,
598058,2013,2013-05-12,Sawai Mansingh Stadium,1,12.1,Chennai Super Kings,Rajasthan Royals,SK Raina,M Vijay,KK Cooper,0,0,,,,,,caught,SK Raina,,
598058,2013,2013-05-12,Sawai Mansingh Stadium,1,12.2,Chennai Super Kings,Rajasthan Royals,M Vijay,MS Dhoni,KK Cooper,1,0,,,,,,,,,
598058,2013,2013-05-12,Sawai Mansingh Stadium,1,12.3,Chennai Super Kings,Rajasthan Royals,MS Dhoni,M Vijay,KK Cooper,2,0,,,,,,,,,
598058,2013,2013-05-12,Sawai Mansingh Stadium,1,12.4,Chennai Super Kings,Rajasthan Royals,MS Dhoni,M Vijay,KK Cooper,0,0,,,,,,,,,
598058,2013,2013-05-12,Sawai Mansingh Stadium,1,12.5,Chennai Super Kings,Rajasthan Royals,MS Dhoni,M Vijay,KK Cooper,0,0,,,,,,caught,MS Dhoni,,
598058,2013,2013-05-12,Sawai Mansingh Stadium,1,12.6,Chennai Super Kings,Rajasthan Royals,RA Jadeja,M Vijay,KK Cooper,0,0,,,,,,,,,
598058,2013,2013-05-12,Sawai Mansingh Stadium,1,13.1,Chennai Super Kings,Rajasthan Royals,M Vijay,RA Jadeja,STR Binny,0,0,,,,,,,,,
598058,2013,2013-05-12,Sawai Mansingh Stadium,1,13.2,Chennai Super Kings,Rajasthan Royals,M Vijay,RA Jadeja,STR Binny,0,0,,,,,,,,,
598058,2013,2013-05-12,Sawai Mansingh Stadium,1,13.3,Chennai Super Kings,Rajasthan Royals,M Vijay,RA Jadeja,STR Binny,1,0,,,,,,,,,
598058,2013,2013-05-12,Sawai Mansingh Stadium,1,13.4,Chennai Super Kings,Rajasthan Royals,RA Jadeja,M Vijay,STR Binny,0,1,1,,,,,,,,
598058,2013,2013-05-12,Sawai Mansingh Stadium,1,13.5,Chennai Super Kings,Rajasthan Royals,RA Jadeja,M Vijay,STR Binny,2,0,,,,,,,,,
598058,2013,2013-05-12,Sawai Mansingh Stadium,1,13.6,Chennai Super Kings,Rajasthan Royals,RA Jadeja,M Vijay,STR Binny,1,0,,,,,,,,,
598058,2013,2013-05-12,Sawai Mansingh Stadium,1,13.7,Chennai Super Kings,Rajasthan Royals,M Vijay,RA Jadeja,STR Binny,0,0,,,,,,,,,
598058,2013,2013-05-12,Sawai Mansingh Stadium,1,14.1,Chennai Super Kings,Rajasthan Royals,RA Jadeja,M Vijay,SR Watson,2,0,,,,,,,,,
598058,2013,2013-05-12,Sawai Mansingh Stadium,1,14.2,Chennai Super Kings,Rajasthan Royals,RA Jadeja,M Vijay,SR Watson,1,0,,,,,,,,,
598058,2013,2013-05-12,Sawai Mansingh Stadium,1,14.3,Chennai Super Kings,Rajasthan Royals,M Vijay,RA Jadeja,SR Watson,0,0,,,,,,,,,
598058,2013,2013-05-12,Sawai Mansingh Stadium,1,14.4,Chennai Super Kings,Rajasthan Royals,M Vijay,RA Jadeja,SR Watson,2,0,,,,,,,,,
598058,2013,2013-05-12,Sawai Mansingh Stadium,1,14.5,Chennai Super Kings,Rajasthan Royals,M Vijay,RA Jadeja,SR Watson,0,0,,,,,,,,,
598058,2013,2013-05-12,Sawai Mansingh Stadium,1,14.6,Chennai Super Kings,Rajasthan Royals,M Vijay,RA Jadeja,SR Watson,1,0,,,,,,,,,
598058,2013,2013-05-12,Sawai Mansingh Stadium,1,15.1,Chennai Super Kings,Rajasthan Royals,M Vijay,RA Jadeja,JP Faulkner,2,0,,,,,,,,,
598058,2013,2013-05-12,Sawai Mansingh Stadium,1,15.2,Chennai Super Kings,Rajasthan Royals,M Vijay,RA Jadeja,JP Faulkner,0,0,,,,,,,,,
598058,2013,2013-05-12,Sawai Mansingh Stadium,1,15.3,Chennai Super Kings,Rajasthan Royals,M Vijay,RA Jadeja,JP Faulkner,1,0,,,,,,,,,
598058,2013,2013-05-12,Sawai Mansingh Stadium,1,15.4,Chennai Super Kings,Rajasthan Royals,RA Jadeja,M Vijay,JP Faulkner,1,0,,,,,,,,,
598058,2013,2013-05-12,Sawai Mansingh Stadium,1,15.5,Chennai Super Kings,Rajasthan Royals,M Vijay,RA Jadeja,JP Faulkner,0,0,,,,,,,,,
598058,2013,2013-05-12,Sawai Mansingh Stadium,1,15.6,Chennai Super Kings,Rajasthan Royals,M Vijay,RA Jadeja,JP Faulkner,1,0,,,,,,,,,
598058,2013,2013-05-12,Sawai Mansingh Stadium,1,16.1,Chennai Super Kings,Rajasthan Royals,M Vijay,RA Jadeja,KK Cooper,0,0,,,,,,,,,
598058,2013,2013-05-12,Sawai Mansingh Stadium,1,16.2,Chennai Super Kings,Rajasthan Royals,M Vijay,RA Jadeja,KK Cooper,1,0,,,,,,,,,
598058,2013,2013-05-12,Sawai Mansingh Stadium,1,16.3,Chennai Super Kings,Rajasthan Royals,RA Jadeja,M Vijay,KK Cooper,1,0,,,,,,,,,
598058,2013,2013-05-12,Sawai Mansingh Stadium,1,16.4,Chennai Super Kings,Rajasthan Royals,M Vijay,RA Jadeja,KK Cooper,0,0,,,,,,,,,
598058,2013,2013-05-12,Sawai Mansingh Stadium,1,16.5,Chennai Super Kings,Rajasthan Royals,M Vijay,RA Jadeja,KK Cooper,4,0,,,,,,,,,
598058,2013,2013-05-12,Sawai Mansingh Stadium,1,16.6,Chennai Super Kings,Rajasthan Royals,M Vijay,RA Jadeja,KK Cooper,2,0,,,,,,,,,
598058,2013,2013-05-12,Sawai Mansingh Stadium,1,17.1,Chennai Super Kings,Rajasthan Royals,RA Jadeja,M Vijay,SR Watson,0,0,,,,,,,,,
598058,2013,2013-05-12,Sawai Mansingh Stadium,1,17.2,Chennai Super Kings,Rajasthan Royals,RA Jadeja,M Vijay,SR Watson,0,0,,,,,,run out,M Vijay,,
598058,2013,2013-05-12,Sawai Mansingh Stadium,1,17.3,Chennai Super Kings,Rajasthan Royals,DJ Bravo,RA Jadeja,SR Watson,0,1,,,,1,,,,,
598058,2013,2013-05-12,Sawai Mansingh Stadium,1,17.4,Chennai Super Kings,Rajasthan Royals,RA Jadeja,DJ Bravo,SR Watson,0,0,,,,,,,,,
598058,2013,2013-05-12,Sawai Mansingh Stadium,1,17.5,Chennai Super Kings,Rajasthan Royals,RA Jadeja,DJ Bravo,SR Watson,2,0,,,,,,,,,
598058,2013,2013-05-12,Sawai Mansingh Stadium,1,17.6,Chennai Super Kings,Rajasthan Royals,RA Jadeja,DJ Bravo,SR Watson,0,0,,,,,,,,,
598058,2013,2013-05-12,Sawai Mansingh Stadium,1,18.1,Chennai Super Kings,Rajasthan Royals,DJ Bravo,RA Jadeja,KK Cooper,2,0,,,,,,,,,
598058,2013,2013-05-12,Sawai Mansingh Stadium,1,18.2,Chennai Super Kings,Rajasthan Royals,DJ Bravo,RA Jadeja,KK Cooper,4,0,,,,,,,,,
598058,2013,2013-05-12,Sawai Mansingh Stadium,1,18.3,Chennai Super Kings,Rajasthan Royals,DJ Bravo,RA Jadeja,KK Cooper,4,0,,,,,,,,,
598058,2013,2013-05-12,Sawai Mansingh Stadium,1,18.4,Chennai Super Kings,Rajasthan Royals,DJ Bravo,RA Jadeja,KK Cooper,0,0,,,,,,,,,
598058,2013,2013-05-12,Sawai Mansingh Stadium,1,18.5,Chennai Super Kings,Rajasthan Royals,DJ Bravo,RA Jadeja,KK Cooper,4,0,,,,,,,,,
598058,2013,2013-05-12,Sawai Mansingh Stadium,1,18.6,Chennai Super Kings,Rajasthan Royals,DJ Bravo,RA Jadeja,KK Cooper,0,0,,,,,,,,,
598058,2013,2013-05-12,Sawai Mansingh Stadium,1,19.1,Chennai Super Kings,Rajasthan Royals,RA Jadeja,DJ Bravo,JP Faulkner,1,0,,,,,,,,,
598058,2013,2013-05-12,Sawai Mansingh Stadium,1,19.2,Chennai Super Kings,Rajasthan Royals,DJ Bravo,RA Jadeja,JP Faulkner,2,0,,,,,,,,,
598058,2013,2013-05-12,Sawai Mansingh Stadium,1,19.3,Chennai Super Kings,Rajasthan Royals,DJ Bravo,RA Jadeja,JP Faulkner,2,0,,,,,,,,,
598058,2013,2013-05-12,Sawai Mansingh Stadium,1,19.4,Chennai Super Kings,Rajasthan Royals,DJ Bravo,RA Jadeja,JP Faulkner,1,0,,,,,,,,,
598058,2013,2013-05-12,Sawai Mansingh Stadium,1,19.5,Chennai Super Kings,Rajasthan Royals,RA Jadeja,DJ Bravo,JP Faulkner,1,0,,,,,,,,,
598058,2013,2013-05-12,Sawai Mansingh Stadium,1,19.6,Chennai Super Kings,Rajasthan Royals,DJ Bravo,RA Jadeja,JP Faulkner,4,0,,,,,,,,,
598058,2013,2013-05-12,Sawai Mansingh Stadium,2,0.1,Rajasthan Royals,Chennai Super Kings,R Dravid,AM Rahane,MM Sharma,0,0,,,,,,,,,
598058,2013,2013-05-12,Sawai Mansingh Stadium,2,0.2,Rajasthan Royals,Chennai Super Kings,R Dravid,AM Rahane,MM Sharma,0,0,,,,,,,,,
598058,2013,2013-05-12,Sawai Mansingh Stadium,2,0.3,Rajasthan Royals,Chennai Super Kings,R Dravid,AM Rahane,MM Sharma,1,0,,,,,,,,,
598058,2013,2013-05-12,Sawai Mansingh Stadium,2,0.4,Rajasthan Royals,Chennai Super Kings,AM Rahane,R Dravid,MM Sharma,1,0,,,,,,,,,
598058,2013,2013-05-12,Sawai Mansingh Stadium,2,0.5,Rajasthan Royals,Chennai Super Kings,R Dravid,AM Rahane,MM Sharma,0,0,,,,,,,,,
598058,2013,2013-05-12,Sawai Mansingh Stadium,2,0.6,Rajasthan Royals,Chennai Super Kings,R Dravid,AM Rahane,MM Sharma,0,0,,,,,,,,,
598058,2013,2013-05-12,Sawai Mansingh Stadium,2,1.1,Rajasthan Royals,Chennai Super Kings,AM Rahane,R Dravid,JO Holder,0,0,,,,,,,,,
598058,2013,2013-05-12,Sawai Mansingh Stadium,2,1.2,Rajasthan Royals,Chennai Super Kings,AM Rahane,R Dravid,JO Holder,0,0,,,,,,,,,
598058,2013,2013-05-12,Sawai Mansingh Stadium,2,1.3,Rajasthan Royals,Chennai Super Kings,AM Rahane,R Dravid,JO Holder,0,0,,,,,,,,,
598058,2013,2013-05-12,Sawai Mansingh Stadium,2,1.4,Rajasthan Royals,Chennai Super Kings,AM Rahane,R Dravid,JO Holder,1,0,,,,,,,,,
598058,2013,2013-05-12,Sawai Mansingh Stadium,2,1.5,Rajasthan Royals,Chennai Super Kings,R Dravid,AM Rahane,JO Holder,0,0,,,,,,,,,
598058,2013,2013-05-12,Sawai Mansingh Stadium,2,1.6,Rajasthan Royals,Chennai Super Kings,R Dravid,AM Rahane,JO Holder,0,0,,,,,,,,,
598058,2013,2013-05-12,Sawai Mansingh Stadium,2,2.1,Rajasthan Royals,Chennai Super Kings,AM Rahane,R Dravid,MM Sharma,4,0,,,,,,,,,
598058,2013,2013-05-12,Sawai Mansingh Stadium,2,2.2,Rajasthan Royals,Chennai Super Kings,AM Rahane,R Dravid,MM Sharma,0,0,,,,,,,,,
598058,2013,2013-05-12,Sawai Mansingh Stadium,2,2.3,Rajasthan Royals,Chennai Super Kings,AM Rahane,R Dravid,MM Sharma,0,0,,,,,,,,,
598058,2013,2013-05-12,Sawai Mansingh Stadium,2,2.4,Rajasthan Royals,Chennai Super Kings,AM Rahane,R Dravid,MM Sharma,3,0,,,,,,,,,
598058,2013,2013-05-12,Sawai Mansingh Stadium,2,2.5,Rajasthan Royals,Chennai Super Kings,R Dravid,AM Rahane,MM Sharma,0,0,,,,,,,,,
598058,2013,2013-05-12,Sawai Mansingh Stadium,2,2.6,Rajasthan Royals,Chennai Super Kings,R Dravid,AM Rahane,MM Sharma,4,0,,,,,,,,,
598058,2013,2013-05-12,Sawai Mansingh Stadium,2,3.1,Rajasthan Royals,Chennai Super Kings,AM Rahane,R Dravid,JO Holder,0,0,,,,,,caught,AM Rahane,,
598058,2013,2013-05-12,Sawai Mansingh Stadium,2,3.2,Rajasthan Royals,Chennai Super Kings,JP Faulkner,R Dravid,JO Holder,1,0,,,,,,,,,
598058,2013,2013-05-12,Sawai Mansingh Stadium,2,3.3,Rajasthan Royals,Chennai Super Kings,R Dravid,JP Faulkner,JO Holder,3,0,,,,,,,,,
598058,2013,2013-05-12,Sawai Mansingh Stadium,2,3.4,Rajasthan Royals,Chennai Super Kings,JP Faulkner,R Dravid,JO Holder,0,0,,,,,,bowled,JP Faulkner,,
598058,2013,2013-05-12,Sawai Mansingh Stadium,2,3.5,Rajasthan Royals,Chennai Super Kings,SV Samson,R Dravid,JO Holder,0,0,,,,,,,,,
598058,2013,2013-05-12,Sawai Mansingh Stadium,2,3.6,Rajasthan Royals,Chennai Super Kings,SV Samson,R Dravid,JO Holder,0,0,,,,,,,,,
598058,2013,2013-05-12,Sawai Mansingh Stadium,2,4.1,Rajasthan Royals,Chennai Super Kings,R Dravid,SV Samson,MM Sharma,1,0,,,,,,,,,
598058,2013,2013-05-12,Sawai Mansingh Stadium,2,4.2,Rajasthan Royals,Chennai Super Kings,SV Samson,R Dravid,MM Sharma,0,0,,,,,,,,,
598058,2013,2013-05-12,Sawai Mansingh Stadium,2,4.3,Rajasthan Royals,Chennai Super Kings,SV Samson,R Dravid,MM Sharma,0,0,,,,,,,,,
598058,2013,2013-05-12,Sawai Mansingh Stadium,2,4.4,Rajasthan Royals,Chennai Super Kings,SV Samson,R Dravid,MM Sharma,0,0,,,,,,caught,SV Samson,,
598058,2013,2013-05-12,Sawai Mansingh Stadium,2,4.5,Rajasthan Royals,Chennai Super Kings,SR Watson,R Dravid,MM Sharma,0,0,,,,,,,,,
598058,2013,2013-05-12,Sawai Mansingh Stadium,2,4.6,Rajasthan Royals,Chennai Super Kings,SR Watson,R Dravid,MM Sharma,0,0,,,,,,,,,
598058,2013,2013-05-12,Sawai Mansingh Stadium,2,5.1,Rajasthan Royals,Chennai Super Kings,R Dravid,SR Watson,JO Holder,0,0,,,,,,,,,
598058,2013,2013-05-12,Sawai Mansingh Stadium,2,5.2,Rajasthan Royals,Chennai Super Kings,R Dravid,SR Watson,JO Holder,0,0,,,,,,,,,
598058,2013,2013-05-12,Sawai Mansingh Stadium,2,5.3,Rajasthan Royals,Chennai Super Kings,R Dravid,SR Watson,JO Holder,4,0,,,,,,,,,
598058,2013,2013-05-12,Sawai Mansingh Stadium,2,5.4,Rajasthan Royals,Chennai Super Kings,R Dravid,SR Watson,JO Holder,0,0,,,,,,,,,
598058,2013,2013-05-12,Sawai Mansingh Stadium,2,5.5,Rajasthan Royals,Chennai Super Kings,R Dravid,SR Watson,JO Holder,1,0,,,,,,,,,
598058,2013,2013-05-12,Sawai Mansingh Stadium,2,5.6,Rajasthan Royals,Chennai Super Kings,SR Watson,R Dravid,JO Holder,0,0,,,,,,,,,
598058,2013,2013-05-12,Sawai Mansingh Stadium,2,6.1,Rajasthan Royals,Chennai Super Kings,R Dravid,SR Watson,MM Sharma,0,0,,,,,,,,,
598058,2013,2013-05-12,Sawai Mansingh Stadium,2,6.2,Rajasthan Royals,Chennai Super Kings,R Dravid,SR Watson,MM Sharma,1,0,,,,,,,,,
598058,2013,2013-05-12,Sawai Mansingh Stadium,2,6.3,Rajasthan Royals,Chennai Super Kings,SR Watson,R Dravid,MM Sharma,1,0,,,,,,,,,
598058,2013,2013-05-12,Sawai Mansingh Stadium,2,6.4,Rajasthan Royals,Chennai Super Kings,R Dravid,SR Watson,MM Sharma,1,0,,,,,,,,,
598058,2013,2013-05-12,Sawai Mansingh Stadium,2,6.5,Rajasthan Royals,Chennai Super Kings,SR Watson,R Dravid,MM Sharma,4,0,,,,,,,,,
598058,2013,2013-05-12,Sawai Mansingh Stadium,2,6.6,Rajasthan Royals,Chennai Super Kings,SR Watson,R Dravid,MM Sharma,0,0,,,,,,,,,
598058,2013,2013-05-12,Sawai Mansingh Stadium,2,7.1,Rajasthan Royals,Chennai Super Kings,R Dravid,SR Watson,CH Morris,1,0,,,,,,,,,
598058,2013,2013-05-12,Sawai Mansingh Stadium,2,7.2,Rajasthan Royals,Chennai Super Kings,SR Watson,R Dravid,CH Morris,1,0,,,,,,,,,
598058,2013,2013-05-12,Sawai Mansingh Stadium,2,7.3,Rajasthan Royals,Chennai Super Kings,R Dravid,SR Watson,CH Morris,0,0,,,,,,,,,
598058,2013,2013-05-12,Sawai Mansingh Stadium,2,7.4,Rajasthan Royals,Chennai Super Kings,R Dravid,SR Watson,CH Morris,2,0,,,,,,,,,
598058,2013,2013-05-12,Sawai Mansingh Stadium,2,7.5,Rajasthan Royals,Chennai Super Kings,R Dravid,SR Watson,CH Morris,0,0,,,,,,,,,
598058,2013,2013-05-12,Sawai Mansingh Stadium,2,7.6,Rajasthan Royals,Chennai Super Kings,R Dravid,SR Watson,CH Morris,0,0,,,,,,,,,
598058,2013,2013-05-12,Sawai Mansingh Stadium,2,8.1,Rajasthan Royals,Chennai Super Kings,SR Watson,R Dravid,DJ Bravo,0,0,,,,,,,,,
598058,2013,2013-05-12,Sawai Mansingh Stadium,2,8.2,Rajasthan Royals,Chennai Super Kings,SR Watson,R Dravid,DJ Bravo,1,0,,,,,,,,,
598058,2013,2013-05-12,Sawai Mansingh Stadium,2,8.3,Rajasthan Royals,Chennai Super Kings,R Dravid,SR Watson,DJ Bravo,0,0,,,,,,,,,
598058,2013,2013-05-12,Sawai Mansingh Stadium,2,8.4,Rajasthan Royals,Chennai Super Kings,R Dravid,SR Watson,DJ Bravo,1,0,,,,,,,,,
598058,2013,2013-05-12,Sawai Mansingh Stadium,2,8.5,Rajasthan Royals,Chennai Super Kings,SR Watson,R Dravid,DJ Bravo,6,0,,,,,,,,,
598058,2013,2013-05-12,Sawai Mansingh Stadium,2,8.6,Rajasthan Royals,Chennai Super Kings,SR Watson,R Dravid,DJ Bravo,0,0,,,,,,,,,
598058,2013,2013-05-12,Sawai Mansingh Stadium,2,9.1,Rajasthan Royals,Chennai Super Kings,R Dravid,SR Watson,CH Morris,2,0,,,,,,,,,
598058,2013,2013-05-12,Sawai Mansingh Stadium,2,9.2,Rajasthan Royals,Chennai Super Kings,R Dravid,SR Watson,CH Morris,0,0,,,,,,caught,R Dravid,,
598058,2013,2013-05-12,Sawai Mansingh Stadium,2,9.3,Rajasthan Royals,Chennai Super Kings,STR Binny,SR Watson,CH Morris,0,0,,,,,,,,,
598058,2013,2013-05-12,Sawai Mansingh Stadium,2,9.4,Rajasthan Royals,Chennai Super Kings,STR Binny,SR Watson,CH Morris,1,0,,,,,,,,,
598058,2013,2013-05-12,Sawai Mansingh Stadium,2,9.5,Rajasthan Royals,Chennai Super Kings,SR Watson,STR Binny,CH Morris,1,0,,,,,,,,,
598058,2013,2013-05-12,Sawai Mansingh Stadium,2,9.6,Rajasthan Royals,Chennai Super Kings,STR Binny,SR Watson,CH Morris,2,0,,,,,,,,,
598058,2013,2013-05-12,Sawai Mansingh Stadium,2,10.1,Rajasthan Royals,Chennai Super Kings,SR Watson,STR Binny,R Ashwin,1,0,,,,,,,,,
598058,2013,2013-05-12,Sawai Mansingh Stadium,2,10.2,Rajasthan Royals,Chennai Super Kings,STR Binny,SR Watson,R Ashwin,0,1,1,,,,,,,,
598058,2013,2013-05-12,Sawai Mansingh Stadium,2,10.3,Rajasthan Royals,Chennai Super Kings,STR Binny,SR Watson,R Ashwin,2,0,,,,,,,,,
598058,2013,2013-05-12,Sawai Mansingh Stadium,2,10.4,Rajasthan Royals,Chennai Super Kings,STR Binny,SR Watson,R Ashwin,6,0,,,,,,,,,
598058,2013,2013-05-12,Sawai Mansingh Stadium,2,10.5,Rajasthan Royals,Chennai Super Kings,STR Binny,SR Watson,R Ashwin,1,0,,,,,,,,,
598058,2013,2013-05-12,Sawai Mansingh Stadium,2,10.6,Rajasthan Royals,Chennai Super Kings,SR Watson,STR Binny,R Ashwin,6,0,,,,,,,,,
598058,2013,2013-05-12,Sawai Mansingh Stadium,2,10.7,Rajasthan Royals,Chennai Super Kings,SR Watson,STR Binny,R Ashwin,6,0,,,,,,,,,
598058,2013,2013-05-12,Sawai Mansingh Stadium,2,11.1,Rajasthan Royals,Chennai Super Kings,STR Binny,SR Watson,CH Morris,0,0,,,,,,,,,
598058,2013,2013-05-12,Sawai Mansingh Stadium,2,11.2,Rajasthan Royals,Chennai Super Kings,STR Binny,SR Watson,CH Morris,1,0,,,,,,,,,
598058,2013,2013-05-12,Sawai Mansingh Stadium,2,11.3,Rajasthan Royals,Chennai Super Kings,SR Watson,STR Binny,CH Morris,1,0,,,,,,,,,
598058,2013,2013-05-12,Sawai Mansingh Stadium,2,11.4,Rajasthan Royals,Chennai Super Kings,STR Binny,SR Watson,CH Morris,4,0,,,,,,,,,
598058,2013,2013-05-12,Sawai Mansingh Stadium,2,11.5,Rajasthan Royals,Chennai Super Kings,STR Binny,SR Watson,CH Morris,0,0,,,,,,,,,
598058,2013,2013-05-12,Sawai Mansingh Stadium,2,11.6,Rajasthan Royals,Chennai Super Kings,STR Binny,SR Watson,CH Morris,4,0,,,,,,,,,
598058,2013,2013-05-12,Sawai Mansingh Stadium,2,12.1,Rajasthan Royals,Chennai Super Kings,SR Watson,STR Binny,JO Holder,0,0,,,,,,,,,
598058,2013,2013-05-12,Sawai Mansingh Stadium,2,12.2,Rajasthan Royals,Chennai Super Kings,SR Watson,STR Binny,JO Holder,1,0,,,,,,,,,
598058,2013,2013-05-12,Sawai Mansingh Stadium,2,12.3,Rajasthan Royals,Chennai Super Kings,STR Binny,SR Watson,JO Holder,1,0,,,,,,,,,
598058,2013,2013-05-12,Sawai Mansingh Stadium,2,12.4,Rajasthan Royals,Chennai Super Kings,SR Watson,STR Binny,JO Holder,1,0,,,,,,,,,
598058,2013,2013-05-12,Sawai Mansingh Stadium,2,12.5,Rajasthan Royals,Chennai Super Kings,STR Binny,SR Watson,JO Holder,1,0,,,,,,,,,
598058,2013,2013-05-12,Sawai Mansingh Stadium,2,12.6,Rajasthan Royals,Chennai Super Kings,SR Watson,STR Binny,JO Holder,6,0,,,,,,,,,
598058,2013,2013-05-12,Sawai Mansingh Stadium,2,13.1,Rajasthan Royals,Chennai Super Kings,STR Binny,SR Watson,DJ Bravo,6,0,,,,,,,,,
598058,2013,2013-05-12,Sawai Mansingh Stadium,2,13.2,Rajasthan Royals,Chennai Super Kings,STR Binny,SR Watson,DJ Bravo,2,0,,,,,,,,,
598058,2013,2013-05-12,Sawai Mansingh Stadium,2,13.3,Rajasthan Royals,Chennai Super Kings,STR Binny,SR Watson,DJ Bravo,1,0,,,,,,,,,
598058,2013,2013-05-12,Sawai Mansingh Stadium,2,13.4,Rajasthan Royals,Chennai Super Kings,SR Watson,STR Binny,DJ Bravo,6,0,,,,,,,,,
598058,2013,2013-05-12,Sawai Mansingh Stadium,2,13.5,Rajasthan Royals,Chennai Super Kings,SR Watson,STR Binny,DJ Bravo,6,0,,,,,,,,,
598058,2013,2013-05-12,Sawai Mansingh Stadium,2,13.6,Rajasthan Royals,Chennai Super Kings,SR Watson,STR Binny,DJ Bravo,1,0,,,,,,,,,
598058,2013,2013-05-12,Sawai Mansingh Stadium,2,14.1,Rajasthan Royals,Chennai Super Kings,SR Watson,STR Binny,CH Morris,0,0,,,,,,,,,
598058,2013,2013-05-12,Sawai Mansingh Stadium,2,14.2,Rajasthan Royals,Chennai Super Kings,SR Watson,STR Binny,CH Morris,4,0,,,,,,,,,
598058,2013,2013-05-12,Sawai Mansingh Stadium,2,14.3,Rajasthan Royals,Chennai Super Kings,SR Watson,STR Binny,CH Morris,0,0,,,,,,,,,
598058,2013,2013-05-12,Sawai Mansingh Stadium,2,14.4,Rajasthan Royals,Chennai Super Kings,SR Watson,STR Binny,CH Morris,4,0,,,,,,,,,
598058,2013,2013-05-12,Sawai Mansingh Stadium,2,14.5,Rajasthan Royals,Chennai Super Kings,SR Watson,STR Binny,CH Morris,4,0,,,,,,,,,
598058,2013,2013-05-12,Sawai Mansingh Stadium,2,14.6,Rajasthan Royals,Chennai Super Kings,SR Watson,STR Binny,CH Morris,4,0,,,,,,,,,
598058,2013,2013-05-12,Sawai Mansingh Stadium,2,15.1,Rajasthan Royals,Chennai Super Kings,STR Binny,SR Watson,RA Jadeja,0,0,,,,,,,,,
598058,2013,2013-05-12,Sawai Mansingh Stadium,2,15.2,Rajasthan Royals,Chennai Super Kings,STR Binny,SR Watson,RA Jadeja,0,0,,,,,,,,,
598058,2013,2013-05-12,Sawai Mansingh Stadium,2,15.3,Rajasthan Royals,Chennai Super Kings,STR Binny,SR Watson,RA Jadeja,1,0,,,,,,,,,
598058,2013,2013-05-12,Sawai Mansingh Stadium,2,15.4,Rajasthan Royals,Chennai Super Kings,SR Watson,STR Binny,RA Jadeja,0,0,,,,,,,,,
598058,2013,2013-05-12,Sawai Mansingh Stadium,2,15.5,Rajasthan Royals,Chennai Super Kings,SR Watson,STR Binny,RA Jadeja,1,0,,,,,,,,,
598058,2013,2013-05-12,Sawai Mansingh Stadium,2,15.6,Rajasthan Royals,Chennai Super Kings,STR Binny,SR Watson,RA Jadeja,1,0,,,,,,,,,
598058,2013,2013-05-12,Sawai Mansingh Stadium,2,16.1,Rajasthan Royals,Chennai Super Kings,STR Binny,SR Watson,DJ Bravo,0,0,,,,,,,,,
598058,2013,2013-05-12,Sawai Mansingh Stadium,2,16.2,Rajasthan Royals,Chennai Super Kings,STR Binny,SR Watson,DJ Bravo,1,0,,,,,,,,,
598058,2013,2013-05-12,Sawai Mansingh Stadium,2,16.3,Rajasthan Royals,Chennai Super Kings,SR Watson,STR Binny,DJ Bravo,4,0,,,,,,,,,
598058,2013,2013-05-12,Sawai Mansingh Stadium,2,16.4,Rajasthan Royals,Chennai Super Kings,SR Watson,STR Binny,DJ Bravo,0,0,,,,,,,,,
598058,2013,2013-05-12,Sawai Mansingh Stadium,2,16.5,Rajasthan Royals,Chennai Super Kings,SR Watson,STR Binny,DJ Bravo,0,0,,,,,,bowled,SR Watson,,
598058,2013,2013-05-12,Sawai Mansingh Stadium,2,16.6,Rajasthan Royals,Chennai Super Kings,BJ Hodge,STR Binny,DJ Bravo,0,0,,,,,,,,,
598058,2013,2013-05-12,Sawai Mansingh Stadium,2,17.1,Rajasthan Royals,Chennai Super Kings,STR Binny,BJ Hodge,RA Jadeja,6,0,,,,,,,,,
