match_id,season,start_date,venue,innings,ball,batting_team,bowling_team,striker,non_striker,bowler,runs_off_bat,extras,wides,noballs,byes,legbyes,penalty,wicket_type,player_dismissed,other_wicket_type,other_player_dismissed
598044,2013,2013-05-04,"Rajiv Gandhi International Stadium, Uppal",1,0.1,Delhi Daredevils,Sunrisers Hyderabad,DPMD Jayawardene,V Sehwag,DW Steyn,0,0,,,,,,,,,
598044,2013,2013-05-04,"Rajiv Gandhi International Stadium, Uppal",1,0.2,Delhi Daredevils,Sunrisers Hyderabad,DPMD Jayawardene,V Sehwag,DW Steyn,0,0,,,,,,,,,
598044,2013,2013-05-04,"Rajiv Gandhi International Stadium, Uppal",1,0.3,Delhi Daredevils,Sunrisers Hyderabad,DPMD Jayawardene,V Sehwag,DW Steyn,0,0,,,,,,,,,
598044,2013,2013-05-04,"Rajiv Gandhi International Stadium, Uppal",1,0.4,Delhi Daredevils,Sunrisers Hyderabad,DPMD Jayawardene,V Sehwag,DW Steyn,0,0,,,,,,,,,
598044,2013,2013-05-04,"Rajiv Gandhi International Stadium, Uppal",1,0.5,Delhi Daredevils,Sunrisers Hyderabad,DPMD Jayawardene,V Sehwag,DW Steyn,0,0,,,,,,,,,
598044,2013,2013-05-04,"Rajiv Gandhi International Stadium, Uppal",1,0.6,Delhi Daredevils,Sunrisers Hyderabad,DPMD Jayawardene,V Sehwag,DW Steyn,4,0,,,,,,,,,
598044,2013,2013-05-04,"Rajiv Gandhi International Stadium, Uppal",1,1.1,Delhi Daredevils,Sunrisers Hyderabad,V Sehwag,DPMD Jayawardene,I Sharma,0,0,,,,,,,,,
598044,2013,2013-05-04,"Rajiv Gandhi International Stadium, Uppal",1,1.2,Delhi Daredevils,Sunrisers Hyderabad,V Sehwag,DPMD Jayawardene,I Sharma,0,0,,,,,,,,,
598044,2013,2013-05-04,"Rajiv Gandhi International Stadium, Uppal",1,1.3,Delhi Daredevils,Sunrisers Hyderabad,V Sehwag,DPMD Jayawardene,I Sharma,0,0,,,,,,,,,
598044,2013,2013-05-04,"Rajiv Gandhi International Stadium, Uppal",1,1.4,Delhi Daredevils,Sunrisers Hyderabad,V Sehwag,DPMD Jayawardene,I Sharma,0,0,,,,,,,,,
598044,2013,2013-05-04,"Rajiv Gandhi International Stadium, Uppal",1,1.5,Delhi Daredevils,Sunrisers Hyderabad,V Sehwag,DPMD Jayawardene,I Sharma,0,0,,,,,,,,,
598044,2013,2013-05-04,"Rajiv Gandhi International Stadium, Uppal",1,1.6,Delhi Daredevils,Sunrisers Hyderabad,V Sehwag,DPMD Jayawardene,I Sharma,0,0,,,,,,,,,
598044,2013,2013-05-04,"Rajiv Gandhi International Stadium, Uppal",1,2.1,Delhi Daredevils,Sunrisers Hyderabad,DPMD Jayawardene,V Sehwag,DW Steyn,6,0,,,,,,,,,
598044,2013,2013-05-04,"Rajiv Gandhi International Stadium, Uppal",1,2.2,Delhi Daredevils,Sunrisers Hyderabad,DPMD Jayawardene,V Sehwag,DW Steyn,0,0,,,,,,,,,
598044,2013,2013-05-04,"Rajiv Gandhi International Stadium, Uppal",1,2.3,Delhi Daredevils,Sunrisers Hyderabad,DPMD Jayawardene,V Sehwag,DW Steyn,1,0,,,,,,,,,
598044,2013,2013-05-04,"Rajiv Gandhi International Stadium, Uppal",1,2.4,Delhi Daredevils,Sunrisers Hyderabad,V Sehwag,DPMD Jayawardene,DW Steyn,0,0,,,,,,,,,
598044,2013,2013-05-04,"Rajiv Gandhi International Stadium, Uppal",1,2.5,Delhi Daredevils,Sunrisers Hyderabad,V Sehwag,DPMD Jayawardene,DW Steyn,0,0,,,,,,,,,
598044,2013,2013-05-04,"Rajiv Gandhi International Stadium, Uppal",1,2.6,Delhi Daredevils,Sunrisers Hyderabad,V Sehwag,DPMD Jayawardene,DW Steyn,1,0,,,,,,,,,
598044,2013,2013-05-04,"Rajiv Gandhi International Stadium, Uppal",1,3.1,Delhi Daredevils,Sunrisers Hyderabad,V Sehwag,DPMD Jayawardene,I Sharma,1,0,,,,,,,,,
598044,2013,2013-05-04,"Rajiv Gandhi International Stadium, Uppal",1,3.2,Delhi Daredevils,Sunrisers Hyderabad,DPMD Jayawardene,V Sehwag,I Sharma,0,0,,,,,,,,,
598044,2013,2013-05-04,"Rajiv Gandhi International Stadium, Uppal",1,3.3,Delhi Daredevils,Sunrisers Hyderabad,DPMD Jayawardene,V Sehwag,I Sharma,0,0,,,,,,,,,
598044,2013,2013-05-04,"Rajiv Gandhi International Stadium, Uppal",1,3.4,Delhi Daredevils,Sunrisers Hyderabad,DPMD Jayawardene,V Sehwag,I Sharma,0,0,,,,,,lbw,DPMD Jayawardene,,
598044,2013,2013-05-04,"Rajiv Gandhi International Stadium, Uppal",1,3.5,Delhi Daredevils,Sunrisers Hyderabad,UBT Chand,V Sehwag,I Sharma,0,3,3,,,,,,,,
598044,2013,2013-05-04,"Rajiv Gandhi International Stadium, Uppal",1,3.6,Delhi Daredevils,Sunrisers Hyderabad,UBT Chand,V Sehwag,I Sharma,0,0,,,,,,,,,
598044,2013,2013-05-04,"Rajiv Gandhi International Stadium, Uppal",1,3.7,Delhi Daredevils,Sunrisers Hyderabad,UBT Chand,V Sehwag,I Sharma,4,0,,,,,,,,,
598044,2013,2013-05-04,"Rajiv Gandhi International Stadium, Uppal",1,4.1,Delhi Daredevils,Sunrisers Hyderabad,V Sehwag,UBT Chand,NLTC Perera,2,0,,,,,,,,,
598044,2013,2013-05-04,"Rajiv Gandhi International Stadium, Uppal",1,4.2,Delhi Daredevils,Sunrisers Hyderabad,V Sehwag,UBT Chand,NLTC Perera,1,0,,,,,,,,,
598044,2013,2013-05-04,"Rajiv Gandhi International Stadium, Uppal",1,4.3,Delhi Daredevils,Sunrisers Hyderabad,UBT Chand,V Sehwag,NLTC Perera,0,0,,,,,,,,,
598044,2013,2013-05-04,"Rajiv Gandhi International Stadium, Uppal",1,4.4,Delhi Daredevils,Sunrisers Hyderabad,UBT Chand,V Sehwag,NLTC Perera,0,0,,,,,,,,,
598044,2013,2013-05-04,"Rajiv Gandhi International Stadium, Uppal",1,4.5,Delhi Daredevils,Sunrisers Hyderabad,UBT Chand,V Sehwag,NLTC Perera,0,0,,,,,,,,,
598044,2013,2013-05-04,"Rajiv Gandhi International Stadium, Uppal",1,4.6,Delhi Daredevils,Sunrisers Hyderabad,UBT Chand,V Sehwag,NLTC Perera,0,0,,,,,,,,,
598044,2013,2013-05-04,"Rajiv Gandhi International Stadium, Uppal",1,5.1,Delhi Daredevils,Sunrisers Hyderabad,V Sehwag,UBT Chand,I Sharma,1,0,,,,,,,,,
598044,2013,2013-05-04,"Rajiv Gandhi International Stadium, Uppal",1,5.2,Delhi Daredevils,Sunrisers Hyderabad,UBT Chand,V Sehwag,I Sharma,0,0,,,,,,,,,
598044,2013,2013-05-04,"Rajiv Gandhi International Stadium, Uppal",1,5.3,Delhi Daredevils,Sunrisers Hyderabad,UBT Chand,V Sehwag,I Sharma,0,0,,,,,,,,,
598044,2013,2013-05-04,"Rajiv Gandhi International Stadium, Uppal",1,5.4,Delhi Daredevils,Sunrisers Hyderabad,UBT Chand,V Sehwag,I Sharma,1,0,,,,,,,,,
598044,2013,2013-05-04,"Rajiv Gandhi International Stadium, Uppal",1,5.5,Delhi Daredevils,Sunrisers Hyderabad,V Sehwag,UBT Chand,I Sharma,1,0,,,,,,,,,
598044,2013,2013-05-04,"Rajiv Gandhi International Stadium, Uppal",1,5.6,Delhi Daredevils,Sunrisers Hyderabad,UBT Chand,V Sehwag,I Sharma,0,0,,,,,,,,,
598044,2013,2013-05-04,"Rajiv Gandhi International Stadium, Uppal",1,6.1,Delhi Daredevils,Sunrisers Hyderabad,V Sehwag,UBT Chand,NLTC Perera,0,0,,,,,,,,,
598044,2013,2013-05-04,"Rajiv Gandhi International Stadium, Uppal",1,6.2,Delhi Daredevils,Sunrisers Hyderabad,V Sehwag,UBT Chand,NLTC Perera,1,0,,,,,,,,,
598044,2013,2013-05-04,"Rajiv Gandhi International Stadium, Uppal",1,6.3,Delhi Daredevils,Sunrisers Hyderabad,UBT Chand,V Sehwag,NLTC Perera,0,0,,,,,,,,,
598044,2013,2013-05-04,"Rajiv Gandhi International Stadium, Uppal",1,6.4,Delhi Daredevils,Sunrisers Hyderabad,UBT Chand,V Sehwag,NLTC Perera,0,0,,,,,,,,,
598044,2013,2013-05-04,"Rajiv Gandhi International Stadium, Uppal",1,6.5,Delhi Daredevils,Sunrisers Hyderabad,UBT Chand,V Sehwag,NLTC Perera,0,1,,1,,,,,,,
598044,2013,2013-05-04,"Rajiv Gandhi International Stadium, Uppal",1,6.6,Delhi Daredevils,Sunrisers Hyderabad,UBT Chand,V Sehwag,NLTC Perera,0,0,,,,,,,,,
598044,2013,2013-05-04,"Rajiv Gandhi International Stadium, Uppal",1,6.7,Delhi Daredevils,Sunrisers Hyderabad,UBT Chand,V Sehwag,NLTC Perera,4,0,,,,,,,,,
598044,2013,2013-05-04,"Rajiv Gandhi International Stadium, Uppal",1,7.1,Delhi Daredevils,Sunrisers Hyderabad,V Sehwag,UBT Chand,DJG Sammy,0,0,,,,,,bowled,V Sehwag,,
598044,2013,2013-05-04,"Rajiv Gandhi International Stadium, Uppal",1,7.2,Delhi Daredevils,Sunrisers Hyderabad,DA Warner,UBT Chand,DJG Sammy,0,0,,,,,,,,,
598044,2013,2013-05-04,"Rajiv Gandhi International Stadium, Uppal",1,7.3,Delhi Daredevils,Sunrisers Hyderabad,DA Warner,UBT Chand,DJG Sammy,0,0,,,,,,,,,
598044,2013,2013-05-04,"Rajiv Gandhi International Stadium, Uppal",1,7.4,Delhi Daredevils,Sunrisers Hyderabad,DA Warner,UBT Chand,DJG Sammy,1,0,,,,,,,,,
598044,2013,2013-05-04,"Rajiv Gandhi International Stadium, Uppal",1,7.5,Delhi Daredevils,Sunrisers Hyderabad,UBT Chand,DA Warner,DJG Sammy,1,0,,,,,,,,,
598044,2013,2013-05-04,"Rajiv Gandhi International Stadium, Uppal",1,7.6,Delhi Daredevils,Sunrisers Hyderabad,DA Warner,UBT Chand,DJG Sammy,0,0,,,,,,,,,
598044,2013,2013-05-04,"Rajiv Gandhi International Stadium, Uppal",1,8.1,Delhi Daredevils,Sunrisers Hyderabad,UBT Chand,DA Warner,KV Sharma,0,0,,,,,,,,,
598044,2013,2013-05-04,"Rajiv Gandhi International Stadium, Uppal",1,8.2,Delhi Daredevils,Sunrisers Hyderabad,UBT Chand,DA Warner,KV Sharma,0,0,,,,,,,,,
598044,2013,2013-05-04,"Rajiv Gandhi International Stadium, Uppal",1,8.3,Delhi Daredevils,Sunrisers Hyderabad,UBT Chand,DA Warner,KV Sharma,1,0,,,,,,,,,
598044,2013,2013-05-04,"Rajiv Gandhi International Stadium, Uppal",1,8.4,Delhi Daredevils,Sunrisers Hyderabad,DA Warner,UBT Chand,KV Sharma,2,0,,,,,,,,,
598044,2013,2013-05-04,"Rajiv Gandhi International Stadium, Uppal",1,8.5,Delhi Daredevils,Sunrisers Hyderabad,DA Warner,UBT Chand,KV Sharma,0,0,,,,,,,,,
598044,2013,2013-05-04,"Rajiv Gandhi International Stadium, Uppal",1,8.6,Delhi Daredevils,Sunrisers Hyderabad,DA Warner,UBT Chand,KV Sharma,1,0,,,,,,,,,
598044,2013,2013-05-04,"Rajiv Gandhi International Stadium, Uppal",1,9.1,Delhi Daredevils,Sunrisers Hyderabad,DA Warner,UBT Chand,A Mishra,0,0,,,,,,,,,
598044,2013,2013-05-04,"Rajiv Gandhi International Stadium, Uppal",1,9.2,Delhi Daredevils,Sunrisers Hyderabad,DA Warner,UBT Chand,A Mishra,1,0,,,,,,,,,
598044,2013,2013-05-04,"Rajiv Gandhi International Stadium, Uppal",1,9.3,Delhi Daredevils,Sunrisers Hyderabad,UBT Chand,DA Warner,A Mishra,1,0,,,,,,,,,
598044,2013,2013-05-04,"Rajiv Gandhi International Stadium, Uppal",1,9.4,Delhi Daredevils,Sunrisers Hyderabad,DA Warner,UBT Chand,A Mishra,1,0,,,,,,,,,
598044,2013,2013-05-04,"Rajiv Gandhi International Stadium, Uppal",1,9.5,Delhi Daredevils,Sunrisers Hyderabad,UBT Chand,DA Warner,A Mishra,1,0,,,,,,,,,
598044,2013,2013-05-04,"Rajiv Gandhi International Stadium, Uppal",1,9.6,Delhi Daredevils,Sunrisers Hyderabad,DA Warner,UBT Chand,A Mishra,1,0,,,,,,,,,
598044,2013,2013-05-04,"Rajiv Gandhi International Stadium, Uppal",1,10.1,Delhi Daredevils,Sunrisers Hyderabad,DA Warner,UBT Chand,DW Steyn,0,1,,,1,,,,,,
598044,2013,2013-05-04,"Rajiv Gandhi International Stadium, Uppal",1,10.2,Delhi Daredevils,Sunrisers Hyderabad,UBT Chand,DA Warner,DW Steyn,4,0,,,,,,,,,
598044,2013,2013-05-04,"Rajiv Gandhi International Stadium, Uppal",1,10.3,Delhi Daredevils,Sunrisers Hyderabad,UBT Chand,DA Warner,DW Steyn,0,1,,,,1,,,,,
598044,2013,2013-05-04,"Rajiv Gandhi International Stadium, Uppal",1,10.4,Delhi Daredevils,Sunrisers Hyderabad,DA Warner,UBT Chand,DW Steyn,1,0,,,,,,,,,
598044,2013,2013-05-04,"Rajiv Gandhi International Stadium, Uppal",1,10.5,Delhi Daredevils,Sunrisers Hyderabad,UBT Chand,DA Warner,DW Steyn,0,0,,,,,,bowled,UBT Chand,,
598044,2013,2013-05-04,"Rajiv Gandhi International Stadium, Uppal",1,10.6,Delhi Daredevils,Sunrisers Hyderabad,BMAJ Mendis,DA Warner,DW Steyn,2,0,,,,,,,,,
598044,2013,2013-05-04,"Rajiv Gandhi International Stadium, Uppal",1,11.1,Delhi Daredevils,Sunrisers Hyderabad,DA Warner,BMAJ Mendis,A Mishra,0,0,,,,,,,,,
598044,2013,2013-05-04,"Rajiv Gandhi International Stadium, Uppal",1,11.2,Delhi Daredevils,Sunrisers Hyderabad,DA Warner,BMAJ Mendis,A Mishra,0,0,,,,,,stumped,DA Warner,,
598044,2013,2013-05-04,"Rajiv Gandhi International Stadium, Uppal",1,11.3,Delhi Daredevils,Sunrisers Hyderabad,KM Jadhav,BMAJ Mendis,A Mishra,2,0,,,,,,,,,
598044,2013,2013-05-04,"Rajiv Gandhi International Stadium, Uppal",1,11.4,Delhi Daredevils,Sunrisers Hyderabad,KM Jadhav,BMAJ Mendis,A Mishra,0,0,,,,,,,,,
598044,2013,2013-05-04,"Rajiv Gandhi International Stadium, Uppal",1,11.5,Delhi Daredevils,Sunrisers Hyderabad,KM Jadhav,BMAJ Mendis,A Mishra,1,0,,,,,,,,,
598044,2013,2013-05-04,"Rajiv Gandhi International Stadium, Uppal",1,11.6,Delhi Daredevils,Sunrisers Hyderabad,BMAJ Mendis,KM Jadhav,A Mishra,1,0,,,,,,,,,
598044,2013,2013-05-04,"Rajiv Gandhi International Stadium, Uppal",1,12.1,Delhi Daredevils,Sunrisers Hyderabad,BMAJ Mendis,KM Jadhav,KV Sharma,1,0,,,,,,,,,
598044,2013,2013-05-04,"Rajiv Gandhi International Stadium, Uppal",1,12.2,Delhi Daredevils,Sunrisers Hyderabad,KM Jadhav,BMAJ Mendis,KV Sharma,0,0,,,,,,caught and bowled,KM Jadhav,,
598044,2013,2013-05-04,"Rajiv Gandhi International Stadium, Uppal",1,12.3,Delhi Daredevils,Sunrisers Hyderabad,IK Pathan,BMAJ Mendis,KV Sharma,1,0,,,,,,,,,
598044,2013,2013-05-04,"Rajiv Gandhi International Stadium, Uppal",1,12.4,Delhi Daredevils,Sunrisers Hyderabad,BMAJ Mendis,IK Pathan,KV Sharma,1,0,,,,,,,,,
598044,2013,2013-05-04,"Rajiv Gandhi International Stadium, Uppal",1,12.5,Delhi Daredevils,Sunrisers Hyderabad,IK Pathan,BMAJ Mendis,KV Sharma,2,0,,,,,,,,,
598044,2013,2013-05-04,"Rajiv Gandhi International Stadium, Uppal",1,12.6,Delhi Daredevils,Sunrisers Hyderabad,IK Pathan,BMAJ Mendis,KV Sharma,0,0,,,,,,,,,
598044,2013,2013-05-04,"Rajiv Gandhi International Stadium, Uppal",1,13.1,Delhi Daredevils,Sunrisers Hyderabad,BMAJ Mendis,IK Pathan,A Mishra,2,0,,,,,,,,,
598044,2013,2013-05-04,"Rajiv Gandhi International Stadium, Uppal",1,13.2,Delhi Daredevils,Sunrisers Hyderabad,BMAJ Mendis,IK Pathan,A Mishra,1,0,,,,,,,,,
598044,2013,2013-05-04,"Rajiv Gandhi International Stadium, Uppal",1,13.3,Delhi Daredevils,Sunrisers Hyderabad,IK Pathan,BMAJ Mendis,A Mishra,0,0,,,,,,,,,
598044,2013,2013-05-04,"Rajiv Gandhi International Stadium, Uppal",1,13.4,Delhi Daredevils,Sunrisers Hyderabad,IK Pathan,BMAJ Mendis,A Mishra,0,0,,,,,,,,,
598044,2013,2013-05-04,"Rajiv Gandhi International Stadium, Uppal",1,13.5,Delhi Daredevils,Sunrisers Hyderabad,IK Pathan,BMAJ Mendis,A Mishra,0,0,,,,,,,,,
598044,2013,2013-05-04,"Rajiv Gandhi International Stadium, Uppal",1,13.6,Delhi Daredevils,Sunrisers Hyderabad,IK Pathan,BMAJ Mendis,A Mishra,2,0,,,,,,,,,
598044,2013,2013-05-04,"Rajiv Gandhi International Stadium, Uppal",1,14.1,Delhi Daredevils,Sunrisers Hyderabad,BMAJ Mendis,IK Pathan,DJG Sammy,1,0,,,,,,,,,
598044,2013,2013-05-04,"Rajiv Gandhi International Stadium, Uppal",1,14.2,Delhi Daredevils,Sunrisers Hyderabad,IK Pathan,BMAJ Mendis,DJG Sammy,0,0,,,,,,,,,
598044,2013,2013-05-04,"Rajiv Gandhi International Stadium, Uppal",1,14.3,Delhi Daredevils,Sunrisers Hyderabad,IK Pathan,BMAJ Mendis,DJG Sammy,1,0,,,,,,,,,
598044,2013,2013-05-04,"Rajiv Gandhi International Stadium, Uppal",1,14.4,Delhi Daredevils,Sunrisers Hyderabad,BMAJ Mendis,IK Pathan,DJG Sammy,2,0,,,,,,,,,
598044,2013,2013-05-04,"Rajiv Gandhi International Stadium, Uppal",1,14.5,Delhi Daredevils,Sunrisers Hyderabad,BMAJ Mendis,IK Pathan,DJG Sammy,0,0,,,,,,caught,BMAJ Mendis,,
598044,2013,2013-05-04,"Rajiv Gandhi International Stadium, Uppal",1,14.6,Delhi Daredevils,Sunrisers Hyderabad,IK Pathan,J Botha,DJG Sammy,0,0,,,,,,,,,
598044,2013,2013-05-04,"Rajiv Gandhi International Stadium, Uppal",1,15.1,Delhi Daredevils,Sunrisers Hyderabad,J Botha,IK Pathan,A Mishra,0,0,,,,,,,,,
598044,2013,2013-05-04,"Rajiv Gandhi International Stadium, Uppal",1,15.2,Delhi Daredevils,Sunrisers Hyderabad,J Botha,IK Pathan,A Mishra,0,0,,,,,,,,,
598044,2013,2013-05-04,"Rajiv Gandhi International Stadium, Uppal",1,15.3,Delhi Daredevils,Sunrisers Hyderabad,J Botha,IK Pathan,A Mishra,0,0,,,,,,,,,
598044,2013,2013-05-04,"Rajiv Gandhi International Stadium, Uppal",1,15.4,Delhi Daredevils,Sunrisers Hyderabad,J Botha,IK Pathan,A Mishra,0,0,,,,,,,,,
598044,2013,2013-05-04,"Rajiv Gandhi International Stadium, Uppal",1,15.5,Delhi Daredevils,Sunrisers Hyderabad,J Botha,IK Pathan,A Mishra,1,0,,,,,,,,,
598044,2013,2013-05-04,"Rajiv Gandhi International Stadium, Uppal",1,15.6,Delhi Daredevils,Sunrisers Hyderabad,IK Pathan,J Botha,A Mishra,1,0,,,,,,,,,
598044,2013,2013-05-04,"Rajiv Gandhi International Stadium, Uppal",1,16.1,Delhi Daredevils,Sunrisers Hyderabad,IK Pathan,J Botha,NLTC Perera,0,0,,,,,,,,,
598044,2013,2013-05-04,"Rajiv Gandhi International Stadium, Uppal",1,16.2,Delhi Daredevils,Sunrisers Hyderabad,IK Pathan,J Botha,NLTC Perera,1,0,,,,,,,,,
598044,2013,2013-05-04,"Rajiv Gandhi International Stadium, Uppal",1,16.3,Delhi Daredevils,Sunrisers Hyderabad,J Botha,IK Pathan,NLTC Perera,0,0,,,,,,,,,
598044,2013,2013-05-04,"Rajiv Gandhi International Stadium, Uppal",1,16.4,Delhi Daredevils,Sunrisers Hyderabad,J Botha,IK Pathan,NLTC Perera,0,0,,,,,,caught,J Botha,,
598044,2013,2013-05-04,"Rajiv Gandhi International Stadium, Uppal",1,16.5,Delhi Daredevils,Sunrisers Hyderabad,IK Pathan,S Nadeem,NLTC Perera,1,0,,,,,,,,,
598044,2013,2013-05-04,"Rajiv Gandhi International Stadium, Uppal",1,16.6,Delhi Daredevils,Sunrisers Hyderabad,S Nadeem,IK Pathan,NLTC Perera,0,0,,,,,,,,,
598044,2013,2013-05-04,"Rajiv Gandhi International Stadium, Uppal",1,17.1,Delhi Daredevils,Sunrisers Hyderabad,IK Pathan,S Nadeem,DJG Sammy,0,0,,,,,,,,,
598044,2013,2013-05-04,"Rajiv Gandhi International Stadium, Uppal",1,17.2,Delhi Daredevils,Sunrisers Hyderabad,IK Pathan,S Nadeem,DJG Sammy,2,0,,,,,,,,,
598044,2013,2013-05-04,"Rajiv Gandhi International Stadium, Uppal",1,17.3,Delhi Daredevils,Sunrisers Hyderabad,IK Pathan,S Nadeem,DJG Sammy,1,0,,,,,,,,,
598044,2013,2013-05-04,"Rajiv Gandhi International Stadium, Uppal",1,17.4,Delhi Daredevils,Sunrisers Hyderabad,S Nadeem,IK Pathan,DJG Sammy,0,0,,,,,,,,,
598044,2013,2013-05-04,"Rajiv Gandhi International Stadium, Uppal",1,17.5,Delhi Daredevils,Sunrisers Hyderabad,S Nadeem,IK Pathan,DJG Sammy,0,0,,,,,,run out,S Nadeem,,
598044,2013,2013-05-04,"Rajiv Gandhi International Stadium, Uppal",1,17.6,Delhi Daredevils,Sunrisers Hyderabad,IK Pathan,A Nehra,DJG Sammy,1,0,,,,,,,,,
598044,2013,2013-05-04,"Rajiv Gandhi International Stadium, Uppal",1,18.1,Delhi Daredevils,Sunrisers Hyderabad,IK Pathan,A Nehra,DW Steyn,0,0,,,,,,bowled,IK Pathan,,
598044,2013,2013-05-04,"Rajiv Gandhi International Stadium, Uppal",1,18.2,Delhi Daredevils,Sunrisers Hyderabad,UT Yadav,A Nehra,DW Steyn,0,0,,,,,,,,,
598044,2013,2013-05-04,"Rajiv Gandhi International Stadium, Uppal",1,18.3,Delhi Daredevils,Sunrisers Hyderabad,UT Yadav,A Nehra,DW Steyn,0,0,,,,,,,,,
598044,2013,2013-05-04,"Rajiv Gandhi International Stadium, Uppal",1,18.4,Delhi Daredevils,Sunrisers Hyderabad,UT Yadav,A Nehra,DW Steyn,0,0,,,,,,,,,
598044,2013,2013-05-04,"Rajiv Gandhi International Stadium, Uppal",1,18.5,Delhi Daredevils,Sunrisers Hyderabad,UT Yadav,A Nehra,DW Steyn,0,0,,,,,,,,,
598044,2013,2013-05-04,"Rajiv Gandhi International Stadium, Uppal",1,18.6,Delhi Daredevils,Sunrisers Hyderabad,UT Yadav,A Nehra,DW Steyn,2,0,,,,,,,,,
598044,2013,2013-05-04,"Rajiv Gandhi International Stadium, Uppal",1,19.1,Delhi Daredevils,Sunrisers Hyderabad,A Nehra,UT Yadav,NLTC Perera,0,0,,,,,,bowled,A Nehra,,
598044,2013,2013-05-04,"Rajiv Gandhi International Stadium, Uppal",2,0.1,Sunrisers Hyderabad,Delhi Daredevils,PA Patel,S Dhawan,IK Pathan,1,0,,,,,,,,,
598044,2013,2013-05-04,"Rajiv Gandhi International Stadium, Uppal",2,0.2,Sunrisers Hyderabad,Delhi Daredevils,S Dhawan,PA Patel,IK Pathan,0,0,,,,,,,,,
598044,2013,2013-05-04,"Rajiv Gandhi International Stadium, Uppal",2,0.3,Sunrisers Hyderabad,Delhi Daredevils,S Dhawan,PA Patel,IK Pathan,0,0,,,,,,,,,
598044,2013,2013-05-04,"Rajiv Gandhi International Stadium, Uppal",2,0.4,Sunrisers Hyderabad,Delhi Daredevils,S Dhawan,PA Patel,IK Pathan,4,0,,,,,,,,,
598044,2013,2013-05-04,"Rajiv Gandhi International Stadium, Uppal",2,0.5,Sunrisers Hyderabad,Delhi Daredevils,S Dhawan,PA Patel,IK Pathan,1,0,,,,,,,,,
598044,2013,2013-05-04,"Rajiv Gandhi International Stadium, Uppal",2,0.6,Sunrisers Hyderabad,Delhi Daredevils,PA Patel,S Dhawan,IK Pathan,0,0,,,,,,,,,
598044,2013,2013-05-04,"Rajiv Gandhi International Stadium, Uppal",2,1.1,Sunrisers Hyderabad,Delhi Daredevils,S Dhawan,PA Patel,UT Yadav,2,0,,,,,,,,,
598044,2013,2013-05-04,"Rajiv Gandhi International Stadium, Uppal",2,1.2,Sunrisers Hyderabad,Delhi Daredevils,S Dhawan,PA Patel,UT Yadav,4,0,,,,,,,,,
598044,2013,2013-05-04,"Rajiv Gandhi International Stadium, Uppal",2,1.3,Sunrisers Hyderabad,Delhi Daredevils,S Dhawan,PA Patel,UT Yadav,1,0,,,,,,,,,
598044,2013,2013-05-04,"Rajiv Gandhi International Stadium, Uppal",2,1.4,Sunrisers Hyderabad,Delhi Daredevils,PA Patel,S Dhawan,UT Yadav,4,0,,,,,,,,,
598044,2013,2013-05-04,"Rajiv Gandhi International Stadium, Uppal",2,1.5,Sunrisers Hyderabad,Delhi Daredevils,PA Patel,S Dhawan,UT Yadav,0,0,,,,,,,,,
598044,2013,2013-05-04,"Rajiv Gandhi International Stadium, Uppal",2,1.6,Sunrisers Hyderabad,Delhi Daredevils,PA Patel,S Dhawan,UT Yadav,0,0,,,,,,,,,
598044,2013,2013-05-04,"Rajiv Gandhi International Stadium, Uppal",2,2.1,Sunrisers Hyderabad,Delhi Daredevils,S Dhawan,PA Patel,A Nehra,0,0,,,,,,,,,
598044,2013,2013-05-04,"Rajiv Gandhi International Stadium, Uppal",2,2.2,Sunrisers Hyderabad,Delhi Daredevils,S Dhawan,PA Patel,A Nehra,1,0,,,,,,,,,
598044,2013,2013-05-04,"Rajiv Gandhi International Stadium, Uppal",2,2.3,Sunrisers Hyderabad,Delhi Daredevils,PA Patel,S Dhawan,A Nehra,1,0,,,,,,,,,
598044,2013,2013-05-04,"Rajiv Gandhi International Stadium, Uppal",2,2.4,Sunrisers Hyderabad,Delhi Daredevils,S Dhawan,PA Patel,A Nehra,0,0,,,,,,,,,
598044,2013,2013-05-04,"Rajiv Gandhi International Stadium, Uppal",2,2.5,Sunrisers Hyderabad,Delhi Daredevils,S Dhawan,PA Patel,A Nehra,4,0,,,,,,,,,
598044,2013,2013-05-04,"Rajiv Gandhi International Stadium, Uppal",2,2.6,Sunrisers Hyderabad,Delhi Daredevils,S Dhawan,PA Patel,A Nehra,0,0,,,,,,,,,
598044,2013,2013-05-04,"Rajiv Gandhi International Stadium, Uppal",2,3.1,Sunrisers Hyderabad,Delhi Daredevils,PA Patel,S Dhawan,UT Yadav,1,0,,,,,,,,,
598044,2013,2013-05-04,"Rajiv Gandhi International Stadium, Uppal",2,3.2,Sunrisers Hyderabad,Delhi Daredevils,S Dhawan,PA Patel,UT Yadav,1,0,,,,,,,,,
598044,2013,2013-05-04,"Rajiv Gandhi International Stadium, Uppal",2,3.3,Sunrisers Hyderabad,Delhi Daredevils,PA Patel,S Dhawan,UT Yadav,0,0,,,,,,,,,
598044,2013,2013-05-04,"Rajiv Gandhi International Stadium, Uppal",2,3.4,Sunrisers Hyderabad,Delhi Daredevils,PA Patel,S Dhawan,UT Yadav,1,0,,,,,,,,,
598044,2013,2013-05-04,"Rajiv Gandhi International Stadium, Uppal",2,3.5,Sunrisers Hyderabad,Delhi Daredevils,S Dhawan,PA Patel,UT Yadav,0,0,,,,,,,,,
598044,2013,2013-05-04,"Rajiv Gandhi International Stadium, Uppal",2,3.6,Sunrisers Hyderabad,Delhi Daredevils,S Dhawan,PA Patel,UT Yadav,4,0,,,,,,,,,
598044,2013,2013-05-04,"Rajiv Gandhi International Stadium, Uppal",2,4.1,Sunrisers Hyderabad,Delhi Daredevils,PA Patel,S Dhawan,J Botha,0,0,,,,,,,,,
598044,2013,2013-05-04,"Rajiv Gandhi International Stadium, Uppal",2,4.2,Sunrisers Hyderabad,Delhi Daredevils,PA Patel,S Dhawan,J Botha,2,0,,,,,,,,,
598044,2013,2013-05-04,"Rajiv Gandhi International Stadium, Uppal",2,4.3,Sunrisers Hyderabad,Delhi Daredevils,PA Patel,S Dhawan,J Botha,1,0,,,,,,,,,
598044,2013,2013-05-04,"Rajiv Gandhi International Stadium, Uppal",2,4.4,Sunrisers Hyderabad,Delhi Daredevils,S Dhawan,PA Patel,J Botha,0,0,,,,,,lbw,S Dhawan,,
598044,2013,2013-05-04,"Rajiv Gandhi International Stadium, Uppal",2,4.5,Sunrisers Hyderabad,Delhi Daredevils,A Ashish Reddy,PA Patel,J Botha,0,0,,,,,,,,,
598044,2013,2013-05-04,"Rajiv Gandhi International Stadium, Uppal",2,4.6,Sunrisers Hyderabad,Delhi Daredevils,A Ashish Reddy,PA Patel,J Botha,0,0,,,,,,,,,
598044,2013,2013-05-04,"Rajiv Gandhi International Stadium, Uppal",2,5.1,Sunrisers Hyderabad,Delhi Daredevils,PA Patel,A Ashish Reddy,A Nehra,1,0,,,,,,,,,
598044,2013,2013-05-04,"Rajiv Gandhi International Stadium, Uppal",2,5.2,Sunrisers Hyderabad,Delhi Daredevils,A Ashish Reddy,PA Patel,A Nehra,4,0,,,,,,,,,
598044,2013,2013-05-04,"Rajiv Gandhi International Stadium, Uppal",2,5.3,Sunrisers Hyderabad,Delhi Daredevils,A Ashish Reddy,PA Patel,A Nehra,0,0,,,,,,,,,
598044,2013,2013-05-04,"Rajiv Gandhi International Stadium, Uppal",2,5.4,Sunrisers Hyderabad,Delhi Daredevils,A Ashish Reddy,PA Patel,A Nehra,0,1,1,,,,,,,,
598044,2013,2013-05-04,"Rajiv Gandhi International Stadium, Uppal",2,5.5,Sunrisers Hyderabad,Delhi Daredevils,A Ashish Reddy,PA Patel,A Nehra,1,0,,,,,,,,,
598044,2013,2013-05-04,"Rajiv Gandhi International Stadium, Uppal",2,5.6,Sunrisers Hyderabad,Delhi Daredevils,PA Patel,A Ashish Reddy,A Nehra,1,0,,,,,,,,,
598044,2013,2013-05-04,"Rajiv Gandhi International Stadium, Uppal",2,5.7,Sunrisers Hyderabad,Delhi Daredevils,A Ashish Reddy,PA Patel,A Nehra,0,0,,,,,,caught,A Ashish Reddy,,
598044,2013,2013-05-04,"Rajiv Gandhi International Stadium, Uppal",2,6.1,Sunrisers Hyderabad,Delhi Daredevils,PA Patel,DJG Sammy,BMAJ Mendis,0,0,,,,,,,,,
598044,2013,2013-05-04,"Rajiv Gandhi International Stadium, Uppal",2,6.2,Sunrisers Hyderabad,Delhi Daredevils,PA Patel,DJG Sammy,BMAJ Mendis,0,0,,,,,,,,,
598044,2013,2013-05-04,"Rajiv Gandhi International Stadium, Uppal",2,6.3,Sunrisers Hyderabad,Delhi Daredevils,PA Patel,DJG Sammy,BMAJ Mendis,1,0,,,,,,,,,
598044,2013,2013-05-04,"Rajiv Gandhi International Stadium, Uppal",2,6.4,Sunrisers Hyderabad,Delhi Daredevils,DJG Sammy,PA Patel,BMAJ Mendis,1,0,,,,,,,,,
598044,2013,2013-05-04,"Rajiv Gandhi International Stadium, Uppal",2,6.5,Sunrisers Hyderabad,Delhi Daredevils,PA Patel,DJG Sammy,BMAJ Mendis,0,0,,,,,,stumped,PA Patel,,
598044,2013,2013-05-04,"Rajiv Gandhi International Stadium, Uppal",2,6.6,Sunrisers Hyderabad,Delhi Daredevils,KC Sangakkara,DJG Sammy,BMAJ Mendis,0,0,,,,,,,,,
598044,2013,2013-05-04,"Rajiv Gandhi International Stadium, Uppal",2,7.1,Sunrisers Hyderabad,Delhi Daredevils,DJG Sammy,KC Sangakkara,S Nadeem,0,0,,,,,,,,,
598044,2013,2013-05-04,"Rajiv Gandhi International Stadium, Uppal",2,7.2,Sunrisers Hyderabad,Delhi Daredevils,DJG Sammy,KC Sangakkara,S Nadeem,1,0,,,,,,,,,
598044,2013,2013-05-04,"Rajiv Gandhi International Stadium, Uppal",2,7.3,Sunrisers Hyderabad,Delhi Daredevils,KC Sangakkara,DJG Sammy,S Nadeem,1,0,,,,,,,,,
598044,2013,2013-05-04,"Rajiv Gandhi International Stadium, Uppal",2,7.4,Sunrisers Hyderabad,Delhi Daredevils,DJG Sammy,KC Sangakkara,S Nadeem,0,0,,,,,,,,,
598044,2013,2013-05-04,"Rajiv Gandhi International Stadium, Uppal",2,7.5,Sunrisers Hyderabad,Delhi Daredevils,DJG Sammy,KC Sangakkara,S Nadeem,1,0,,,,,,,,,
598044,2013,2013-05-04,"Rajiv Gandhi International Stadium, Uppal",2,7.6,Sunrisers Hyderabad,Delhi Daredevils,KC Sangakkara,DJG Sammy,S Nadeem,0,0,,,,,,,,,
598044,2013,2013-05-04,"Rajiv Gandhi International Stadium, Uppal",2,8.1,Sunrisers Hyderabad,Delhi Daredevils,DJG Sammy,KC Sangakkara,BMAJ Mendis,1,0,,,,,,,,,
598044,2013,2013-05-04,"Rajiv Gandhi International Stadium, Uppal",2,8.2,Sunrisers Hyderabad,Delhi Daredevils,KC Sangakkara,DJG Sammy,BMAJ Mendis,1,0,,,,,,,,,
598044,2013,2013-05-04,"Rajiv Gandhi International Stadium, Uppal",2,8.3,Sunrisers Hyderabad,Delhi Daredevils,DJG Sammy,KC Sangakkara,BMAJ Mendis,2,0,,,,,,,,,
598044,2013,2013-05-04,"Rajiv Gandhi International Stadium, Uppal",2,8.4,Sunrisers Hyderabad,Delhi Daredevils,DJG Sammy,KC Sangakkara,BMAJ Mendis,1,0,,,,,,,,,
598044,2013,2013-05-04,"Rajiv Gandhi International Stadium, Uppal",2,8.5,Sunrisers Hyderabad,Delhi Daredevils,KC Sangakkara,DJG Sammy,BMAJ Mendis,0,0,,,,,,,,,
598044,2013,2013-05-04,"Rajiv Gandhi International Stadium, Uppal",2,8.6,Sunrisers Hyderabad,Delhi Daredevils,KC Sangakkara,DJG Sammy,BMAJ Mendis,1,0,,,,,,,,,
598044,2013,2013-05-04,"Rajiv Gandhi International Stadium, Uppal",2,9.1,Sunrisers Hyderabad,Delhi Daredevils,KC Sangakkara,DJG Sammy,J Botha,0,0,,,,,,,,,
598044,2013,2013-05-04,"Rajiv Gandhi International Stadium, Uppal",2,9.2,Sunrisers Hyderabad,Delhi Daredevils,KC Sangakkara,DJG Sammy,J Botha,1,0,,,,,,,,,
598044,2013,2013-05-04,"Rajiv Gandhi International Stadium, Uppal",2,9.3,Sunrisers Hyderabad,Delhi Daredevils,DJG Sammy,KC Sangakkara,J Botha,0,0,,,,,,,,,
598044,2013,2013-05-04,"Rajiv Gandhi International Stadium, Uppal",2,9.4,Sunrisers Hyderabad,Delhi Daredevils,DJG Sammy,KC Sangakkara,J Botha,1,0,,,,,,,,,
598044,2013,2013-05-04,"Rajiv Gandhi International Stadium, Uppal",2,9.5,Sunrisers Hyderabad,Delhi Daredevils,KC Sangakkara,DJG Sammy,J Botha,1,0,,,,,,,,,
598044,2013,2013-05-04,"Rajiv Gandhi International Stadium, Uppal",2,9.6,Sunrisers Hyderabad,Delhi Daredevils,DJG Sammy,KC Sangakkara,J Botha,0,0,,,,,,,,,
598044,2013,2013-05-04,"Rajiv Gandhi International Stadium, Uppal",2,10.1,Sunrisers Hyderabad,Delhi Daredevils,KC Sangakkara,DJG Sammy,S Nadeem,0,0,,,,,,,,,
598044,2013,2013-05-04,"Rajiv Gandhi International Stadium, Uppal",2,10.2,Sunrisers Hyderabad,Delhi Daredevils,KC Sangakkara,DJG Sammy,S Nadeem,1,0,,,,,,,,,
598044,2013,2013-05-04,"Rajiv Gandhi International Stadium, Uppal",2,10.3,Sunrisers Hyderabad,Delhi Daredevils,DJG Sammy,KC Sangakkara,S Nadeem,0,0,,,,,,,,,
598044,2013,2013-05-04,"Rajiv Gandhi International Stadium, Uppal",2,10.4,Sunrisers Hyderabad,Delhi Daredevils,DJG Sammy,KC Sangakkara,S Nadeem,1,0,,,,,,,,,
598044,2013,2013-05-04,"Rajiv Gandhi International Stadium, Uppal",2,10.5,Sunrisers Hyderabad,Delhi Daredevils,KC Sangakkara,DJG Sammy,S Nadeem,2,0,,,,,,,,,
598044,2013,2013-05-04,"Rajiv Gandhi International Stadium, Uppal",2,10.6,Sunrisers Hyderabad,Delhi Daredevils,KC Sangakkara,DJG Sammy,S Nadeem,0,0,,,,,,,,,
598044,2013,2013-05-04,"Rajiv Gandhi International Stadium, Uppal",2,11.1,Sunrisers Hyderabad,Delhi Daredevils,DJG Sammy,KC Sangakkara,J Botha,1,0,,,,,,,,,
598044,2013,2013-05-04,"Rajiv Gandhi International Stadium, Uppal",2,11.2,Sunrisers Hyderabad,Delhi Daredevils,KC Sangakkara,DJG Sammy,J Botha,0,0,,,,,,caught,KC Sangakkara,,
598044,2013,2013-05-04,"Rajiv Gandhi International Stadium, Uppal",2,11.3,Sunrisers Hyderabad,Delhi Daredevils,DJG Sammy,GH Vihari,J Botha,0,0,,,,,,,,,
598044,2013,2013-05-04,"Rajiv Gandhi International Stadium, Uppal",2,11.4,Sunrisers Hyderabad,Delhi Daredevils,DJG Sammy,GH Vihari,J Botha,1,0,,,,,,,,,
598044,2013,2013-05-04,"Rajiv Gandhi International Stadium, Uppal",2,11.5,Sunrisers Hyderabad,Delhi Daredevils,GH Vihari,DJG Sammy,J Botha,0,1,1,,,,,,,,
598044,2013,2013-05-04,"Rajiv Gandhi International Stadium, Uppal",2,11.6,Sunrisers Hyderabad,Delhi Daredevils,GH Vihari,DJG Sammy,J Botha,0,0,,,,,,,,,
598044,2013,2013-05-04,"Rajiv Gandhi International Stadium, Uppal",2,11.7,Sunrisers Hyderabad,Delhi Daredevils,GH Vihari,DJG Sammy,J Botha,2,0,,,,,,,,,
598044,2013,2013-05-04,"Rajiv Gandhi International Stadium, Uppal",2,12.1,Sunrisers Hyderabad,Delhi Daredevils,DJG Sammy,GH Vihari,BMAJ Mendis,1,0,,,,,,,,,
598044,2013,2013-05-04,"Rajiv Gandhi International Stadium, Uppal",2,12.2,Sunrisers Hyderabad,Delhi Daredevils,GH Vihari,DJG Sammy,BMAJ Mendis,0,0,,,,,,,,,
598044,2013,2013-05-04,"Rajiv Gandhi International Stadium, Uppal",2,12.3,Sunrisers Hyderabad,Delhi Daredevils,GH Vihari,DJG Sammy,BMAJ Mendis,1,0,,,,,,,,,
598044,2013,2013-05-04,"Rajiv Gandhi International Stadium, Uppal",2,12.4,Sunrisers Hyderabad,Delhi Daredevils,DJG Sammy,GH Vihari,BMAJ Mendis,0,0,,,,,,,,,
598044,2013,2013-05-04,"Rajiv Gandhi International Stadium, Uppal",2,12.5,Sunrisers Hyderabad,Delhi Daredevils,DJG Sammy,GH Vihari,BMAJ Mendis,6,0,,,,,,,,,
598044,2013,2013-05-04,"Rajiv Gandhi International Stadium, Uppal",2,12.6,Sunrisers Hyderabad,Delhi Daredevils,DJG Sammy,GH Vihari,BMAJ Mendis,0,0,,,,,,,,,
598044,2013,2013-05-04,"Rajiv Gandhi International Stadium, Uppal",2,13.1,Sunrisers Hyderabad,Delhi Daredevils,GH Vihari,DJG Sammy,UT Yadav,0,0,,,,,,,,,
598044,2013,2013-05-04,"Rajiv Gandhi International Stadium, Uppal",2,13.2,Sunrisers Hyderabad,Delhi Daredevils,GH Vihari,DJG Sammy,UT Yadav,4,0,,,,,,,,,
598044,2013,2013-05-04,"Rajiv Gandhi International Stadium, Uppal",2,13.3,Sunrisers Hyderabad,Delhi Daredevils,GH Vihari,DJG Sammy,UT Yadav,0,1,1,,,,,,,,
598044,2013,2013-05-04,"Rajiv Gandhi International Stadium, Uppal",2,13.4,Sunrisers Hyderabad,Delhi Daredevils,GH Vihari,DJG Sammy,UT Yadav,0,0,,,,,,,,,
598044,2013,2013-05-04,"Rajiv Gandhi International Stadium, Uppal",2,13.5,Sunrisers Hyderabad,Delhi Daredevils,GH Vihari,DJG Sammy,UT Yadav,0,0,,,,,,,,,
598044,2013,2013-05-04,"Rajiv Gandhi International Stadium, Uppal",2,13.6,Sunrisers Hyderabad,Delhi Daredevils,GH Vihari,DJG Sammy,UT Yadav,4,0,,,,,,,,,
