match_id,season,start_date,venue,innings,ball,batting_team,bowling_team,striker,non_striker,bowler,runs_off_bat,extras,wides,noballs,byes,legbyes,penalty,wicket_type,player_dismissed,other_wicket_type,other_player_dismissed
729291,2014,2014-04-20,Sharjah Cricket Stadium,1,0.1,Rajasthan Royals,Kings XI Punjab,AM Nayar,AM Rahane,AR Patel,0,0,,,,,,,,,
729291,2014,2014-04-20,Sharjah Cricket Stadium,1,0.2,Rajasthan Royals,Kings XI Punjab,AM Nayar,AM Rahane,AR Patel,0,0,,,,,,,,,
729291,2014,2014-04-20,Sharjah Cricket Stadium,1,0.3,Rajasthan Royals,Kings XI Punjab,AM Nayar,AM Rahane,AR Patel,1,0,,,,,,,,,
729291,2014,2014-04-20,Sharjah Cricket Stadium,1,0.4,Rajasthan Royals,Kings XI Punjab,AM Rahane,AM Nayar,AR Patel,0,0,,,,,,,,,
729291,2014,2014-04-20,Sharjah Cricket Stadium,1,0.5,Rajasthan Royals,Kings XI Punjab,AM Rahane,AM Nayar,AR Patel,4,0,,,,,,,,,
729291,2014,2014-04-20,Sharjah Cricket Stadium,1,0.6,Rajasthan Royals,Kings XI Punjab,AM Rahane,AM Nayar,AR Patel,1,0,,,,,,,,,
729291,2014,2014-04-20,Sharjah Cricket Stadium,1,1.1,Rajasthan Royals,Kings XI Punjab,AM Rahane,AM Nayar,MG Johnson,0,0,,,,,,,,,
729291,2014,2014-04-20,Sharjah Cricket Stadium,1,1.2,Rajasthan Royals,Kings XI Punjab,AM Rahane,AM Nayar,MG Johnson,4,0,,,,,,,,,
729291,2014,2014-04-20,Sharjah Cricket Stadium,1,1.3,Rajasthan Royals,Kings XI Punjab,AM Rahane,AM Nayar,MG Johnson,3,0,,,,,,,,,
729291,2014,2014-04-20,Sharjah Cricket Stadium,1,1.4,Rajasthan Royals,Kings XI Punjab,AM Nayar,AM Rahane,MG Johnson,0,0,,,,,,,,,
729291,2014,2014-04-20,Sharjah Cricket Stadium,1,1.5,Rajasthan Royals,Kings XI Punjab,AM Nayar,AM Rahane,MG Johnson,0,0,,,,,,,,,
729291,2014,2014-04-20,Sharjah Cricket Stadium,1,1.6,Rajasthan Royals,Kings XI Punjab,AM Nayar,AM Rahane,MG Johnson,0,0,,,,,,,,,
729291,2014,2014-04-20,Sharjah Cricket Stadium,1,2.1,Rajasthan Royals,Kings XI Punjab,AM Rahane,AM Nayar,P Awana,0,0,,,,,,,,,
729291,2014,2014-04-20,Sharjah Cricket Stadium,1,2.2,Rajasthan Royals,Kings XI Punjab,AM Rahane,AM Nayar,P Awana,1,0,,,,,,,,,
729291,2014,2014-04-20,Sharjah Cricket Stadium,1,2.3,Rajasthan Royals,Kings XI Punjab,AM Nayar,AM Rahane,P Awana,2,0,,,,,,,,,
729291,2014,2014-04-20,Sharjah Cricket Stadium,1,2.4,Rajasthan Royals,Kings XI Punjab,AM Nayar,AM Rahane,P Awana,6,0,,,,,,,,,
729291,2014,2014-04-20,Sharjah Cricket Stadium,1,2.5,Rajasthan Royals,Kings XI Punjab,AM Nayar,AM Rahane,P Awana,0,0,,,,,,,,,
729291,2014,2014-04-20,Sharjah Cricket Stadium,1,2.6,Rajasthan Royals,Kings XI Punjab,AM Nayar,AM Rahane,P Awana,0,0,,,,,,run out,AM Rahane,,
729291,2014,2014-04-20,Sharjah Cricket Stadium,1,3.1,Rajasthan Royals,Kings XI Punjab,SV Samson,AM Nayar,L Balaji,0,0,,,,,,,,,
729291,2014,2014-04-20,Sharjah Cricket Stadium,1,3.2,Rajasthan Royals,Kings XI Punjab,SV Samson,AM Nayar,L Balaji,0,0,,,,,,,,,
729291,2014,2014-04-20,Sharjah Cricket Stadium,1,3.3,Rajasthan Royals,Kings XI Punjab,SV Samson,AM Nayar,L Balaji,4,0,,,,,,,,,
729291,2014,2014-04-20,Sharjah Cricket Stadium,1,3.4,Rajasthan Royals,Kings XI Punjab,SV Samson,AM Nayar,L Balaji,0,0,,,,,,,,,
729291,2014,2014-04-20,Sharjah Cricket Stadium,1,3.5,Rajasthan Royals,Kings XI Punjab,SV Samson,AM Nayar,L Balaji,0,0,,,,,,,,,
729291,2014,2014-04-20,Sharjah Cricket Stadium,1,3.6,Rajasthan Royals,Kings XI Punjab,SV Samson,AM Nayar,L Balaji,6,0,,,,,,,,,
729291,2014,2014-04-20,Sharjah Cricket Stadium,1,4.1,Rajasthan Royals,Kings XI Punjab,AM Nayar,SV Samson,P Awana,0,1,1,,,,,,,,
729291,2014,2014-04-20,Sharjah Cricket Stadium,1,4.2,Rajasthan Royals,Kings XI Punjab,AM Nayar,SV Samson,P Awana,2,0,,,,,,,,,
729291,2014,2014-04-20,Sharjah Cricket Stadium,1,4.3,Rajasthan Royals,Kings XI Punjab,AM Nayar,SV Samson,P Awana,1,0,,,,,,,,,
729291,2014,2014-04-20,Sharjah Cricket Stadium,1,4.4,Rajasthan Royals,Kings XI Punjab,SV Samson,AM Nayar,P Awana,0,0,,,,,,,,,
729291,2014,2014-04-20,Sharjah Cricket Stadium,1,4.5,Rajasthan Royals,Kings XI Punjab,SV Samson,AM Nayar,P Awana,4,0,,,,,,,,,
729291,2014,2014-04-20,Sharjah Cricket Stadium,1,4.6,Rajasthan Royals,Kings XI Punjab,SV Samson,AM Nayar,P Awana,1,0,,,,,,,,,
729291,2014,2014-04-20,Sharjah Cricket Stadium,1,4.7,Rajasthan Royals,Kings XI Punjab,AM Nayar,SV Samson,P Awana,0,0,,,,,,,,,
729291,2014,2014-04-20,Sharjah Cricket Stadium,1,5.1,Rajasthan Royals,Kings XI Punjab,SV Samson,AM Nayar,MG Johnson,1,0,,,,,,,,,
729291,2014,2014-04-20,Sharjah Cricket Stadium,1,5.2,Rajasthan Royals,Kings XI Punjab,AM Nayar,SV Samson,MG Johnson,2,0,,,,,,,,,
729291,2014,2014-04-20,Sharjah Cricket Stadium,1,5.3,Rajasthan Royals,Kings XI Punjab,AM Nayar,SV Samson,MG Johnson,0,0,,,,,,,,,
729291,2014,2014-04-20,Sharjah Cricket Stadium,1,5.4,Rajasthan Royals,Kings XI Punjab,AM Nayar,SV Samson,MG Johnson,4,1,,1,,,,,,,
729291,2014,2014-04-20,Sharjah Cricket Stadium,1,5.5,Rajasthan Royals,Kings XI Punjab,AM Nayar,SV Samson,MG Johnson,4,0,,,,,,,,,
729291,2014,2014-04-20,Sharjah Cricket Stadium,1,5.6,Rajasthan Royals,Kings XI Punjab,AM Nayar,SV Samson,MG Johnson,0,0,,,,,,,,,
729291,2014,2014-04-20,Sharjah Cricket Stadium,1,5.7,Rajasthan Royals,Kings XI Punjab,AM Nayar,SV Samson,MG Johnson,1,0,,,,,,,,,
729291,2014,2014-04-20,Sharjah Cricket Stadium,1,6.1,Rajasthan Royals,Kings XI Punjab,AM Nayar,SV Samson,M Kartik,0,0,,,,,,lbw,AM Nayar,,
729291,2014,2014-04-20,Sharjah Cricket Stadium,1,6.2,Rajasthan Royals,Kings XI Punjab,SR Watson,SV Samson,M Kartik,1,0,,,,,,,,,
729291,2014,2014-04-20,Sharjah Cricket Stadium,1,6.3,Rajasthan Royals,Kings XI Punjab,SV Samson,SR Watson,M Kartik,0,0,,,,,,,,,
729291,2014,2014-04-20,Sharjah Cricket Stadium,1,6.4,Rajasthan Royals,Kings XI Punjab,SV Samson,SR Watson,M Kartik,0,0,,,,,,,,,
729291,2014,2014-04-20,Sharjah Cricket Stadium,1,6.5,Rajasthan Royals,Kings XI Punjab,SV Samson,SR Watson,M Kartik,6,0,,,,,,,,,
729291,2014,2014-04-20,Sharjah Cricket Stadium,1,6.6,Rajasthan Royals,Kings XI Punjab,SV Samson,SR Watson,M Kartik,1,0,,,,,,,,,
729291,2014,2014-04-20,Sharjah Cricket Stadium,1,7.1,Rajasthan Royals,Kings XI Punjab,SV Samson,SR Watson,AR Patel,1,0,,,,,,,,,
729291,2014,2014-04-20,Sharjah Cricket Stadium,1,7.2,Rajasthan Royals,Kings XI Punjab,SR Watson,SV Samson,AR Patel,0,0,,,,,,,,,
729291,2014,2014-04-20,Sharjah Cricket Stadium,1,7.3,Rajasthan Royals,Kings XI Punjab,SR Watson,SV Samson,AR Patel,0,0,,,,,,,,,
729291,2014,2014-04-20,Sharjah Cricket Stadium,1,7.4,Rajasthan Royals,Kings XI Punjab,SR Watson,SV Samson,AR Patel,4,0,,,,,,,,,
729291,2014,2014-04-20,Sharjah Cricket Stadium,1,7.5,Rajasthan Royals,Kings XI Punjab,SR Watson,SV Samson,AR Patel,0,0,,,,,,,,,
729291,2014,2014-04-20,Sharjah Cricket Stadium,1,7.6,Rajasthan Royals,Kings XI Punjab,SR Watson,SV Samson,AR Patel,0,0,,,,,,,,,
729291,2014,2014-04-20,Sharjah Cricket Stadium,1,8.1,Rajasthan Royals,Kings XI Punjab,SV Samson,SR Watson,M Kartik,1,0,,,,,,,,,
729291,2014,2014-04-20,Sharjah Cricket Stadium,1,8.2,Rajasthan Royals,Kings XI Punjab,SR Watson,SV Samson,M Kartik,2,0,,,,,,,,,
729291,2014,2014-04-20,Sharjah Cricket Stadium,1,8.3,Rajasthan Royals,Kings XI Punjab,SR Watson,SV Samson,M Kartik,0,0,,,,,,,,,
729291,2014,2014-04-20,Sharjah Cricket Stadium,1,8.4,Rajasthan Royals,Kings XI Punjab,SR Watson,SV Samson,M Kartik,0,0,,,,,,,,,
729291,2014,2014-04-20,Sharjah Cricket Stadium,1,8.5,Rajasthan Royals,Kings XI Punjab,SR Watson,SV Samson,M Kartik,1,0,,,,,,,,,
729291,2014,2014-04-20,Sharjah Cricket Stadium,1,8.6,Rajasthan Royals,Kings XI Punjab,SV Samson,SR Watson,M Kartik,6,0,,,,,,,,,
729291,2014,2014-04-20,Sharjah Cricket Stadium,1,9.1,Rajasthan Royals,Kings XI Punjab,SR Watson,SV Samson,AR Patel,4,0,,,,,,,,,
729291,2014,2014-04-20,Sharjah Cricket Stadium,1,9.2,Rajasthan Royals,Kings XI Punjab,SR Watson,SV Samson,AR Patel,0,0,,,,,,,,,
729291,2014,2014-04-20,Sharjah Cricket Stadium,1,9.3,Rajasthan Royals,Kings XI Punjab,SR Watson,SV Samson,AR Patel,0,0,,,,,,,,,
729291,2014,2014-04-20,Sharjah Cricket Stadium,1,9.4,Rajasthan Royals,Kings XI Punjab,SR Watson,SV Samson,AR Patel,4,0,,,,,,,,,
729291,2014,2014-04-20,Sharjah Cricket Stadium,1,9.5,Rajasthan Royals,Kings XI Punjab,SR Watson,SV Samson,AR Patel,0,0,,,,,,,,,
729291,2014,2014-04-20,Sharjah Cricket Stadium,1,9.6,Rajasthan Royals,Kings XI Punjab,SR Watson,SV Samson,AR Patel,0,0,,,,,,,,,
729291,2014,2014-04-20,Sharjah Cricket Stadium,1,10.1,Rajasthan Royals,Kings XI Punjab,SV Samson,SR Watson,L Balaji,1,0,,,,,,,,,
729291,2014,2014-04-20,Sharjah Cricket Stadium,1,10.2,Rajasthan Royals,Kings XI Punjab,SR Watson,SV Samson,L Balaji,1,0,,,,,,,,,
729291,2014,2014-04-20,Sharjah Cricket Stadium,1,10.3,Rajasthan Royals,Kings XI Punjab,SV Samson,SR Watson,L Balaji,1,0,,,,,,,,,
729291,2014,2014-04-20,Sharjah Cricket Stadium,1,10.4,Rajasthan Royals,Kings XI Punjab,SR Watson,SV Samson,L Balaji,4,0,,,,,,,,,
729291,2014,2014-04-20,Sharjah Cricket Stadium,1,10.5,Rajasthan Royals,Kings XI Punjab,SR Watson,SV Samson,L Balaji,6,0,,,,,,,,,
729291,2014,2014-04-20,Sharjah Cricket Stadium,1,10.6,Rajasthan Royals,Kings XI Punjab,SR Watson,SV Samson,L Balaji,0,0,,,,,,,,,
729291,2014,2014-04-20,Sharjah Cricket Stadium,1,11.1,Rajasthan Royals,Kings XI Punjab,SV Samson,SR Watson,M Kartik,4,0,,,,,,,,,
729291,2014,2014-04-20,Sharjah Cricket Stadium,1,11.2,Rajasthan Royals,Kings XI Punjab,SV Samson,SR Watson,M Kartik,1,0,,,,,,,,,
729291,2014,2014-04-20,Sharjah Cricket Stadium,1,11.3,Rajasthan Royals,Kings XI Punjab,SR Watson,SV Samson,M Kartik,2,0,,,,,,,,,
729291,2014,2014-04-20,Sharjah Cricket Stadium,1,11.4,Rajasthan Royals,Kings XI Punjab,SR Watson,SV Samson,M Kartik,4,0,,,,,,,,,
729291,2014,2014-04-20,Sharjah Cricket Stadium,1,11.5,Rajasthan Royals,Kings XI Punjab,SR Watson,SV Samson,M Kartik,6,0,,,,,,,,,
729291,2014,2014-04-20,Sharjah Cricket Stadium,1,11.6,Rajasthan Royals,Kings XI Punjab,SR Watson,SV Samson,M Kartik,0,1,1,,,,,,,,
729291,2014,2014-04-20,Sharjah Cricket Stadium,1,11.7,Rajasthan Royals,Kings XI Punjab,SR Watson,SV Samson,M Kartik,3,0,,,,,,,,,
729291,2014,2014-04-20,Sharjah Cricket Stadium,1,12.1,Rajasthan Royals,Kings XI Punjab,SR Watson,SV Samson,P Awana,1,0,,,,,,,,,
729291,2014,2014-04-20,Sharjah Cricket Stadium,1,12.2,Rajasthan Royals,Kings XI Punjab,SV Samson,SR Watson,P Awana,0,0,,,,,,,,,
729291,2014,2014-04-20,Sharjah Cricket Stadium,1,12.3,Rajasthan Royals,Kings XI Punjab,SV Samson,SR Watson,P Awana,1,0,,,,,,,,,
729291,2014,2014-04-20,Sharjah Cricket Stadium,1,12.4,Rajasthan Royals,Kings XI Punjab,SR Watson,SV Samson,P Awana,0,0,,,,,,,,,
729291,2014,2014-04-20,Sharjah Cricket Stadium,1,12.5,Rajasthan Royals,Kings XI Punjab,SR Watson,SV Samson,P Awana,6,0,,,,,,,,,
729291,2014,2014-04-20,Sharjah Cricket Stadium,1,12.6,Rajasthan Royals,Kings XI Punjab,SR Watson,SV Samson,P Awana,1,0,,,,,,,,,
729291,2014,2014-04-20,Sharjah Cricket Stadium,1,13.1,Rajasthan Royals,Kings XI Punjab,SR Watson,SV Samson,AR Patel,0,0,,,,,,bowled,SR Watson,,
729291,2014,2014-04-20,Sharjah Cricket Stadium,1,13.2,Rajasthan Royals,Kings XI Punjab,STR Binny,SV Samson,AR Patel,1,0,,,,,,,,,
729291,2014,2014-04-20,Sharjah Cricket Stadium,1,13.3,Rajasthan Royals,Kings XI Punjab,SV Samson,STR Binny,AR Patel,0,0,,,,,,,,,
729291,2014,2014-04-20,Sharjah Cricket Stadium,1,13.4,Rajasthan Royals,Kings XI Punjab,SV Samson,STR Binny,AR Patel,0,0,,,,,,,,,
729291,2014,2014-04-20,Sharjah Cricket Stadium,1,13.5,Rajasthan Royals,Kings XI Punjab,SV Samson,STR Binny,AR Patel,1,0,,,,,,,,,
729291,2014,2014-04-20,Sharjah Cricket Stadium,1,13.6,Rajasthan Royals,Kings XI Punjab,STR Binny,SV Samson,AR Patel,1,0,,,,,,,,,
729291,2014,2014-04-20,Sharjah Cricket Stadium,1,14.1,Rajasthan Royals,Kings XI Punjab,STR Binny,SV Samson,M Kartik,1,0,,,,,,,,,
729291,2014,2014-04-20,Sharjah Cricket Stadium,1,14.2,Rajasthan Royals,Kings XI Punjab,SV Samson,STR Binny,M Kartik,1,0,,,,,,,,,
729291,2014,2014-04-20,Sharjah Cricket Stadium,1,14.3,Rajasthan Royals,Kings XI Punjab,STR Binny,SV Samson,M Kartik,2,0,,,,,,,,,
729291,2014,2014-04-20,Sharjah Cricket Stadium,1,14.4,Rajasthan Royals,Kings XI Punjab,STR Binny,SV Samson,M Kartik,6,0,,,,,,,,,
729291,2014,2014-04-20,Sharjah Cricket Stadium,1,14.5,Rajasthan Royals,Kings XI Punjab,STR Binny,SV Samson,M Kartik,1,0,,,,,,,,,
729291,2014,2014-04-20,Sharjah Cricket Stadium,1,14.6,Rajasthan Royals,Kings XI Punjab,SV Samson,STR Binny,M Kartik,1,0,,,,,,,,,
729291,2014,2014-04-20,Sharjah Cricket Stadium,1,15.1,Rajasthan Royals,Kings XI Punjab,SV Samson,STR Binny,MG Johnson,1,0,,,,,,,,,
729291,2014,2014-04-20,Sharjah Cricket Stadium,1,15.2,Rajasthan Royals,Kings XI Punjab,STR Binny,SV Samson,MG Johnson,0,0,,,,,,,,,
729291,2014,2014-04-20,Sharjah Cricket Stadium,1,15.3,Rajasthan Royals,Kings XI Punjab,STR Binny,SV Samson,MG Johnson,0,0,,,,,,caught,STR Binny,,
729291,2014,2014-04-20,Sharjah Cricket Stadium,1,15.4,Rajasthan Royals,Kings XI Punjab,SV Samson,SPD Smith,MG Johnson,1,0,,,,,,,,,
729291,2014,2014-04-20,Sharjah Cricket Stadium,1,15.5,Rajasthan Royals,Kings XI Punjab,SPD Smith,SV Samson,MG Johnson,1,0,,,,,,,,,
729291,2014,2014-04-20,Sharjah Cricket Stadium,1,15.6,Rajasthan Royals,Kings XI Punjab,SV Samson,SPD Smith,MG Johnson,0,0,,,,,,,,,
729291,2014,2014-04-20,Sharjah Cricket Stadium,1,16.1,Rajasthan Royals,Kings XI Punjab,SPD Smith,SV Samson,P Awana,4,0,,,,,,,,,
729291,2014,2014-04-20,Sharjah Cricket Stadium,1,16.2,Rajasthan Royals,Kings XI Punjab,SPD Smith,SV Samson,P Awana,1,0,,,,,,,,,
729291,2014,2014-04-20,Sharjah Cricket Stadium,1,16.3,Rajasthan Royals,Kings XI Punjab,SV Samson,SPD Smith,P Awana,6,0,,,,,,,,,
729291,2014,2014-04-20,Sharjah Cricket Stadium,1,16.4,Rajasthan Royals,Kings XI Punjab,SV Samson,SPD Smith,P Awana,2,0,,,,,,,,,
729291,2014,2014-04-20,Sharjah Cricket Stadium,1,16.5,Rajasthan Royals,Kings XI Punjab,SV Samson,SPD Smith,P Awana,0,0,,,,,,bowled,SV Samson,,
729291,2014,2014-04-20,Sharjah Cricket Stadium,1,16.6,Rajasthan Royals,Kings XI Punjab,JP Faulkner,SPD Smith,P Awana,0,0,,,,,,,,,
729291,2014,2014-04-20,Sharjah Cricket Stadium,1,17.1,Rajasthan Royals,Kings XI Punjab,SPD Smith,JP Faulkner,L Balaji,2,0,,,,,,,,,
729291,2014,2014-04-20,Sharjah Cricket Stadium,1,17.2,Rajasthan Royals,Kings XI Punjab,SPD Smith,JP Faulkner,L Balaji,4,0,,,,,,,,,
729291,2014,2014-04-20,Sharjah Cricket Stadium,1,17.3,Rajasthan Royals,Kings XI Punjab,SPD Smith,JP Faulkner,L Balaji,4,0,,,,,,,,,
729291,2014,2014-04-20,Sharjah Cricket Stadium,1,17.4,Rajasthan Royals,Kings XI Punjab,SPD Smith,JP Faulkner,L Balaji,0,0,,,,,,,,,
729291,2014,2014-04-20,Sharjah Cricket Stadium,1,17.5,Rajasthan Royals,Kings XI Punjab,SPD Smith,JP Faulkner,L Balaji,4,0,,,,,,,,,
729291,2014,2014-04-20,Sharjah Cricket Stadium,1,17.6,Rajasthan Royals,Kings XI Punjab,SPD Smith,JP Faulkner,L Balaji,1,0,,,,,,,,,
729291,2014,2014-04-20,Sharjah Cricket Stadium,1,18.1,Rajasthan Royals,Kings XI Punjab,SPD Smith,JP Faulkner,MG Johnson,0,1,,,1,,,,,,
729291,2014,2014-04-20,Sharjah Cricket Stadium,1,18.2,Rajasthan Royals,Kings XI Punjab,JP Faulkner,SPD Smith,MG Johnson,6,0,,,,,,,,,
729291,2014,2014-04-20,Sharjah Cricket Stadium,1,18.3,Rajasthan Royals,Kings XI Punjab,JP Faulkner,SPD Smith,MG Johnson,0,1,,,1,,,,,,
729291,2014,2014-04-20,Sharjah Cricket Stadium,1,18.4,Rajasthan Royals,Kings XI Punjab,SPD Smith,JP Faulkner,MG Johnson,0,1,,,,1,,,,,
729291,2014,2014-04-20,Sharjah Cricket Stadium,1,18.5,Rajasthan Royals,Kings XI Punjab,JP Faulkner,SPD Smith,MG Johnson,0,0,,,,,,,,,
729291,2014,2014-04-20,Sharjah Cricket Stadium,1,18.6,Rajasthan Royals,Kings XI Punjab,JP Faulkner,SPD Smith,MG Johnson,0,0,,,,,,,,,
729291,2014,2014-04-20,Sharjah Cricket Stadium,1,19.1,Rajasthan Royals,Kings XI Punjab,SPD Smith,JP Faulkner,L Balaji,1,0,,,,,,,,,
729291,2014,2014-04-20,Sharjah Cricket Stadium,1,19.2,Rajasthan Royals,Kings XI Punjab,JP Faulkner,SPD Smith,L Balaji,1,0,,,,,,,,,
729291,2014,2014-04-20,Sharjah Cricket Stadium,1,19.3,Rajasthan Royals,Kings XI Punjab,SPD Smith,JP Faulkner,L Balaji,1,0,,,,,,,,,
729291,2014,2014-04-20,Sharjah Cricket Stadium,1,19.4,Rajasthan Royals,Kings XI Punjab,JP Faulkner,SPD Smith,L Balaji,1,0,,,,,,,,,
729291,2014,2014-04-20,Sharjah Cricket Stadium,1,19.5,Rajasthan Royals,Kings XI Punjab,SPD Smith,JP Faulkner,L Balaji,4,0,,,,,,,,,
729291,2014,2014-04-20,Sharjah Cricket Stadium,1,19.6,Rajasthan Royals,Kings XI Punjab,SPD Smith,JP Faulkner,L Balaji,0,0,,,,,,,,,
729291,2014,2014-04-20,Sharjah Cricket Stadium,2,0.1,Kings XI Punjab,Rajasthan Royals,CA Pujara,V Sehwag,KW Richardson,1,0,,,,,,,,,
729291,2014,2014-04-20,Sharjah Cricket Stadium,2,0.2,Kings XI Punjab,Rajasthan Royals,V Sehwag,CA Pujara,KW Richardson,1,0,,,,,,,,,
729291,2014,2014-04-20,Sharjah Cricket Stadium,2,0.3,Kings XI Punjab,Rajasthan Royals,CA Pujara,V Sehwag,KW Richardson,1,0,,,,,,,,,
729291,2014,2014-04-20,Sharjah Cricket Stadium,2,0.4,Kings XI Punjab,Rajasthan Royals,V Sehwag,CA Pujara,KW Richardson,0,1,1,,,,,,,,
729291,2014,2014-04-20,Sharjah Cricket Stadium,2,0.5,Kings XI Punjab,Rajasthan Royals,V Sehwag,CA Pujara,KW Richardson,0,0,,,,,,,,,
729291,2014,2014-04-20,Sharjah Cricket Stadium,2,0.6,Kings XI Punjab,Rajasthan Royals,V Sehwag,CA Pujara,KW Richardson,1,0,,,,,,,,,
729291,2014,2014-04-20,Sharjah Cricket Stadium,2,0.7,Kings XI Punjab,Rajasthan Royals,CA Pujara,V Sehwag,KW Richardson,0,0,,,,,,,,,
729291,2014,2014-04-20,Sharjah Cricket Stadium,2,1.1,Kings XI Punjab,Rajasthan Royals,V Sehwag,CA Pujara,DS Kulkarni,0,0,,,,,,,,,
729291,2014,2014-04-20,Sharjah Cricket Stadium,2,1.2,Kings XI Punjab,Rajasthan Royals,V Sehwag,CA Pujara,DS Kulkarni,0,0,,,,,,,,,
729291,2014,2014-04-20,Sharjah Cricket Stadium,2,1.3,Kings XI Punjab,Rajasthan Royals,V Sehwag,CA Pujara,DS Kulkarni,0,0,,,,,,,,,
729291,2014,2014-04-20,Sharjah Cricket Stadium,2,1.4,Kings XI Punjab,Rajasthan Royals,V Sehwag,CA Pujara,DS Kulkarni,0,0,,,,,,caught,V Sehwag,,
729291,2014,2014-04-20,Sharjah Cricket Stadium,2,1.5,Kings XI Punjab,Rajasthan Royals,WP Saha,CA Pujara,DS Kulkarni,1,0,,,,,,,,,
729291,2014,2014-04-20,Sharjah Cricket Stadium,2,1.6,Kings XI Punjab,Rajasthan Royals,CA Pujara,WP Saha,DS Kulkarni,0,0,,,,,,,,,
729291,2014,2014-04-20,Sharjah Cricket Stadium,2,2.1,Kings XI Punjab,Rajasthan Royals,WP Saha,CA Pujara,JP Faulkner,1,0,,,,,,,,,
729291,2014,2014-04-20,Sharjah Cricket Stadium,2,2.2,Kings XI Punjab,Rajasthan Royals,CA Pujara,WP Saha,JP Faulkner,2,0,,,,,,,,,
729291,2014,2014-04-20,Sharjah Cricket Stadium,2,2.3,Kings XI Punjab,Rajasthan Royals,CA Pujara,WP Saha,JP Faulkner,1,0,,,,,,,,,
729291,2014,2014-04-20,Sharjah Cricket Stadium,2,2.4,Kings XI Punjab,Rajasthan Royals,WP Saha,CA Pujara,JP Faulkner,0,0,,,,,,caught,WP Saha,,
729291,2014,2014-04-20,Sharjah Cricket Stadium,2,2.5,Kings XI Punjab,Rajasthan Royals,CA Pujara,GJ Maxwell,JP Faulkner,1,0,,,,,,,,,
729291,2014,2014-04-20,Sharjah Cricket Stadium,2,2.6,Kings XI Punjab,Rajasthan Royals,GJ Maxwell,CA Pujara,JP Faulkner,0,1,,,,1,,,,,
729291,2014,2014-04-20,Sharjah Cricket Stadium,2,3.1,Kings XI Punjab,Rajasthan Royals,GJ Maxwell,CA Pujara,DS Kulkarni,0,0,,,,,,,,,
729291,2014,2014-04-20,Sharjah Cricket Stadium,2,3.2,Kings XI Punjab,Rajasthan Royals,GJ Maxwell,CA Pujara,DS Kulkarni,1,0,,,,,,,,,
729291,2014,2014-04-20,Sharjah Cricket Stadium,2,3.3,Kings XI Punjab,Rajasthan Royals,CA Pujara,GJ Maxwell,DS Kulkarni,4,0,,,,,,,,,
729291,2014,2014-04-20,Sharjah Cricket Stadium,2,3.4,Kings XI Punjab,Rajasthan Royals,CA Pujara,GJ Maxwell,DS Kulkarni,0,0,,,,,,,,,
729291,2014,2014-04-20,Sharjah Cricket Stadium,2,3.5,Kings XI Punjab,Rajasthan Royals,CA Pujara,GJ Maxwell,DS Kulkarni,0,0,,,,,,,,,
729291,2014,2014-04-20,Sharjah Cricket Stadium,2,3.6,Kings XI Punjab,Rajasthan Royals,CA Pujara,GJ Maxwell,DS Kulkarni,0,0,,,,,,,,,
729291,2014,2014-04-20,Sharjah Cricket Stadium,2,4.1,Kings XI Punjab,Rajasthan Royals,GJ Maxwell,CA Pujara,KW Richardson,1,0,,,,,,,,,
729291,2014,2014-04-20,Sharjah Cricket Stadium,2,4.2,Kings XI Punjab,Rajasthan Royals,CA Pujara,GJ Maxwell,KW Richardson,1,0,,,,,,,,,
729291,2014,2014-04-20,Sharjah Cricket Stadium,2,4.3,Kings XI Punjab,Rajasthan Royals,GJ Maxwell,CA Pujara,KW Richardson,6,0,,,,,,,,,
729291,2014,2014-04-20,Sharjah Cricket Stadium,2,4.4,Kings XI Punjab,Rajasthan Royals,GJ Maxwell,CA Pujara,KW Richardson,4,0,,,,,,,,,
729291,2014,2014-04-20,Sharjah Cricket Stadium,2,4.5,Kings XI Punjab,Rajasthan Royals,GJ Maxwell,CA Pujara,KW Richardson,1,0,,,,,,,,,
729291,2014,2014-04-20,Sharjah Cricket Stadium,2,4.6,Kings XI Punjab,Rajasthan Royals,CA Pujara,GJ Maxwell,KW Richardson,0,0,,,,,,,,,
729291,2014,2014-04-20,Sharjah Cricket Stadium,2,5.1,Kings XI Punjab,Rajasthan Royals,GJ Maxwell,CA Pujara,PV Tambe,6,0,,,,,,,,,
729291,2014,2014-04-20,Sharjah Cricket Stadium,2,5.2,Kings XI Punjab,Rajasthan Royals,GJ Maxwell,CA Pujara,PV Tambe,0,1,,,,1,,,,,
729291,2014,2014-04-20,Sharjah Cricket Stadium,2,5.3,Kings XI Punjab,Rajasthan Royals,CA Pujara,GJ Maxwell,PV Tambe,0,1,,,,1,,,,,
729291,2014,2014-04-20,Sharjah Cricket Stadium,2,5.4,Kings XI Punjab,Rajasthan Royals,GJ Maxwell,CA Pujara,PV Tambe,0,0,,,,,,,,,
729291,2014,2014-04-20,Sharjah Cricket Stadium,2,5.5,Kings XI Punjab,Rajasthan Royals,GJ Maxwell,CA Pujara,PV Tambe,1,0,,,,,,,,,
729291,2014,2014-04-20,Sharjah Cricket Stadium,2,5.6,Kings XI Punjab,Rajasthan Royals,CA Pujara,GJ Maxwell,PV Tambe,0,0,,,,,,,,,
729291,2014,2014-04-20,Sharjah Cricket Stadium,2,6.1,Kings XI Punjab,Rajasthan Royals,GJ Maxwell,CA Pujara,JP Faulkner,6,0,,,,,,,,,
729291,2014,2014-04-20,Sharjah Cricket Stadium,2,6.2,Kings XI Punjab,Rajasthan Royals,GJ Maxwell,CA Pujara,JP Faulkner,2,0,,,,,,,,,
729291,2014,2014-04-20,Sharjah Cricket Stadium,2,6.3,Kings XI Punjab,Rajasthan Royals,GJ Maxwell,CA Pujara,JP Faulkner,1,0,,,,,,,,,
729291,2014,2014-04-20,Sharjah Cricket Stadium,2,6.4,Kings XI Punjab,Rajasthan Royals,CA Pujara,GJ Maxwell,JP Faulkner,1,0,,,,,,,,,
729291,2014,2014-04-20,Sharjah Cricket Stadium,2,6.5,Kings XI Punjab,Rajasthan Royals,GJ Maxwell,CA Pujara,JP Faulkner,6,0,,,,,,,,,
729291,2014,2014-04-20,Sharjah Cricket Stadium,2,6.6,Kings XI Punjab,Rajasthan Royals,GJ Maxwell,CA Pujara,JP Faulkner,1,0,,,,,,,,,
729291,2014,2014-04-20,Sharjah Cricket Stadium,2,7.1,Kings XI Punjab,Rajasthan Royals,GJ Maxwell,CA Pujara,PV Tambe,1,0,,,,,,,,,
729291,2014,2014-04-20,Sharjah Cricket Stadium,2,7.2,Kings XI Punjab,Rajasthan Royals,CA Pujara,GJ Maxwell,PV Tambe,1,0,,,,,,,,,
729291,2014,2014-04-20,Sharjah Cricket Stadium,2,7.3,Kings XI Punjab,Rajasthan Royals,GJ Maxwell,CA Pujara,PV Tambe,1,0,,,,,,,,,
729291,2014,2014-04-20,Sharjah Cricket Stadium,2,7.4,Kings XI Punjab,Rajasthan Royals,CA Pujara,GJ Maxwell,PV Tambe,0,0,,,,,,,,,
729291,2014,2014-04-20,Sharjah Cricket Stadium,2,7.5,Kings XI Punjab,Rajasthan Royals,CA Pujara,GJ Maxwell,PV Tambe,1,0,,,,,,,,,
729291,2014,2014-04-20,Sharjah Cricket Stadium,2,7.6,Kings XI Punjab,Rajasthan Royals,GJ Maxwell,CA Pujara,PV Tambe,0,0,,,,,,,,,
729291,2014,2014-04-20,Sharjah Cricket Stadium,2,8.1,Kings XI Punjab,Rajasthan Royals,CA Pujara,GJ Maxwell,R Bhatia,1,0,,,,,,,,,
729291,2014,2014-04-20,Sharjah Cricket Stadium,2,8.2,Kings XI Punjab,Rajasthan Royals,GJ Maxwell,CA Pujara,R Bhatia,1,0,,,,,,,,,
729291,2014,2014-04-20,Sharjah Cricket Stadium,2,8.3,Kings XI Punjab,Rajasthan Royals,CA Pujara,GJ Maxwell,R Bhatia,0,1,,,,1,,,,,
729291,2014,2014-04-20,Sharjah Cricket Stadium,2,8.4,Kings XI Punjab,Rajasthan Royals,GJ Maxwell,CA Pujara,R Bhatia,0,0,,,,,,,,,
729291,2014,2014-04-20,Sharjah Cricket Stadium,2,8.5,Kings XI Punjab,Rajasthan Royals,GJ Maxwell,CA Pujara,R Bhatia,1,0,,,,,,,,,
729291,2014,2014-04-20,Sharjah Cricket Stadium,2,8.6,Kings XI Punjab,Rajasthan Royals,CA Pujara,GJ Maxwell,R Bhatia,1,0,,,,,,,,,
729291,2014,2014-04-20,Sharjah Cricket Stadium,2,9.1,Kings XI Punjab,Rajasthan Royals,CA Pujara,GJ Maxwell,PV Tambe,1,0,,,,,,,,,
729291,2014,2014-04-20,Sharjah Cricket Stadium,2,9.2,Kings XI Punjab,Rajasthan Royals,GJ Maxwell,CA Pujara,PV Tambe,0,0,,,,,,,,,
729291,2014,2014-04-20,Sharjah Cricket Stadium,2,9.3,Kings XI Punjab,Rajasthan Royals,GJ Maxwell,CA Pujara,PV Tambe,0,0,,,,,,,,,
729291,2014,2014-04-20,Sharjah Cricket Stadium,2,9.4,Kings XI Punjab,Rajasthan Royals,GJ Maxwell,CA Pujara,PV Tambe,1,0,,,,,,,,,
729291,2014,2014-04-20,Sharjah Cricket Stadium,2,9.5,Kings XI Punjab,Rajasthan Royals,CA Pujara,GJ Maxwell,PV Tambe,1,0,,,,,,,,,
729291,2014,2014-04-20,Sharjah Cricket Stadium,2,9.6,Kings XI Punjab,Rajasthan Royals,GJ Maxwell,CA Pujara,PV Tambe,1,0,,,,,,,,,
729291,2014,2014-04-20,Sharjah Cricket Stadium,2,10.1,Kings XI Punjab,Rajasthan Royals,GJ Maxwell,CA Pujara,R Bhatia,4,0,,,,,,,,,
729291,2014,2014-04-20,Sharjah Cricket Stadium,2,10.2,Kings XI Punjab,Rajasthan Royals,GJ Maxwell,CA Pujara,R Bhatia,4,0,,,,,,,,,
729291,2014,2014-04-20,Sharjah Cricket Stadium,2,10.3,Kings XI Punjab,Rajasthan Royals,GJ Maxwell,CA Pujara,R Bhatia,0,0,,,,,,,,,
729291,2014,2014-04-20,Sharjah Cricket Stadium,2,10.4,Kings XI Punjab,Rajasthan Royals,GJ Maxwell,CA Pujara,R Bhatia,2,0,,,,,,,,,
729291,2014,2014-04-20,Sharjah Cricket Stadium,2,10.5,Kings XI Punjab,Rajasthan Royals,GJ Maxwell,CA Pujara,R Bhatia,4,0,,,,,,,,,
729291,2014,2014-04-20,Sharjah Cricket Stadium,2,10.6,Kings XI Punjab,Rajasthan Royals,GJ Maxwell,CA Pujara,R Bhatia,0,1,1,,,,,,,,
729291,2014,2014-04-20,Sharjah Cricket Stadium,2,10.7,Kings XI Punjab,Rajasthan Royals,GJ Maxwell,CA Pujara,R Bhatia,1,0,,,,,,,,,
729291,2014,2014-04-20,Sharjah Cricket Stadium,2,11.1,Kings XI Punjab,Rajasthan Royals,GJ Maxwell,CA Pujara,DS Kulkarni,0,0,,,,,,,,,
729291,2014,2014-04-20,Sharjah Cricket Stadium,2,11.2,Kings XI Punjab,Rajasthan Royals,GJ Maxwell,CA Pujara,DS Kulkarni,4,0,,,,,,,,,
729291,2014,2014-04-20,Sharjah Cricket Stadium,2,11.3,Kings XI Punjab,Rajasthan Royals,GJ Maxwell,CA Pujara,DS Kulkarni,0,1,1,,,,,,,,
729291,2014,2014-04-20,Sharjah Cricket Stadium,2,11.4,Kings XI Punjab,Rajasthan Royals,GJ Maxwell,CA Pujara,DS Kulkarni,0,0,,,,,,,,,
729291,2014,2014-04-20,Sharjah Cricket Stadium,2,11.5,Kings XI Punjab,Rajasthan Royals,GJ Maxwell,CA Pujara,DS Kulkarni,4,0,,,,,,,,,
729291,2014,2014-04-20,Sharjah Cricket Stadium,2,11.6,Kings XI Punjab,Rajasthan Royals,GJ Maxwell,CA Pujara,DS Kulkarni,4,0,,,,,,,,,
729291,2014,2014-04-20,Sharjah Cricket Stadium,2,11.7,Kings XI Punjab,Rajasthan Royals,GJ Maxwell,CA Pujara,DS Kulkarni,4,0,,,,,,,,,
729291,2014,2014-04-20,Sharjah Cricket Stadium,2,12.1,Kings XI Punjab,Rajasthan Royals,CA Pujara,GJ Maxwell,R Bhatia,2,0,,,,,,,,,
729291,2014,2014-04-20,Sharjah Cricket Stadium,2,12.2,Kings XI Punjab,Rajasthan Royals,CA Pujara,GJ Maxwell,R Bhatia,1,0,,,,,,,,,
729291,2014,2014-04-20,Sharjah Cricket Stadium,2,12.3,Kings XI Punjab,Rajasthan Royals,GJ Maxwell,CA Pujara,R Bhatia,6,0,,,,,,,,,
729291,2014,2014-04-20,Sharjah Cricket Stadium,2,12.4,Kings XI Punjab,Rajasthan Royals,GJ Maxwell,CA Pujara,R Bhatia,6,0,,,,,,,,,
729291,2014,2014-04-20,Sharjah Cricket Stadium,2,12.5,Kings XI Punjab,Rajasthan Royals,GJ Maxwell,CA Pujara,R Bhatia,2,0,,,,,,,,,
729291,2014,2014-04-20,Sharjah Cricket Stadium,2,12.6,Kings XI Punjab,Rajasthan Royals,GJ Maxwell,CA Pujara,R Bhatia,1,0,,,,,,,,,
729291,2014,2014-04-20,Sharjah Cricket Stadium,2,13.1,Kings XI Punjab,Rajasthan Royals,GJ Maxwell,CA Pujara,KW Richardson,1,0,,,,,,,,,
729291,2014,2014-04-20,Sharjah Cricket Stadium,2,13.2,Kings XI Punjab,Rajasthan Royals,CA Pujara,GJ Maxwell,KW Richardson,4,0,,,,,,,,,
729291,2014,2014-04-20,Sharjah Cricket Stadium,2,13.3,Kings XI Punjab,Rajasthan Royals,CA Pujara,GJ Maxwell,KW Richardson,1,0,,,,,,,,,
729291,2014,2014-04-20,Sharjah Cricket Stadium,2,13.4,Kings XI Punjab,Rajasthan Royals,GJ Maxwell,CA Pujara,KW Richardson,0,0,,,,,,,,,
729291,2014,2014-04-20,Sharjah Cricket Stadium,2,13.5,Kings XI Punjab,Rajasthan Royals,GJ Maxwell,CA Pujara,KW Richardson,0,0,,,,,,caught,GJ Maxwell,,
729291,2014,2014-04-20,Sharjah Cricket Stadium,2,13.6,Kings XI Punjab,Rajasthan Royals,CA Pujara,DA Miller,KW Richardson,1,0,,,,,,,,,
729291,2014,2014-04-20,Sharjah Cricket Stadium,2,14.1,Kings XI Punjab,Rajasthan Royals,CA Pujara,DA Miller,STR Binny,0,1,,,,1,,,,,
729291,2014,2014-04-20,Sharjah Cricket Stadium,2,14.2,Kings XI Punjab,Rajasthan Royals,DA Miller,CA Pujara,STR Binny,0,0,,,,,,,,,
729291,2014,2014-04-20,Sharjah Cricket Stadium,2,14.3,Kings XI Punjab,Rajasthan Royals,DA Miller,CA Pujara,STR Binny,2,0,,,,,,,,,
729291,2014,2014-04-20,Sharjah Cricket Stadium,2,14.4,Kings XI Punjab,Rajasthan Royals,DA Miller,CA Pujara,STR Binny,0,0,,,,,,,,,
729291,2014,2014-04-20,Sharjah Cricket Stadium,2,14.5,Kings XI Punjab,Rajasthan Royals,DA Miller,CA Pujara,STR Binny,2,0,,,,,,,,,
729291,2014,2014-04-20,Sharjah Cricket Stadium,2,14.6,Kings XI Punjab,Rajasthan Royals,DA Miller,CA Pujara,STR Binny,0,0,,,,,,,,,
729291,2014,2014-04-20,Sharjah Cricket Stadium,2,15.1,Kings XI Punjab,Rajasthan Royals,CA Pujara,DA Miller,PV Tambe,1,0,,,,,,,,,
729291,2014,2014-04-20,Sharjah Cricket Stadium,2,15.2,Kings XI Punjab,Rajasthan Royals,DA Miller,CA Pujara,PV Tambe,1,0,,,,,,,,,
729291,2014,2014-04-20,Sharjah Cricket Stadium,2,15.3,Kings XI Punjab,Rajasthan Royals,CA Pujara,DA Miller,PV Tambe,1,0,,,,,,,,,
729291,2014,2014-04-20,Sharjah Cricket Stadium,2,15.4,Kings XI Punjab,Rajasthan Royals,DA Miller,CA Pujara,PV Tambe,6,0,,,,,,,,,
729291,2014,2014-04-20,Sharjah Cricket Stadium,2,15.5,Kings XI Punjab,Rajasthan Royals,DA Miller,CA Pujara,PV Tambe,1,0,,,,,,,,,
729291,2014,2014-04-20,Sharjah Cricket Stadium,2,15.6,Kings XI Punjab,Rajasthan Royals,CA Pujara,DA Miller,PV Tambe,1,0,,,,,,,,,
729291,2014,2014-04-20,Sharjah Cricket Stadium,2,16.1,Kings XI Punjab,Rajasthan Royals,CA Pujara,DA Miller,JP Faulkner,4,0,,,,,,,,,
729291,2014,2014-04-20,Sharjah Cricket Stadium,2,16.2,Kings XI Punjab,Rajasthan Royals,CA Pujara,DA Miller,JP Faulkner,3,0,,,,,,,,,
729291,2014,2014-04-20,Sharjah Cricket Stadium,2,16.3,Kings XI Punjab,Rajasthan Royals,DA Miller,CA Pujara,JP Faulkner,0,0,,,,,,,,,
729291,2014,2014-04-20,Sharjah Cricket Stadium,2,16.4,Kings XI Punjab,Rajasthan Royals,DA Miller,CA Pujara,JP Faulkner,0,1,1,,,,,,,,
729291,2014,2014-04-20,Sharjah Cricket Stadium,2,16.5,Kings XI Punjab,Rajasthan Royals,DA Miller,CA Pujara,JP Faulkner,1,0,,,,,,,,,
729291,2014,2014-04-20,Sharjah Cricket Stadium,2,16.6,Kings XI Punjab,Rajasthan Royals,CA Pujara,DA Miller,JP Faulkner,1,0,,,,,,,,,
729291,2014,2014-04-20,Sharjah Cricket Stadium,2,16.7,Kings XI Punjab,Rajasthan Royals,DA Miller,CA Pujara,JP Faulkner,2,0,,,,,,,,,
729291,2014,2014-04-20,Sharjah Cricket Stadium,2,17.1,Kings XI Punjab,Rajasthan Royals,CA Pujara,DA Miller,DS Kulkarni,1,0,,,,,,,,,
729291,2014,2014-04-20,Sharjah Cricket Stadium,2,17.2,Kings XI Punjab,Rajasthan Royals,DA Miller,CA Pujara,DS Kulkarni,6,0,,,,,,,,,
729291,2014,2014-04-20,Sharjah Cricket Stadium,2,17.3,Kings XI Punjab,Rajasthan Royals,DA Miller,CA Pujara,DS Kulkarni,2,0,,,,,,,,,
729291,2014,2014-04-20,Sharjah Cricket Stadium,2,17.4,Kings XI Punjab,Rajasthan Royals,DA Miller,CA Pujara,DS Kulkarni,6,0,,,,,,,,,
729291,2014,2014-04-20,Sharjah Cricket Stadium,2,17.5,Kings XI Punjab,Rajasthan Royals,DA Miller,CA Pujara,DS Kulkarni,6,0,,,,,,,,,
729291,2014,2014-04-20,Sharjah Cricket Stadium,2,17.6,Kings XI Punjab,Rajasthan Royals,DA Miller,CA Pujara,DS Kulkarni,6,0,,,,,,,,,
729291,2014,2014-04-20,Sharjah Cricket Stadium,2,18.1,Kings XI Punjab,Rajasthan Royals,CA Pujara,DA Miller,JP Faulkner,1,0,,,,,,,,,
729291,2014,2014-04-20,Sharjah Cricket Stadium,2,18.2,Kings XI Punjab,Rajasthan Royals,DA Miller,CA Pujara,JP Faulkner,2,0,,,,,,,,,
729291,2014,2014-04-20,Sharjah Cricket Stadium,2,18.3,Kings XI Punjab,Rajasthan Royals,DA Miller,CA Pujara,JP Faulkner,2,0,,,,,,,,,
729291,2014,2014-04-20,Sharjah Cricket Stadium,2,18.4,Kings XI Punjab,Rajasthan Royals,DA Miller,CA Pujara,JP Faulkner,6,0,,,,,,,,,
