match_id,season,start_date,venue,innings,ball,batting_team,bowling_team,striker,non_striker,bowler,runs_off_bat,extras,wides,noballs,byes,legbyes,penalty,wicket_type,player_dismissed,other_wicket_type,other_player_dismissed
733979,2014,2014-05-05,"Sardar Patel Stadium, Motera",1,0.1,Rajasthan Royals,Kolkata Knight Riders,AM Rahane,KK Nair,R Vinay Kumar,4,0,,,,,,,,,
733979,2014,2014-05-05,"Sardar Patel Stadium, Motera",1,0.2,Rajasthan Royals,Kolkata Knight Riders,AM Rahane,KK Nair,R Vinay Kumar,0,0,,,,,,,,,
733979,2014,2014-05-05,"Sardar Patel Stadium, Motera",1,0.3,Rajasthan Royals,Kolkata Knight Riders,AM Rahane,KK Nair,R Vinay Kumar,1,0,,,,,,,,,
733979,2014,2014-05-05,"Sardar Patel Stadium, Motera",1,0.4,Rajasthan Royals,Kolkata Knight Riders,KK Nair,AM Rahane,R Vinay Kumar,0,0,,,,,,,,,
733979,2014,2014-05-05,"Sardar Patel Stadium, Motera",1,0.5,Rajasthan Royals,Kolkata Knight Riders,KK Nair,AM Rahane,R Vinay Kumar,0,0,,,,,,,,,
733979,2014,2014-05-05,"Sardar Patel Stadium, Motera",1,0.6,Rajasthan Royals,Kolkata Knight Riders,KK Nair,AM Rahane,R Vinay Kumar,0,0,,,,,,,,,
733979,2014,2014-05-05,"Sardar Patel Stadium, Motera",1,1.1,Rajasthan Royals,Kolkata Knight Riders,AM Rahane,KK Nair,UT Yadav,0,0,,,,,,,,,
733979,2014,2014-05-05,"Sardar Patel Stadium, Motera",1,1.2,Rajasthan Royals,Kolkata Knight Riders,AM Rahane,KK Nair,UT Yadav,0,1,,,,1,,,,,
733979,2014,2014-05-05,"Sardar Patel Stadium, Motera",1,1.3,Rajasthan Royals,Kolkata Knight Riders,KK Nair,AM Rahane,UT Yadav,4,0,,,,,,,,,
733979,2014,2014-05-05,"Sardar Patel Stadium, Motera",1,1.4,Rajasthan Royals,Kolkata Knight Riders,KK Nair,AM Rahane,UT Yadav,3,0,,,,,,,,,
733979,2014,2014-05-05,"Sardar Patel Stadium, Motera",1,1.5,Rajasthan Royals,Kolkata Knight Riders,AM Rahane,KK Nair,UT Yadav,0,0,,,,,,,,,
733979,2014,2014-05-05,"Sardar Patel Stadium, Motera",1,1.6,Rajasthan Royals,Kolkata Knight Riders,AM Rahane,KK Nair,UT Yadav,1,0,,,,,,,,,
733979,2014,2014-05-05,"Sardar Patel Stadium, Motera",1,2.1,Rajasthan Royals,Kolkata Knight Riders,AM Rahane,KK Nair,R Vinay Kumar,2,0,,,,,,,,,
733979,2014,2014-05-05,"Sardar Patel Stadium, Motera",1,2.2,Rajasthan Royals,Kolkata Knight Riders,AM Rahane,KK Nair,R Vinay Kumar,2,0,,,,,,,,,
733979,2014,2014-05-05,"Sardar Patel Stadium, Motera",1,2.3,Rajasthan Royals,Kolkata Knight Riders,AM Rahane,KK Nair,R Vinay Kumar,2,0,,,,,,,,,
733979,2014,2014-05-05,"Sardar Patel Stadium, Motera",1,2.4,Rajasthan Royals,Kolkata Knight Riders,AM Rahane,KK Nair,R Vinay Kumar,0,0,,,,,,,,,
733979,2014,2014-05-05,"Sardar Patel Stadium, Motera",1,2.5,Rajasthan Royals,Kolkata Knight Riders,AM Rahane,KK Nair,R Vinay Kumar,0,0,,,,,,,,,
733979,2014,2014-05-05,"Sardar Patel Stadium, Motera",1,2.6,Rajasthan Royals,Kolkata Knight Riders,AM Rahane,KK Nair,R Vinay Kumar,1,0,,,,,,,,,
733979,2014,2014-05-05,"Sardar Patel Stadium, Motera",1,3.1,Rajasthan Royals,Kolkata Knight Riders,AM Rahane,KK Nair,UT Yadav,0,0,,,,,,,,,
733979,2014,2014-05-05,"Sardar Patel Stadium, Motera",1,3.2,Rajasthan Royals,Kolkata Knight Riders,AM Rahane,KK Nair,UT Yadav,0,0,,,,,,,,,
733979,2014,2014-05-05,"Sardar Patel Stadium, Motera",1,3.3,Rajasthan Royals,Kolkata Knight Riders,AM Rahane,KK Nair,UT Yadav,4,0,,,,,,,,,
733979,2014,2014-05-05,"Sardar Patel Stadium, Motera",1,3.4,Rajasthan Royals,Kolkata Knight Riders,AM Rahane,KK Nair,UT Yadav,6,0,,,,,,,,,
733979,2014,2014-05-05,"Sardar Patel Stadium, Motera",1,3.5,Rajasthan Royals,Kolkata Knight Riders,AM Rahane,KK Nair,UT Yadav,1,0,,,,,,,,,
733979,2014,2014-05-05,"Sardar Patel Stadium, Motera",1,3.6,Rajasthan Royals,Kolkata Knight Riders,KK Nair,AM Rahane,UT Yadav,1,0,,,,,,,,,
733979,2014,2014-05-05,"Sardar Patel Stadium, Motera",1,4.1,Rajasthan Royals,Kolkata Knight Riders,KK Nair,AM Rahane,Shakib Al Hasan,0,1,1,,,,,,,,
733979,2014,2014-05-05,"Sardar Patel Stadium, Motera",1,4.2,Rajasthan Royals,Kolkata Knight Riders,KK Nair,AM Rahane,Shakib Al Hasan,0,0,,,,,,,,,
733979,2014,2014-05-05,"Sardar Patel Stadium, Motera",1,4.3,Rajasthan Royals,Kolkata Knight Riders,KK Nair,AM Rahane,Shakib Al Hasan,4,0,,,,,,,,,
733979,2014,2014-05-05,"Sardar Patel Stadium, Motera",1,4.4,Rajasthan Royals,Kolkata Knight Riders,KK Nair,AM Rahane,Shakib Al Hasan,4,0,,,,,,,,,
733979,2014,2014-05-05,"Sardar Patel Stadium, Motera",1,4.5,Rajasthan Royals,Kolkata Knight Riders,KK Nair,AM Rahane,Shakib Al Hasan,1,0,,,,,,,,,
733979,2014,2014-05-05,"Sardar Patel Stadium, Motera",1,4.6,Rajasthan Royals,Kolkata Knight Riders,AM Rahane,KK Nair,Shakib Al Hasan,1,0,,,,,,,,,
733979,2014,2014-05-05,"Sardar Patel Stadium, Motera",1,4.7,Rajasthan Royals,Kolkata Knight Riders,KK Nair,AM Rahane,Shakib Al Hasan,0,0,,,,,,,,,
733979,2014,2014-05-05,"Sardar Patel Stadium, Motera",1,5.1,Rajasthan Royals,Kolkata Knight Riders,AM Rahane,KK Nair,SP Narine,1,0,,,,,,,,,
733979,2014,2014-05-05,"Sardar Patel Stadium, Motera",1,5.2,Rajasthan Royals,Kolkata Knight Riders,KK Nair,AM Rahane,SP Narine,0,0,,,,,,,,,
733979,2014,2014-05-05,"Sardar Patel Stadium, Motera",1,5.3,Rajasthan Royals,Kolkata Knight Riders,KK Nair,AM Rahane,SP Narine,0,0,,,,,,,,,
733979,2014,2014-05-05,"Sardar Patel Stadium, Motera",1,5.4,Rajasthan Royals,Kolkata Knight Riders,KK Nair,AM Rahane,SP Narine,1,0,,,,,,,,,
733979,2014,2014-05-05,"Sardar Patel Stadium, Motera",1,5.5,Rajasthan Royals,Kolkata Knight Riders,AM Rahane,KK Nair,SP Narine,0,0,,,,,,,,,
733979,2014,2014-05-05,"Sardar Patel Stadium, Motera",1,5.6,Rajasthan Royals,Kolkata Knight Riders,AM Rahane,KK Nair,SP Narine,4,0,,,,,,,,,
733979,2014,2014-05-05,"Sardar Patel Stadium, Motera",1,6.1,Rajasthan Royals,Kolkata Knight Riders,KK Nair,AM Rahane,AD Russell,2,0,,,,,,,,,
733979,2014,2014-05-05,"Sardar Patel Stadium, Motera",1,6.2,Rajasthan Royals,Kolkata Knight Riders,KK Nair,AM Rahane,AD Russell,0,0,,,,,,,,,
733979,2014,2014-05-05,"Sardar Patel Stadium, Motera",1,6.3,Rajasthan Royals,Kolkata Knight Riders,KK Nair,AM Rahane,AD Russell,0,0,,,,,,run out,AM Rahane,,
733979,2014,2014-05-05,"Sardar Patel Stadium, Motera",1,6.4,Rajasthan Royals,Kolkata Knight Riders,SV Samson,KK Nair,AD Russell,1,0,,,,,,,,,
733979,2014,2014-05-05,"Sardar Patel Stadium, Motera",1,6.5,Rajasthan Royals,Kolkata Knight Riders,KK Nair,SV Samson,AD Russell,1,0,,,,,,,,,
733979,2014,2014-05-05,"Sardar Patel Stadium, Motera",1,6.6,Rajasthan Royals,Kolkata Knight Riders,SV Samson,KK Nair,AD Russell,4,0,,,,,,,,,
733979,2014,2014-05-05,"Sardar Patel Stadium, Motera",1,7.1,Rajasthan Royals,Kolkata Knight Riders,KK Nair,SV Samson,Shakib Al Hasan,0,1,,,,1,,,,,
733979,2014,2014-05-05,"Sardar Patel Stadium, Motera",1,7.2,Rajasthan Royals,Kolkata Knight Riders,SV Samson,KK Nair,Shakib Al Hasan,1,0,,,,,,,,,
733979,2014,2014-05-05,"Sardar Patel Stadium, Motera",1,7.3,Rajasthan Royals,Kolkata Knight Riders,KK Nair,SV Samson,Shakib Al Hasan,1,0,,,,,,,,,
733979,2014,2014-05-05,"Sardar Patel Stadium, Motera",1,7.4,Rajasthan Royals,Kolkata Knight Riders,SV Samson,KK Nair,Shakib Al Hasan,1,0,,,,,,,,,
733979,2014,2014-05-05,"Sardar Patel Stadium, Motera",1,7.5,Rajasthan Royals,Kolkata Knight Riders,KK Nair,SV Samson,Shakib Al Hasan,1,0,,,,,,,,,
733979,2014,2014-05-05,"Sardar Patel Stadium, Motera",1,7.6,Rajasthan Royals,Kolkata Knight Riders,SV Samson,KK Nair,Shakib Al Hasan,0,0,,,,,,,,,
733979,2014,2014-05-05,"Sardar Patel Stadium, Motera",1,8.1,Rajasthan Royals,Kolkata Knight Riders,KK Nair,SV Samson,AD Russell,1,0,,,,,,,,,
733979,2014,2014-05-05,"Sardar Patel Stadium, Motera",1,8.2,Rajasthan Royals,Kolkata Knight Riders,SV Samson,KK Nair,AD Russell,4,0,,,,,,,,,
733979,2014,2014-05-05,"Sardar Patel Stadium, Motera",1,8.3,Rajasthan Royals,Kolkata Knight Riders,SV Samson,KK Nair,AD Russell,0,0,,,,,,,,,
733979,2014,2014-05-05,"Sardar Patel Stadium, Motera",1,8.4,Rajasthan Royals,Kolkata Knight Riders,SV Samson,KK Nair,AD Russell,1,0,,,,,,,,,
733979,2014,2014-05-05,"Sardar Patel Stadium, Motera",1,8.5,Rajasthan Royals,Kolkata Knight Riders,KK Nair,SV Samson,AD Russell,1,0,,,,,,,,,
733979,2014,2014-05-05,"Sardar Patel Stadium, Motera",1,8.6,Rajasthan Royals,Kolkata Knight Riders,SV Samson,KK Nair,AD Russell,1,0,,,,,,,,,
733979,2014,2014-05-05,"Sardar Patel Stadium, Motera",1,9.1,Rajasthan Royals,Kolkata Knight Riders,SV Samson,KK Nair,Shakib Al Hasan,1,0,,,,,,,,,
733979,2014,2014-05-05,"Sardar Patel Stadium, Motera",1,9.2,Rajasthan Royals,Kolkata Knight Riders,KK Nair,SV Samson,Shakib Al Hasan,1,0,,,,,,,,,
733979,2014,2014-05-05,"Sardar Patel Stadium, Motera",1,9.3,Rajasthan Royals,Kolkata Knight Riders,SV Samson,KK Nair,Shakib Al Hasan,1,0,,,,,,,,,
733979,2014,2014-05-05,"Sardar Patel Stadium, Motera",1,9.4,Rajasthan Royals,Kolkata Knight Riders,KK Nair,SV Samson,Shakib Al Hasan,1,0,,,,,,,,,
733979,2014,2014-05-05,"Sardar Patel Stadium, Motera",1,9.5,Rajasthan Royals,Kolkata Knight Riders,SV Samson,KK Nair,Shakib Al Hasan,0,0,,,,,,,,,
733979,2014,2014-05-05,"Sardar Patel Stadium, Motera",1,9.6,Rajasthan Royals,Kolkata Knight Riders,SV Samson,KK Nair,Shakib Al Hasan,1,0,,,,,,,,,
733979,2014,2014-05-05,"Sardar Patel Stadium, Motera",1,10.1,Rajasthan Royals,Kolkata Knight Riders,SV Samson,KK Nair,RN ten Doeschate,1,0,,,,,,,,,
733979,2014,2014-05-05,"Sardar Patel Stadium, Motera",1,10.2,Rajasthan Royals,Kolkata Knight Riders,KK Nair,SV Samson,RN ten Doeschate,0,0,,,,,,,,,
733979,2014,2014-05-05,"Sardar Patel Stadium, Motera",1,10.3,Rajasthan Royals,Kolkata Knight Riders,KK Nair,SV Samson,RN ten Doeschate,1,0,,,,,,,,,
733979,2014,2014-05-05,"Sardar Patel Stadium, Motera",1,10.4,Rajasthan Royals,Kolkata Knight Riders,SV Samson,KK Nair,RN ten Doeschate,1,0,,,,,,,,,
733979,2014,2014-05-05,"Sardar Patel Stadium, Motera",1,10.5,Rajasthan Royals,Kolkata Knight Riders,KK Nair,SV Samson,RN ten Doeschate,2,0,,,,,,,,,
733979,2014,2014-05-05,"Sardar Patel Stadium, Motera",1,10.6,Rajasthan Royals,Kolkata Knight Riders,KK Nair,SV Samson,RN ten Doeschate,0,0,,,,,,,,,
733979,2014,2014-05-05,"Sardar Patel Stadium, Motera",1,11.1,Rajasthan Royals,Kolkata Knight Riders,SV Samson,KK Nair,UT Yadav,0,0,,,,,,,,,
733979,2014,2014-05-05,"Sardar Patel Stadium, Motera",1,11.2,Rajasthan Royals,Kolkata Knight Riders,SV Samson,KK Nair,UT Yadav,1,0,,,,,,,,,
733979,2014,2014-05-05,"Sardar Patel Stadium, Motera",1,11.3,Rajasthan Royals,Kolkata Knight Riders,KK Nair,SV Samson,UT Yadav,1,0,,,,,,,,,
733979,2014,2014-05-05,"Sardar Patel Stadium, Motera",1,11.4,Rajasthan Royals,Kolkata Knight Riders,SV Samson,KK Nair,UT Yadav,1,0,,,,,,,,,
733979,2014,2014-05-05,"Sardar Patel Stadium, Motera",1,11.5,Rajasthan Royals,Kolkata Knight Riders,KK Nair,SV Samson,UT Yadav,6,0,,,,,,,,,
733979,2014,2014-05-05,"Sardar Patel Stadium, Motera",1,11.6,Rajasthan Royals,Kolkata Knight Riders,KK Nair,SV Samson,UT Yadav,2,0,,,,,,,,,
733979,2014,2014-05-05,"Sardar Patel Stadium, Motera",1,12.1,Rajasthan Royals,Kolkata Knight Riders,SV Samson,KK Nair,RN ten Doeschate,0,0,,,,,,,,,
733979,2014,2014-05-05,"Sardar Patel Stadium, Motera",1,12.2,Rajasthan Royals,Kolkata Knight Riders,SV Samson,KK Nair,RN ten Doeschate,1,0,,,,,,,,,
733979,2014,2014-05-05,"Sardar Patel Stadium, Motera",1,12.3,Rajasthan Royals,Kolkata Knight Riders,KK Nair,SV Samson,RN ten Doeschate,1,0,,,,,,,,,
733979,2014,2014-05-05,"Sardar Patel Stadium, Motera",1,12.4,Rajasthan Royals,Kolkata Knight Riders,SV Samson,KK Nair,RN ten Doeschate,2,0,,,,,,,,,
733979,2014,2014-05-05,"Sardar Patel Stadium, Motera",1,12.5,Rajasthan Royals,Kolkata Knight Riders,SV Samson,KK Nair,RN ten Doeschate,1,0,,,,,,,,,
733979,2014,2014-05-05,"Sardar Patel Stadium, Motera",1,12.6,Rajasthan Royals,Kolkata Knight Riders,KK Nair,SV Samson,RN ten Doeschate,4,0,,,,,,,,,
733979,2014,2014-05-05,"Sardar Patel Stadium, Motera",1,13.1,Rajasthan Royals,Kolkata Knight Riders,SV Samson,KK Nair,Shakib Al Hasan,0,1,1,,,,,,,,
733979,2014,2014-05-05,"Sardar Patel Stadium, Motera",1,13.2,Rajasthan Royals,Kolkata Knight Riders,SV Samson,KK Nair,Shakib Al Hasan,2,0,,,,,,,,,
733979,2014,2014-05-05,"Sardar Patel Stadium, Motera",1,13.3,Rajasthan Royals,Kolkata Knight Riders,SV Samson,KK Nair,Shakib Al Hasan,1,0,,,,,,,,,
733979,2014,2014-05-05,"Sardar Patel Stadium, Motera",1,13.4,Rajasthan Royals,Kolkata Knight Riders,KK Nair,SV Samson,Shakib Al Hasan,0,0,,,,,,stumped,KK Nair,,
733979,2014,2014-05-05,"Sardar Patel Stadium, Motera",1,13.5,Rajasthan Royals,Kolkata Knight Riders,SR Watson,SV Samson,Shakib Al Hasan,0,0,,,,,,,,,
733979,2014,2014-05-05,"Sardar Patel Stadium, Motera",1,13.6,Rajasthan Royals,Kolkata Knight Riders,SR Watson,SV Samson,Shakib Al Hasan,0,1,1,,,,,,,,
733979,2014,2014-05-05,"Sardar Patel Stadium, Motera",1,13.7,Rajasthan Royals,Kolkata Knight Riders,SR Watson,SV Samson,Shakib Al Hasan,0,0,,,,,,,,,
733979,2014,2014-05-05,"Sardar Patel Stadium, Motera",1,13.8,Rajasthan Royals,Kolkata Knight Riders,SR Watson,SV Samson,Shakib Al Hasan,0,0,,,,,,,,,
733979,2014,2014-05-05,"Sardar Patel Stadium, Motera",1,14.1,Rajasthan Royals,Kolkata Knight Riders,SV Samson,SR Watson,SP Narine,1,0,,,,,,,,,
733979,2014,2014-05-05,"Sardar Patel Stadium, Motera",1,14.2,Rajasthan Royals,Kolkata Knight Riders,SR Watson,SV Samson,SP Narine,1,0,,,,,,,,,
733979,2014,2014-05-05,"Sardar Patel Stadium, Motera",1,14.3,Rajasthan Royals,Kolkata Knight Riders,SV Samson,SR Watson,SP Narine,4,0,,,,,,,,,
733979,2014,2014-05-05,"Sardar Patel Stadium, Motera",1,14.4,Rajasthan Royals,Kolkata Knight Riders,SV Samson,SR Watson,SP Narine,2,0,,,,,,,,,
733979,2014,2014-05-05,"Sardar Patel Stadium, Motera",1,14.5,Rajasthan Royals,Kolkata Knight Riders,SV Samson,SR Watson,SP Narine,0,0,,,,,,,,,
733979,2014,2014-05-05,"Sardar Patel Stadium, Motera",1,14.6,Rajasthan Royals,Kolkata Knight Riders,SV Samson,SR Watson,SP Narine,2,0,,,,,,,,,
733979,2014,2014-05-05,"Sardar Patel Stadium, Motera",1,15.1,Rajasthan Royals,Kolkata Knight Riders,SR Watson,SV Samson,R Vinay Kumar,6,0,,,,,,,,,
733979,2014,2014-05-05,"Sardar Patel Stadium, Motera",1,15.2,Rajasthan Royals,Kolkata Knight Riders,SR Watson,SV Samson,R Vinay Kumar,4,0,,,,,,,,,
733979,2014,2014-05-05,"Sardar Patel Stadium, Motera",1,15.3,Rajasthan Royals,Kolkata Knight Riders,SR Watson,SV Samson,R Vinay Kumar,1,0,,,,,,,,,
733979,2014,2014-05-05,"Sardar Patel Stadium, Motera",1,15.4,Rajasthan Royals,Kolkata Knight Riders,SV Samson,SR Watson,R Vinay Kumar,1,0,,,,,,,,,
733979,2014,2014-05-05,"Sardar Patel Stadium, Motera",1,15.5,Rajasthan Royals,Kolkata Knight Riders,SR Watson,SV Samson,R Vinay Kumar,6,0,,,,,,,,,
733979,2014,2014-05-05,"Sardar Patel Stadium, Motera",1,15.6,Rajasthan Royals,Kolkata Knight Riders,SR Watson,SV Samson,R Vinay Kumar,1,0,,,,,,,,,
733979,2014,2014-05-05,"Sardar Patel Stadium, Motera",1,16.1,Rajasthan Royals,Kolkata Knight Riders,SR Watson,SV Samson,SP Narine,1,0,,,,,,,,,
733979,2014,2014-05-05,"Sardar Patel Stadium, Motera",1,16.2,Rajasthan Royals,Kolkata Knight Riders,SV Samson,SR Watson,SP Narine,0,0,,,,,,caught,SV Samson,,
733979,2014,2014-05-05,"Sardar Patel Stadium, Motera",1,16.3,Rajasthan Royals,Kolkata Knight Riders,SR Watson,STR Binny,SP Narine,0,0,,,,,,,,,
733979,2014,2014-05-05,"Sardar Patel Stadium, Motera",1,16.4,Rajasthan Royals,Kolkata Knight Riders,SR Watson,STR Binny,SP Narine,1,0,,,,,,,,,
733979,2014,2014-05-05,"Sardar Patel Stadium, Motera",1,16.5,Rajasthan Royals,Kolkata Knight Riders,STR Binny,SR Watson,SP Narine,1,0,,,,,,,,,
733979,2014,2014-05-05,"Sardar Patel Stadium, Motera",1,16.6,Rajasthan Royals,Kolkata Knight Riders,SR Watson,STR Binny,SP Narine,0,1,,,,1,,,,,
733979,2014,2014-05-05,"Sardar Patel Stadium, Motera",1,17.1,Rajasthan Royals,Kolkata Knight Riders,SR Watson,STR Binny,AD Russell,4,0,,,,,,,,,
733979,2014,2014-05-05,"Sardar Patel Stadium, Motera",1,17.2,Rajasthan Royals,Kolkata Knight Riders,SR Watson,STR Binny,AD Russell,1,1,,1,,,,,,,
733979,2014,2014-05-05,"Sardar Patel Stadium, Motera",1,17.3,Rajasthan Royals,Kolkata Knight Riders,STR Binny,SR Watson,AD Russell,1,0,,,,,,,,,
733979,2014,2014-05-05,"Sardar Patel Stadium, Motera",1,17.4,Rajasthan Royals,Kolkata Knight Riders,SR Watson,STR Binny,AD Russell,0,0,,,,,,,,,
733979,2014,2014-05-05,"Sardar Patel Stadium, Motera",1,17.5,Rajasthan Royals,Kolkata Knight Riders,SR Watson,STR Binny,AD Russell,2,0,,,,,,,,,
733979,2014,2014-05-05,"Sardar Patel Stadium, Motera",1,17.6,Rajasthan Royals,Kolkata Knight Riders,SR Watson,STR Binny,AD Russell,1,0,,,,,,,,,
733979,2014,2014-05-05,"Sardar Patel Stadium, Motera",1,17.7,Rajasthan Royals,Kolkata Knight Riders,STR Binny,SR Watson,AD Russell,1,0,,,,,,,,,
733979,2014,2014-05-05,"Sardar Patel Stadium, Motera",1,18.1,Rajasthan Royals,Kolkata Knight Riders,STR Binny,SR Watson,SP Narine,1,0,,,,,,,,,
733979,2014,2014-05-05,"Sardar Patel Stadium, Motera",1,18.2,Rajasthan Royals,Kolkata Knight Riders,SR Watson,STR Binny,SP Narine,2,0,,,,,,,,,
733979,2014,2014-05-05,"Sardar Patel Stadium, Motera",1,18.3,Rajasthan Royals,Kolkata Knight Riders,SR Watson,STR Binny,SP Narine,0,0,,,,,,caught,SR Watson,,
733979,2014,2014-05-05,"Sardar Patel Stadium, Motera",1,18.4,Rajasthan Royals,Kolkata Knight Riders,STR Binny,SPD Smith,SP Narine,0,0,,,,,,,,,
733979,2014,2014-05-05,"Sardar Patel Stadium, Motera",1,18.5,Rajasthan Royals,Kolkata Knight Riders,STR Binny,SPD Smith,SP Narine,6,0,,,,,,,,,
733979,2014,2014-05-05,"Sardar Patel Stadium, Motera",1,18.6,Rajasthan Royals,Kolkata Knight Riders,STR Binny,SPD Smith,SP Narine,0,0,,,,,,,,,
733979,2014,2014-05-05,"Sardar Patel Stadium, Motera",1,19.1,Rajasthan Royals,Kolkata Knight Riders,SPD Smith,STR Binny,R Vinay Kumar,3,0,,,,,,,,,
733979,2014,2014-05-05,"Sardar Patel Stadium, Motera",1,19.2,Rajasthan Royals,Kolkata Knight Riders,STR Binny,SPD Smith,R Vinay Kumar,1,0,,,,,,,,,
733979,2014,2014-05-05,"Sardar Patel Stadium, Motera",1,19.3,Rajasthan Royals,Kolkata Knight Riders,SPD Smith,STR Binny,R Vinay Kumar,0,0,,,,,,caught,SPD Smith,,
733979,2014,2014-05-05,"Sardar Patel Stadium, Motera",1,19.4,Rajasthan Royals,Kolkata Knight Riders,STR Binny,JP Faulkner,R Vinay Kumar,0,0,,,,,,caught,STR Binny,,
733979,2014,2014-05-05,"Sardar Patel Stadium, Motera",1,19.5,Rajasthan Royals,Kolkata Knight Riders,JP Faulkner,R Bhatia,R Vinay Kumar,1,0,,,,,,,,,
733979,2014,2014-05-05,"Sardar Patel Stadium, Motera",1,19.6,Rajasthan Royals,Kolkata Knight Riders,R Bhatia,JP Faulkner,R Vinay Kumar,6,0,,,,,,,,,
733979,2014,2014-05-05,"Sardar Patel Stadium, Motera",2,0.1,Kolkata Knight Riders,Rajasthan Royals,RV Uthappa,G Gambhir,SR Watson,0,0,,,,,,,,,
733979,2014,2014-05-05,"Sardar Patel Stadium, Motera",2,0.2,Kolkata Knight Riders,Rajasthan Royals,RV Uthappa,G Gambhir,SR Watson,0,0,,,,,,,,,
733979,2014,2014-05-05,"Sardar Patel Stadium, Motera",2,0.3,Kolkata Knight Riders,Rajasthan Royals,RV Uthappa,G Gambhir,SR Watson,4,0,,,,,,,,,
733979,2014,2014-05-05,"Sardar Patel Stadium, Motera",2,0.4,Kolkata Knight Riders,Rajasthan Royals,RV Uthappa,G Gambhir,SR Watson,0,0,,,,,,,,,
733979,2014,2014-05-05,"Sardar Patel Stadium, Motera",2,0.5,Kolkata Knight Riders,Rajasthan Royals,RV Uthappa,G Gambhir,SR Watson,1,0,,,,,,,,,
733979,2014,2014-05-05,"Sardar Patel Stadium, Motera",2,0.6,Kolkata Knight Riders,Rajasthan Royals,G Gambhir,RV Uthappa,SR Watson,0,0,,,,,,,,,
733979,2014,2014-05-05,"Sardar Patel Stadium, Motera",2,1.1,Kolkata Knight Riders,Rajasthan Royals,RV Uthappa,G Gambhir,TG Southee,0,0,,,,,,,,,
733979,2014,2014-05-05,"Sardar Patel Stadium, Motera",2,1.2,Kolkata Knight Riders,Rajasthan Royals,RV Uthappa,G Gambhir,TG Southee,0,0,,,,,,,,,
733979,2014,2014-05-05,"Sardar Patel Stadium, Motera",2,1.3,Kolkata Knight Riders,Rajasthan Royals,RV Uthappa,G Gambhir,TG Southee,0,0,,,,,,,,,
733979,2014,2014-05-05,"Sardar Patel Stadium, Motera",2,1.4,Kolkata Knight Riders,Rajasthan Royals,RV Uthappa,G Gambhir,TG Southee,1,0,,,,,,,,,
733979,2014,2014-05-05,"Sardar Patel Stadium, Motera",2,1.5,Kolkata Knight Riders,Rajasthan Royals,G Gambhir,RV Uthappa,TG Southee,3,0,,,,,,,,,
733979,2014,2014-05-05,"Sardar Patel Stadium, Motera",2,1.6,Kolkata Knight Riders,Rajasthan Royals,RV Uthappa,G Gambhir,TG Southee,4,0,,,,,,,,,
733979,2014,2014-05-05,"Sardar Patel Stadium, Motera",2,2.1,Kolkata Knight Riders,Rajasthan Royals,G Gambhir,RV Uthappa,SR Watson,0,0,,,,,,,,,
733979,2014,2014-05-05,"Sardar Patel Stadium, Motera",2,2.2,Kolkata Knight Riders,Rajasthan Royals,G Gambhir,RV Uthappa,SR Watson,1,0,,,,,,,,,
733979,2014,2014-05-05,"Sardar Patel Stadium, Motera",2,2.3,Kolkata Knight Riders,Rajasthan Royals,RV Uthappa,G Gambhir,SR Watson,4,0,,,,,,,,,
733979,2014,2014-05-05,"Sardar Patel Stadium, Motera",2,2.4,Kolkata Knight Riders,Rajasthan Royals,RV Uthappa,G Gambhir,SR Watson,4,0,,,,,,,,,
733979,2014,2014-05-05,"Sardar Patel Stadium, Motera",2,2.5,Kolkata Knight Riders,Rajasthan Royals,RV Uthappa,G Gambhir,SR Watson,0,0,,,,,,,,,
733979,2014,2014-05-05,"Sardar Patel Stadium, Motera",2,2.6,Kolkata Knight Riders,Rajasthan Royals,RV Uthappa,G Gambhir,SR Watson,1,0,,,,,,,,,
733979,2014,2014-05-05,"Sardar Patel Stadium, Motera",2,3.1,Kolkata Knight Riders,Rajasthan Royals,RV Uthappa,G Gambhir,PV Tambe,1,0,,,,,,,,,
733979,2014,2014-05-05,"Sardar Patel Stadium, Motera",2,3.2,Kolkata Knight Riders,Rajasthan Royals,G Gambhir,RV Uthappa,PV Tambe,1,0,,,,,,,,,
733979,2014,2014-05-05,"Sardar Patel Stadium, Motera",2,3.3,Kolkata Knight Riders,Rajasthan Royals,RV Uthappa,G Gambhir,PV Tambe,0,0,,,,,,,,,
733979,2014,2014-05-05,"Sardar Patel Stadium, Motera",2,3.4,Kolkata Knight Riders,Rajasthan Royals,RV Uthappa,G Gambhir,PV Tambe,4,0,,,,,,,,,
733979,2014,2014-05-05,"Sardar Patel Stadium, Motera",2,3.5,Kolkata Knight Riders,Rajasthan Royals,RV Uthappa,G Gambhir,PV Tambe,2,0,,,,,,,,,
733979,2014,2014-05-05,"Sardar Patel Stadium, Motera",2,3.6,Kolkata Knight Riders,Rajasthan Royals,RV Uthappa,G Gambhir,PV Tambe,0,0,,,,,,,,,
733979,2014,2014-05-05,"Sardar Patel Stadium, Motera",2,4.1,Kolkata Knight Riders,Rajasthan Royals,G Gambhir,RV Uthappa,JP Faulkner,2,0,,,,,,,,,
733979,2014,2014-05-05,"Sardar Patel Stadium, Motera",2,4.2,Kolkata Knight Riders,Rajasthan Royals,G Gambhir,RV Uthappa,JP Faulkner,1,0,,,,,,,,,
733979,2014,2014-05-05,"Sardar Patel Stadium, Motera",2,4.3,Kolkata Knight Riders,Rajasthan Royals,RV Uthappa,G Gambhir,JP Faulkner,0,0,,,,,,,,,
733979,2014,2014-05-05,"Sardar Patel Stadium, Motera",2,4.4,Kolkata Knight Riders,Rajasthan Royals,RV Uthappa,G Gambhir,JP Faulkner,1,0,,,,,,,,,
733979,2014,2014-05-05,"Sardar Patel Stadium, Motera",2,4.5,Kolkata Knight Riders,Rajasthan Royals,G Gambhir,RV Uthappa,JP Faulkner,4,0,,,,,,,,,
733979,2014,2014-05-05,"Sardar Patel Stadium, Motera",2,4.6,Kolkata Knight Riders,Rajasthan Royals,G Gambhir,RV Uthappa,JP Faulkner,0,0,,,,,,,,,
733979,2014,2014-05-05,"Sardar Patel Stadium, Motera",2,5.1,Kolkata Knight Riders,Rajasthan Royals,RV Uthappa,G Gambhir,TG Southee,0,0,,,,,,,,,
733979,2014,2014-05-05,"Sardar Patel Stadium, Motera",2,5.2,Kolkata Knight Riders,Rajasthan Royals,RV Uthappa,G Gambhir,TG Southee,0,0,,,,,,,,,
733979,2014,2014-05-05,"Sardar Patel Stadium, Motera",2,5.3,Kolkata Knight Riders,Rajasthan Royals,RV Uthappa,G Gambhir,TG Southee,1,0,,,,,,,,,
733979,2014,2014-05-05,"Sardar Patel Stadium, Motera",2,5.4,Kolkata Knight Riders,Rajasthan Royals,G Gambhir,RV Uthappa,TG Southee,4,0,,,,,,,,,
733979,2014,2014-05-05,"Sardar Patel Stadium, Motera",2,5.5,Kolkata Knight Riders,Rajasthan Royals,G Gambhir,RV Uthappa,TG Southee,4,0,,,,,,,,,
733979,2014,2014-05-05,"Sardar Patel Stadium, Motera",2,5.6,Kolkata Knight Riders,Rajasthan Royals,G Gambhir,RV Uthappa,TG Southee,2,0,,,,,,,,,
733979,2014,2014-05-05,"Sardar Patel Stadium, Motera",2,6.1,Kolkata Knight Riders,Rajasthan Royals,RV Uthappa,G Gambhir,R Bhatia,1,0,,,,,,,,,
733979,2014,2014-05-05,"Sardar Patel Stadium, Motera",2,6.2,Kolkata Knight Riders,Rajasthan Royals,G Gambhir,RV Uthappa,R Bhatia,1,0,,,,,,,,,
733979,2014,2014-05-05,"Sardar Patel Stadium, Motera",2,6.3,Kolkata Knight Riders,Rajasthan Royals,RV Uthappa,G Gambhir,R Bhatia,6,0,,,,,,,,,
733979,2014,2014-05-05,"Sardar Patel Stadium, Motera",2,6.4,Kolkata Knight Riders,Rajasthan Royals,RV Uthappa,G Gambhir,R Bhatia,1,0,,,,,,,,,
733979,2014,2014-05-05,"Sardar Patel Stadium, Motera",2,6.5,Kolkata Knight Riders,Rajasthan Royals,G Gambhir,RV Uthappa,R Bhatia,1,0,,,,,,,,,
733979,2014,2014-05-05,"Sardar Patel Stadium, Motera",2,6.6,Kolkata Knight Riders,Rajasthan Royals,RV Uthappa,G Gambhir,R Bhatia,1,0,,,,,,,,,
733979,2014,2014-05-05,"Sardar Patel Stadium, Motera",2,7.1,Kolkata Knight Riders,Rajasthan Royals,RV Uthappa,G Gambhir,R Tewatia,1,0,,,,,,,,,
733979,2014,2014-05-05,"Sardar Patel Stadium, Motera",2,7.2,Kolkata Knight Riders,Rajasthan Royals,G Gambhir,RV Uthappa,R Tewatia,1,0,,,,,,,,,
733979,2014,2014-05-05,"Sardar Patel Stadium, Motera",2,7.3,Kolkata Knight Riders,Rajasthan Royals,RV Uthappa,G Gambhir,R Tewatia,1,0,,,,,,,,,
733979,2014,2014-05-05,"Sardar Patel Stadium, Motera",2,7.4,Kolkata Knight Riders,Rajasthan Royals,G Gambhir,RV Uthappa,R Tewatia,1,0,,,,,,,,,
733979,2014,2014-05-05,"Sardar Patel Stadium, Motera",2,7.5,Kolkata Knight Riders,Rajasthan Royals,RV Uthappa,G Gambhir,R Tewatia,0,0,,,,,,,,,
733979,2014,2014-05-05,"Sardar Patel Stadium, Motera",2,7.6,Kolkata Knight Riders,Rajasthan Royals,RV Uthappa,G Gambhir,R Tewatia,1,0,,,,,,,,,
733979,2014,2014-05-05,"Sardar Patel Stadium, Motera",2,8.1,Kolkata Knight Riders,Rajasthan Royals,RV Uthappa,G Gambhir,PV Tambe,1,0,,,,,,,,,
733979,2014,2014-05-05,"Sardar Patel Stadium, Motera",2,8.2,Kolkata Knight Riders,Rajasthan Royals,G Gambhir,RV Uthappa,PV Tambe,1,0,,,,,,,,,
733979,2014,2014-05-05,"Sardar Patel Stadium, Motera",2,8.3,Kolkata Knight Riders,Rajasthan Royals,RV Uthappa,G Gambhir,PV Tambe,1,0,,,,,,,,,
733979,2014,2014-05-05,"Sardar Patel Stadium, Motera",2,8.4,Kolkata Knight Riders,Rajasthan Royals,G Gambhir,RV Uthappa,PV Tambe,2,0,,,,,,,,,
733979,2014,2014-05-05,"Sardar Patel Stadium, Motera",2,8.5,Kolkata Knight Riders,Rajasthan Royals,G Gambhir,RV Uthappa,PV Tambe,0,0,,,,,,,,,
733979,2014,2014-05-05,"Sardar Patel Stadium, Motera",2,8.6,Kolkata Knight Riders,Rajasthan Royals,G Gambhir,RV Uthappa,PV Tambe,4,0,,,,,,,,,
733979,2014,2014-05-05,"Sardar Patel Stadium, Motera",2,9.1,Kolkata Knight Riders,Rajasthan Royals,RV Uthappa,G Gambhir,R Bhatia,0,0,,,,,,,,,
733979,2014,2014-05-05,"Sardar Patel Stadium, Motera",2,9.2,Kolkata Knight Riders,Rajasthan Royals,RV Uthappa,G Gambhir,R Bhatia,1,0,,,,,,,,,
733979,2014,2014-05-05,"Sardar Patel Stadium, Motera",2,9.3,Kolkata Knight Riders,Rajasthan Royals,G Gambhir,RV Uthappa,R Bhatia,1,0,,,,,,,,,
733979,2014,2014-05-05,"Sardar Patel Stadium, Motera",2,9.4,Kolkata Knight Riders,Rajasthan Royals,RV Uthappa,G Gambhir,R Bhatia,0,1,,,,1,,,,,
733979,2014,2014-05-05,"Sardar Patel Stadium, Motera",2,9.5,Kolkata Knight Riders,Rajasthan Royals,G Gambhir,RV Uthappa,R Bhatia,1,0,,,,,,,,,
733979,2014,2014-05-05,"Sardar Patel Stadium, Motera",2,9.6,Kolkata Knight Riders,Rajasthan Royals,RV Uthappa,G Gambhir,R Bhatia,1,0,,,,,,,,,
733979,2014,2014-05-05,"Sardar Patel Stadium, Motera",2,10.1,Kolkata Knight Riders,Rajasthan Royals,RV Uthappa,G Gambhir,R Tewatia,6,0,,,,,,,,,
733979,2014,2014-05-05,"Sardar Patel Stadium, Motera",2,10.2,Kolkata Knight Riders,Rajasthan Royals,RV Uthappa,G Gambhir,R Tewatia,0,0,,,,,,,,,
733979,2014,2014-05-05,"Sardar Patel Stadium, Motera",2,10.3,Kolkata Knight Riders,Rajasthan Royals,RV Uthappa,G Gambhir,R Tewatia,1,0,,,,,,,,,
733979,2014,2014-05-05,"Sardar Patel Stadium, Motera",2,10.4,Kolkata Knight Riders,Rajasthan Royals,G Gambhir,RV Uthappa,R Tewatia,1,0,,,,,,,,,
733979,2014,2014-05-05,"Sardar Patel Stadium, Motera",2,10.5,Kolkata Knight Riders,Rajasthan Royals,RV Uthappa,G Gambhir,R Tewatia,1,0,,,,,,,,,
733979,2014,2014-05-05,"Sardar Patel Stadium, Motera",2,10.6,Kolkata Knight Riders,Rajasthan Royals,G Gambhir,RV Uthappa,R Tewatia,4,0,,,,,,,,,
733979,2014,2014-05-05,"Sardar Patel Stadium, Motera",2,11.1,Kolkata Knight Riders,Rajasthan Royals,RV Uthappa,G Gambhir,PV Tambe,1,0,,,,,,,,,
733979,2014,2014-05-05,"Sardar Patel Stadium, Motera",2,11.2,Kolkata Knight Riders,Rajasthan Royals,G Gambhir,RV Uthappa,PV Tambe,1,0,,,,,,,,,
733979,2014,2014-05-05,"Sardar Patel Stadium, Motera",2,11.3,Kolkata Knight Riders,Rajasthan Royals,RV Uthappa,G Gambhir,PV Tambe,1,0,,,,,,,,,
733979,2014,2014-05-05,"Sardar Patel Stadium, Motera",2,11.4,Kolkata Knight Riders,Rajasthan Royals,G Gambhir,RV Uthappa,PV Tambe,1,0,,,,,,,,,
733979,2014,2014-05-05,"Sardar Patel Stadium, Motera",2,11.5,Kolkata Knight Riders,Rajasthan Royals,RV Uthappa,G Gambhir,PV Tambe,1,0,,,,,,,,,
733979,2014,2014-05-05,"Sardar Patel Stadium, Motera",2,11.6,Kolkata Knight Riders,Rajasthan Royals,G Gambhir,RV Uthappa,PV Tambe,0,0,,,,,,,,,
733979,2014,2014-05-05,"Sardar Patel Stadium, Motera",2,12.1,Kolkata Knight Riders,Rajasthan Royals,RV Uthappa,G Gambhir,R Bhatia,1,0,,,,,,,,,
733979,2014,2014-05-05,"Sardar Patel Stadium, Motera",2,12.2,Kolkata Knight Riders,Rajasthan Royals,G Gambhir,RV Uthappa,R Bhatia,1,0,,,,,,,,,
733979,2014,2014-05-05,"Sardar Patel Stadium, Motera",2,12.3,Kolkata Knight Riders,Rajasthan Royals,RV Uthappa,G Gambhir,R Bhatia,1,0,,,,,,,,,
733979,2014,2014-05-05,"Sardar Patel Stadium, Motera",2,12.4,Kolkata Knight Riders,Rajasthan Royals,G Gambhir,RV Uthappa,R Bhatia,6,0,,,,,,,,,
733979,2014,2014-05-05,"Sardar Patel Stadium, Motera",2,12.5,Kolkata Knight Riders,Rajasthan Royals,G Gambhir,RV Uthappa,R Bhatia,0,1,,,,1,,,,,
733979,2014,2014-05-05,"Sardar Patel Stadium, Motera",2,12.6,Kolkata Knight Riders,Rajasthan Royals,RV Uthappa,G Gambhir,R Bhatia,6,0,,,,,,,,,
733979,2014,2014-05-05,"Sardar Patel Stadium, Motera",2,13.1,Kolkata Knight Riders,Rajasthan Royals,G Gambhir,RV Uthappa,JP Faulkner,0,0,,,,,,,,,
733979,2014,2014-05-05,"Sardar Patel Stadium, Motera",2,13.2,Kolkata Knight Riders,Rajasthan Royals,G Gambhir,RV Uthappa,JP Faulkner,4,0,,,,,,,,,
733979,2014,2014-05-05,"Sardar Patel Stadium, Motera",2,13.3,Kolkata Knight Riders,Rajasthan Royals,G Gambhir,RV Uthappa,JP Faulkner,1,0,,,,,,,,,
733979,2014,2014-05-05,"Sardar Patel Stadium, Motera",2,13.4,Kolkata Knight Riders,Rajasthan Royals,RV Uthappa,G Gambhir,JP Faulkner,2,0,,,,,,,,,
733979,2014,2014-05-05,"Sardar Patel Stadium, Motera",2,13.5,Kolkata Knight Riders,Rajasthan Royals,RV Uthappa,G Gambhir,JP Faulkner,0,0,,,,,,,,,
733979,2014,2014-05-05,"Sardar Patel Stadium, Motera",2,13.6,Kolkata Knight Riders,Rajasthan Royals,RV Uthappa,G Gambhir,JP Faulkner,0,0,,,,,,,,,
733979,2014,2014-05-05,"Sardar Patel Stadium, Motera",2,14.1,Kolkata Knight Riders,Rajasthan Royals,G Gambhir,RV Uthappa,SR Watson,0,0,,,,,,caught,G Gambhir,,
733979,2014,2014-05-05,"Sardar Patel Stadium, Motera",2,14.2,Kolkata Knight Riders,Rajasthan Royals,AD Russell,RV Uthappa,SR Watson,1,0,,,,,,,,,
733979,2014,2014-05-05,"Sardar Patel Stadium, Motera",2,14.3,Kolkata Knight Riders,Rajasthan Royals,RV Uthappa,AD Russell,SR Watson,0,0,,,,,,caught,RV Uthappa,,
733979,2014,2014-05-05,"Sardar Patel Stadium, Motera",2,14.4,Kolkata Knight Riders,Rajasthan Royals,AD Russell,MK Pandey,SR Watson,0,0,,,,,,,,,
733979,2014,2014-05-05,"Sardar Patel Stadium, Motera",2,14.5,Kolkata Knight Riders,Rajasthan Royals,AD Russell,MK Pandey,SR Watson,0,0,,,,,,bowled,AD Russell,,
733979,2014,2014-05-05,"Sardar Patel Stadium, Motera",2,14.6,Kolkata Knight Riders,Rajasthan Royals,Shakib Al Hasan,MK Pandey,SR Watson,0,0,,,,,,,,,
733979,2014,2014-05-05,"Sardar Patel Stadium, Motera",2,15.1,Kolkata Knight Riders,Rajasthan Royals,MK Pandey,Shakib Al Hasan,PV Tambe,0,1,1,,,,,stumped,MK Pandey,,
733979,2014,2014-05-05,"Sardar Patel Stadium, Motera",2,15.2,Kolkata Knight Riders,Rajasthan Royals,YK Pathan,Shakib Al Hasan,PV Tambe,0,0,,,,,,caught and bowled,YK Pathan,,
733979,2014,2014-05-05,"Sardar Patel Stadium, Motera",2,15.3,Kolkata Knight Riders,Rajasthan Royals,RN ten Doeschate,Shakib Al Hasan,PV Tambe,0,0,,,,,,lbw,RN ten Doeschate,,
733979,2014,2014-05-05,"Sardar Patel Stadium, Motera",2,15.4,Kolkata Knight Riders,Rajasthan Royals,SA Yadav,Shakib Al Hasan,PV Tambe,0,0,,,,,,,,,
733979,2014,2014-05-05,"Sardar Patel Stadium, Motera",2,15.5,Kolkata Knight Riders,Rajasthan Royals,SA Yadav,Shakib Al Hasan,PV Tambe,1,0,,,,,,,,,
733979,2014,2014-05-05,"Sardar Patel Stadium, Motera",2,15.6,Kolkata Knight Riders,Rajasthan Royals,Shakib Al Hasan,SA Yadav,PV Tambe,1,0,,,,,,,,,
733979,2014,2014-05-05,"Sardar Patel Stadium, Motera",2,15.7,Kolkata Knight Riders,Rajasthan Royals,SA Yadav,Shakib Al Hasan,PV Tambe,1,0,,,,,,,,,
733979,2014,2014-05-05,"Sardar Patel Stadium, Motera",2,16.1,Kolkata Knight Riders,Rajasthan Royals,SA Yadav,Shakib Al Hasan,JP Faulkner,1,0,,,,,,,,,
733979,2014,2014-05-05,"Sardar Patel Stadium, Motera",2,16.2,Kolkata Knight Riders,Rajasthan Royals,Shakib Al Hasan,SA Yadav,JP Faulkner,1,0,,,,,,,,,
733979,2014,2014-05-05,"Sardar Patel Stadium, Motera",2,16.3,Kolkata Knight Riders,Rajasthan Royals,SA Yadav,Shakib Al Hasan,JP Faulkner,1,0,,,,,,,,,
733979,2014,2014-05-05,"Sardar Patel Stadium, Motera",2,16.4,Kolkata Knight Riders,Rajasthan Royals,Shakib Al Hasan,SA Yadav,JP Faulkner,2,0,,,,,,,,,
733979,2014,2014-05-05,"Sardar Patel Stadium, Motera",2,16.5,Kolkata Knight Riders,Rajasthan Royals,Shakib Al Hasan,SA Yadav,JP Faulkner,1,0,,,,,,,,,
733979,2014,2014-05-05,"Sardar Patel Stadium, Motera",2,16.6,Kolkata Knight Riders,Rajasthan Royals,SA Yadav,Shakib Al Hasan,JP Faulkner,0,0,,,,,,,,,
733979,2014,2014-05-05,"Sardar Patel Stadium, Motera",2,17.1,Kolkata Knight Riders,Rajasthan Royals,Shakib Al Hasan,SA Yadav,TG Southee,1,0,,,,,,,,,
733979,2014,2014-05-05,"Sardar Patel Stadium, Motera",2,17.2,Kolkata Knight Riders,Rajasthan Royals,SA Yadav,Shakib Al Hasan,TG Southee,0,1,1,,,,,,,,
733979,2014,2014-05-05,"Sardar Patel Stadium, Motera",2,17.3,Kolkata Knight Riders,Rajasthan Royals,SA Yadav,Shakib Al Hasan,TG Southee,0,0,,,,,,,,,
733979,2014,2014-05-05,"Sardar Patel Stadium, Motera",2,17.4,Kolkata Knight Riders,Rajasthan Royals,SA Yadav,Shakib Al Hasan,TG Southee,0,1,,,,1,,,,,
733979,2014,2014-05-05,"Sardar Patel Stadium, Motera",2,17.5,Kolkata Knight Riders,Rajasthan Royals,Shakib Al Hasan,SA Yadav,TG Southee,6,0,,,,,,,,,
733979,2014,2014-05-05,"Sardar Patel Stadium, Motera",2,17.6,Kolkata Knight Riders,Rajasthan Royals,Shakib Al Hasan,SA Yadav,TG Southee,0,1,1,,,,,,,,
733979,2014,2014-05-05,"Sardar Patel Stadium, Motera",2,17.7,Kolkata Knight Riders,Rajasthan Royals,Shakib Al Hasan,SA Yadav,TG Southee,4,0,,,,,,,,,
733979,2014,2014-05-05,"Sardar Patel Stadium, Motera",2,17.8,Kolkata Knight Riders,Rajasthan Royals,Shakib Al Hasan,SA Yadav,TG Southee,1,0,,,,,,,,,
733979,2014,2014-05-05,"Sardar Patel Stadium, Motera",2,18.1,Kolkata Knight Riders,Rajasthan Royals,Shakib Al Hasan,SA Yadav,JP Faulkner,1,0,,,,,,,,,
733979,2014,2014-05-05,"Sardar Patel Stadium, Motera",2,18.2,Kolkata Knight Riders,Rajasthan Royals,SA Yadav,Shakib Al Hasan,JP Faulkner,0,0,,,,,,,,,
733979,2014,2014-05-05,"Sardar Patel Stadium, Motera",2,18.3,Kolkata Knight Riders,Rajasthan Royals,SA Yadav,Shakib Al Hasan,JP Faulkner,1,0,,,,,,,,,
733979,2014,2014-05-05,"Sardar Patel Stadium, Motera",2,18.4,Kolkata Knight Riders,Rajasthan Royals,Shakib Al Hasan,SA Yadav,JP Faulkner,1,0,,,,,,,,,
733979,2014,2014-05-05,"Sardar Patel Stadium, Motera",2,18.5,Kolkata Knight Riders,Rajasthan Royals,SA Yadav,Shakib Al Hasan,JP Faulkner,1,0,,,,,,,,,
733979,2014,2014-05-05,"Sardar Patel Stadium, Motera",2,18.6,Kolkata Knight Riders,Rajasthan Royals,Shakib Al Hasan,SA Yadav,JP Faulkner,1,1,,1,,,,,,,
733979,2014,2014-05-05,"Sardar Patel Stadium, Motera",2,18.7,Kolkata Knight Riders,Rajasthan Royals,SA Yadav,Shakib Al Hasan,JP Faulkner,0,1,,,,1,,,,,
733979,2014,2014-05-05,"Sardar Patel Stadium, Motera",2,19.1,Kolkata Knight Riders,Rajasthan Royals,SA Yadav,Shakib Al Hasan,SR Watson,0,1,,1,,,,,,,
733979,2014,2014-05-05,"Sardar Patel Stadium, Motera",2,19.2,Kolkata Knight Riders,Rajasthan Royals,SA Yadav,Shakib Al Hasan,SR Watson,1,0,,,,,,,,,
733979,2014,2014-05-05,"Sardar Patel Stadium, Motera",2,19.3,Kolkata Knight Riders,Rajasthan Royals,Shakib Al Hasan,SA Yadav,SR Watson,0,1,,,,1,,,,,
733979,2014,2014-05-05,"Sardar Patel Stadium, Motera",2,19.4,Kolkata Knight Riders,Rajasthan Royals,SA Yadav,Shakib Al Hasan,SR Watson,0,0,,,,,,,,,
733979,2014,2014-05-05,"Sardar Patel Stadium, Motera",2,19.5,Kolkata Knight Riders,Rajasthan Royals,SA Yadav,Shakib Al Hasan,SR Watson,1,0,,,,,,,,,
733979,2014,2014-05-05,"Sardar Patel Stadium, Motera",2,19.6,Kolkata Knight Riders,Rajasthan Royals,Shakib Al Hasan,SA Yadav,SR Watson,1,0,,,,,,,,,
733979,2014,2014-05-05,"Sardar Patel Stadium, Motera",2,19.7,Kolkata Knight Riders,Rajasthan Royals,SA Yadav,Shakib Al Hasan,SR Watson,1,0,,,,,,,,,
