match_id,season,start_date,venue,innings,ball,batting_team,bowling_team,striker,non_striker,bowler,runs_off_bat,extras,wides,noballs,byes,legbyes,penalty,wicket_type,player_dismissed,other_wicket_type,other_player_dismissed
734043,2014,2014-05-27,Eden Gardens,1,0.1,Kolkata Knight Riders,Kings XI Punjab,RV Uthappa,G Gambhir,P Awana,0,0,,,,,,,,,
734043,2014,2014-05-27,Eden Gardens,1,0.2,Kolkata Knight Riders,Kings XI Punjab,RV Uthappa,G Gambhir,P Awana,1,0,,,,,,,,,
734043,2014,2014-05-27,Eden Gardens,1,0.3,Kolkata Knight Riders,Kings XI Punjab,G Gambhir,RV Uthappa,P Awana,1,0,,,,,,,,,
734043,2014,2014-05-27,Eden Gardens,1,0.4,Kolkata Knight Riders,Kings XI Punjab,RV Uthappa,G Gambhir,P Awana,0,0,,,,,,,,,
734043,2014,2014-05-27,Eden Gardens,1,0.5,Kolkata Knight Riders,Kings XI Punjab,RV Uthappa,G Gambhir,P Awana,0,0,,,,,,,,,
734043,2014,2014-05-27,Eden Gardens,1,0.6,Kolkata Knight Riders,Kings XI Punjab,RV Uthappa,G Gambhir,P Awana,0,0,,,,,,,,,
734043,2014,2014-05-27,Eden Gardens,1,1.1,Kolkata Knight Riders,Kings XI Punjab,G Gambhir,RV Uthappa,MG Johnson,0,0,,,,,,,,,
734043,2014,2014-05-27,Eden Gardens,1,1.2,Kolkata Knight Riders,Kings XI Punjab,G Gambhir,RV Uthappa,MG Johnson,0,0,,,,,,caught,G Gambhir,,
734043,2014,2014-05-27,Eden Gardens,1,1.3,Kolkata Knight Riders,Kings XI Punjab,MK Pandey,RV Uthappa,MG Johnson,1,0,,,,,,,,,
734043,2014,2014-05-27,Eden Gardens,1,1.4,Kolkata Knight Riders,Kings XI Punjab,RV Uthappa,MK Pandey,MG Johnson,1,0,,,,,,,,,
734043,2014,2014-05-27,Eden Gardens,1,1.5,Kolkata Knight Riders,Kings XI Punjab,MK Pandey,RV Uthappa,MG Johnson,1,0,,,,,,,,,
734043,2014,2014-05-27,Eden Gardens,1,1.6,Kolkata Knight Riders,Kings XI Punjab,RV Uthappa,MK Pandey,MG Johnson,0,0,,,,,,,,,
734043,2014,2014-05-27,Eden Gardens,1,2.1,Kolkata Knight Riders,Kings XI Punjab,MK Pandey,RV Uthappa,AR Patel,0,1,,,,1,,,,,
734043,2014,2014-05-27,Eden Gardens,1,2.2,Kolkata Knight Riders,Kings XI Punjab,RV Uthappa,MK Pandey,AR Patel,1,0,,,,,,,,,
734043,2014,2014-05-27,Eden Gardens,1,2.3,Kolkata Knight Riders,Kings XI Punjab,MK Pandey,RV Uthappa,AR Patel,1,0,,,,,,,,,
734043,2014,2014-05-27,Eden Gardens,1,2.4,Kolkata Knight Riders,Kings XI Punjab,RV Uthappa,MK Pandey,AR Patel,1,0,,,,,,,,,
734043,2014,2014-05-27,Eden Gardens,1,2.5,Kolkata Knight Riders,Kings XI Punjab,MK Pandey,RV Uthappa,AR Patel,0,1,,,,1,,,,,
734043,2014,2014-05-27,Eden Gardens,1,2.6,Kolkata Knight Riders,Kings XI Punjab,RV Uthappa,MK Pandey,AR Patel,4,0,,,,,,,,,
734043,2014,2014-05-27,Eden Gardens,1,3.1,Kolkata Knight Riders,Kings XI Punjab,MK Pandey,RV Uthappa,MG Johnson,4,0,,,,,,,,,
734043,2014,2014-05-27,Eden Gardens,1,3.2,Kolkata Knight Riders,Kings XI Punjab,MK Pandey,RV Uthappa,MG Johnson,0,1,1,,,,,,,,
734043,2014,2014-05-27,Eden Gardens,1,3.3,Kolkata Knight Riders,Kings XI Punjab,MK Pandey,RV Uthappa,MG Johnson,1,0,,,,,,,,,
734043,2014,2014-05-27,Eden Gardens,1,3.4,Kolkata Knight Riders,Kings XI Punjab,RV Uthappa,MK Pandey,MG Johnson,6,0,,,,,,,,,
734043,2014,2014-05-27,Eden Gardens,1,3.5,Kolkata Knight Riders,Kings XI Punjab,RV Uthappa,MK Pandey,MG Johnson,4,0,,,,,,,,,
734043,2014,2014-05-27,Eden Gardens,1,3.6,Kolkata Knight Riders,Kings XI Punjab,RV Uthappa,MK Pandey,MG Johnson,1,0,,,,,,,,,
734043,2014,2014-05-27,Eden Gardens,1,3.7,Kolkata Knight Riders,Kings XI Punjab,MK Pandey,RV Uthappa,MG Johnson,0,0,,,,,,,,,
734043,2014,2014-05-27,Eden Gardens,1,4.1,Kolkata Knight Riders,Kings XI Punjab,RV Uthappa,MK Pandey,P Awana,0,0,,,,,,,,,
734043,2014,2014-05-27,Eden Gardens,1,4.2,Kolkata Knight Riders,Kings XI Punjab,RV Uthappa,MK Pandey,P Awana,4,0,,,,,,,,,
734043,2014,2014-05-27,Eden Gardens,1,4.3,Kolkata Knight Riders,Kings XI Punjab,RV Uthappa,MK Pandey,P Awana,1,0,,,,,,,,,
734043,2014,2014-05-27,Eden Gardens,1,4.4,Kolkata Knight Riders,Kings XI Punjab,MK Pandey,RV Uthappa,P Awana,1,0,,,,,,,,,
734043,2014,2014-05-27,Eden Gardens,1,4.5,Kolkata Knight Riders,Kings XI Punjab,RV Uthappa,MK Pandey,P Awana,4,0,,,,,,,,,
734043,2014,2014-05-27,Eden Gardens,1,4.6,Kolkata Knight Riders,Kings XI Punjab,RV Uthappa,MK Pandey,P Awana,1,0,,,,,,,,,
734043,2014,2014-05-27,Eden Gardens,1,5.1,Kolkata Knight Riders,Kings XI Punjab,RV Uthappa,MK Pandey,R Dhawan,6,0,,,,,,,,,
734043,2014,2014-05-27,Eden Gardens,1,5.2,Kolkata Knight Riders,Kings XI Punjab,RV Uthappa,MK Pandey,R Dhawan,1,0,,,,,,,,,
734043,2014,2014-05-27,Eden Gardens,1,5.3,Kolkata Knight Riders,Kings XI Punjab,MK Pandey,RV Uthappa,R Dhawan,0,0,,,,,,,,,
734043,2014,2014-05-27,Eden Gardens,1,5.4,Kolkata Knight Riders,Kings XI Punjab,MK Pandey,RV Uthappa,R Dhawan,4,0,,,,,,,,,
734043,2014,2014-05-27,Eden Gardens,1,5.5,Kolkata Knight Riders,Kings XI Punjab,MK Pandey,RV Uthappa,R Dhawan,1,0,,,,,,,,,
734043,2014,2014-05-27,Eden Gardens,1,5.6,Kolkata Knight Riders,Kings XI Punjab,RV Uthappa,MK Pandey,R Dhawan,1,0,,,,,,,,,
734043,2014,2014-05-27,Eden Gardens,1,6.1,Kolkata Knight Riders,Kings XI Punjab,RV Uthappa,MK Pandey,AR Patel,0,0,,,,,,,,,
734043,2014,2014-05-27,Eden Gardens,1,6.2,Kolkata Knight Riders,Kings XI Punjab,RV Uthappa,MK Pandey,AR Patel,1,0,,,,,,,,,
734043,2014,2014-05-27,Eden Gardens,1,6.3,Kolkata Knight Riders,Kings XI Punjab,MK Pandey,RV Uthappa,AR Patel,0,0,,,,,,,,,
734043,2014,2014-05-27,Eden Gardens,1,6.4,Kolkata Knight Riders,Kings XI Punjab,MK Pandey,RV Uthappa,AR Patel,1,0,,,,,,,,,
734043,2014,2014-05-27,Eden Gardens,1,6.5,Kolkata Knight Riders,Kings XI Punjab,RV Uthappa,MK Pandey,AR Patel,0,0,,,,,,,,,
734043,2014,2014-05-27,Eden Gardens,1,6.6,Kolkata Knight Riders,Kings XI Punjab,RV Uthappa,MK Pandey,AR Patel,1,0,,,,,,,,,
734043,2014,2014-05-27,Eden Gardens,1,7.1,Kolkata Knight Riders,Kings XI Punjab,RV Uthappa,MK Pandey,Karanveer Singh,1,0,,,,,,,,,
734043,2014,2014-05-27,Eden Gardens,1,7.2,Kolkata Knight Riders,Kings XI Punjab,MK Pandey,RV Uthappa,Karanveer Singh,1,0,,,,,,,,,
734043,2014,2014-05-27,Eden Gardens,1,7.3,Kolkata Knight Riders,Kings XI Punjab,RV Uthappa,MK Pandey,Karanveer Singh,1,0,,,,,,,,,
734043,2014,2014-05-27,Eden Gardens,1,7.4,Kolkata Knight Riders,Kings XI Punjab,MK Pandey,RV Uthappa,Karanveer Singh,4,0,,,,,,,,,
734043,2014,2014-05-27,Eden Gardens,1,7.5,Kolkata Knight Riders,Kings XI Punjab,MK Pandey,RV Uthappa,Karanveer Singh,1,0,,,,,,,,,
734043,2014,2014-05-27,Eden Gardens,1,7.6,Kolkata Knight Riders,Kings XI Punjab,RV Uthappa,MK Pandey,Karanveer Singh,1,0,,,,,,,,,
734043,2014,2014-05-27,Eden Gardens,1,8.1,Kolkata Knight Riders,Kings XI Punjab,RV Uthappa,MK Pandey,AR Patel,0,0,,,,,,,,,
734043,2014,2014-05-27,Eden Gardens,1,8.2,Kolkata Knight Riders,Kings XI Punjab,RV Uthappa,MK Pandey,AR Patel,0,0,,,,,,caught,RV Uthappa,,
734043,2014,2014-05-27,Eden Gardens,1,8.3,Kolkata Knight Riders,Kings XI Punjab,MK Pandey,Shakib Al Hasan,AR Patel,0,0,,,,,,,,,
734043,2014,2014-05-27,Eden Gardens,1,8.4,Kolkata Knight Riders,Kings XI Punjab,MK Pandey,Shakib Al Hasan,AR Patel,0,0,,,,,,,,,
734043,2014,2014-05-27,Eden Gardens,1,8.5,Kolkata Knight Riders,Kings XI Punjab,MK Pandey,Shakib Al Hasan,AR Patel,0,0,,,,,,bowled,MK Pandey,,
734043,2014,2014-05-27,Eden Gardens,1,8.6,Kolkata Knight Riders,Kings XI Punjab,YK Pathan,Shakib Al Hasan,AR Patel,0,0,,,,,,,,,
734043,2014,2014-05-27,Eden Gardens,1,9.1,Kolkata Knight Riders,Kings XI Punjab,Shakib Al Hasan,YK Pathan,Karanveer Singh,0,0,,,,,,,,,
734043,2014,2014-05-27,Eden Gardens,1,9.2,Kolkata Knight Riders,Kings XI Punjab,Shakib Al Hasan,YK Pathan,Karanveer Singh,1,0,,,,,,,,,
734043,2014,2014-05-27,Eden Gardens,1,9.3,Kolkata Knight Riders,Kings XI Punjab,YK Pathan,Shakib Al Hasan,Karanveer Singh,1,0,,,,,,,,,
734043,2014,2014-05-27,Eden Gardens,1,9.4,Kolkata Knight Riders,Kings XI Punjab,Shakib Al Hasan,YK Pathan,Karanveer Singh,1,0,,,,,,,,,
734043,2014,2014-05-27,Eden Gardens,1,9.5,Kolkata Knight Riders,Kings XI Punjab,YK Pathan,Shakib Al Hasan,Karanveer Singh,1,0,,,,,,,,,
734043,2014,2014-05-27,Eden Gardens,1,9.6,Kolkata Knight Riders,Kings XI Punjab,Shakib Al Hasan,YK Pathan,Karanveer Singh,0,1,1,,,,,,,,
734043,2014,2014-05-27,Eden Gardens,1,9.7,Kolkata Knight Riders,Kings XI Punjab,Shakib Al Hasan,YK Pathan,Karanveer Singh,1,0,,,,,,,,,
734043,2014,2014-05-27,Eden Gardens,1,10.1,Kolkata Knight Riders,Kings XI Punjab,Shakib Al Hasan,YK Pathan,MG Johnson,0,1,1,,,,,,,,
734043,2014,2014-05-27,Eden Gardens,1,10.2,Kolkata Knight Riders,Kings XI Punjab,Shakib Al Hasan,YK Pathan,MG Johnson,0,0,,,,,,,,,
734043,2014,2014-05-27,Eden Gardens,1,10.3,Kolkata Knight Riders,Kings XI Punjab,Shakib Al Hasan,YK Pathan,MG Johnson,2,0,,,,,,,,,
734043,2014,2014-05-27,Eden Gardens,1,10.4,Kolkata Knight Riders,Kings XI Punjab,Shakib Al Hasan,YK Pathan,MG Johnson,1,0,,,,,,,,,
734043,2014,2014-05-27,Eden Gardens,1,10.5,Kolkata Knight Riders,Kings XI Punjab,YK Pathan,Shakib Al Hasan,MG Johnson,0,0,,,,,,,,,
734043,2014,2014-05-27,Eden Gardens,1,10.6,Kolkata Knight Riders,Kings XI Punjab,YK Pathan,Shakib Al Hasan,MG Johnson,4,0,,,,,,,,,
734043,2014,2014-05-27,Eden Gardens,1,10.7,Kolkata Knight Riders,Kings XI Punjab,YK Pathan,Shakib Al Hasan,MG Johnson,0,0,,,,,,,,,
734043,2014,2014-05-27,Eden Gardens,1,11.1,Kolkata Knight Riders,Kings XI Punjab,Shakib Al Hasan,YK Pathan,R Dhawan,1,0,,,,,,,,,
734043,2014,2014-05-27,Eden Gardens,1,11.2,Kolkata Knight Riders,Kings XI Punjab,YK Pathan,Shakib Al Hasan,R Dhawan,1,0,,,,,,,,,
734043,2014,2014-05-27,Eden Gardens,1,11.3,Kolkata Knight Riders,Kings XI Punjab,Shakib Al Hasan,YK Pathan,R Dhawan,1,0,,,,,,,,,
734043,2014,2014-05-27,Eden Gardens,1,11.4,Kolkata Knight Riders,Kings XI Punjab,YK Pathan,Shakib Al Hasan,R Dhawan,4,0,,,,,,,,,
734043,2014,2014-05-27,Eden Gardens,1,11.5,Kolkata Knight Riders,Kings XI Punjab,YK Pathan,Shakib Al Hasan,R Dhawan,0,0,,,,,,,,,
734043,2014,2014-05-27,Eden Gardens,1,11.6,Kolkata Knight Riders,Kings XI Punjab,YK Pathan,Shakib Al Hasan,R Dhawan,2,0,,,,,,,,,
734043,2014,2014-05-27,Eden Gardens,1,12.1,Kolkata Knight Riders,Kings XI Punjab,Shakib Al Hasan,YK Pathan,P Awana,0,0,,,,,,,,,
734043,2014,2014-05-27,Eden Gardens,1,12.2,Kolkata Knight Riders,Kings XI Punjab,Shakib Al Hasan,YK Pathan,P Awana,4,0,,,,,,,,,
734043,2014,2014-05-27,Eden Gardens,1,12.3,Kolkata Knight Riders,Kings XI Punjab,Shakib Al Hasan,YK Pathan,P Awana,1,0,,,,,,,,,
734043,2014,2014-05-27,Eden Gardens,1,12.4,Kolkata Knight Riders,Kings XI Punjab,YK Pathan,Shakib Al Hasan,P Awana,0,0,,,,,,,,,
734043,2014,2014-05-27,Eden Gardens,1,12.5,Kolkata Knight Riders,Kings XI Punjab,YK Pathan,Shakib Al Hasan,P Awana,0,1,,,,1,,,,,
734043,2014,2014-05-27,Eden Gardens,1,12.6,Kolkata Knight Riders,Kings XI Punjab,Shakib Al Hasan,YK Pathan,P Awana,0,0,,,,,,,,,
734043,2014,2014-05-27,Eden Gardens,1,13.1,Kolkata Knight Riders,Kings XI Punjab,YK Pathan,Shakib Al Hasan,R Dhawan,0,0,,,,,,,,,
734043,2014,2014-05-27,Eden Gardens,1,13.2,Kolkata Knight Riders,Kings XI Punjab,YK Pathan,Shakib Al Hasan,R Dhawan,0,0,,,,,,,,,
734043,2014,2014-05-27,Eden Gardens,1,13.3,Kolkata Knight Riders,Kings XI Punjab,YK Pathan,Shakib Al Hasan,R Dhawan,6,0,,,,,,,,,
734043,2014,2014-05-27,Eden Gardens,1,13.4,Kolkata Knight Riders,Kings XI Punjab,YK Pathan,Shakib Al Hasan,R Dhawan,1,0,,,,,,,,,
734043,2014,2014-05-27,Eden Gardens,1,13.5,Kolkata Knight Riders,Kings XI Punjab,Shakib Al Hasan,YK Pathan,R Dhawan,1,0,,,,,,,,,
734043,2014,2014-05-27,Eden Gardens,1,13.6,Kolkata Knight Riders,Kings XI Punjab,YK Pathan,Shakib Al Hasan,R Dhawan,0,0,,,,,,,,,
734043,2014,2014-05-27,Eden Gardens,1,14.1,Kolkata Knight Riders,Kings XI Punjab,Shakib Al Hasan,YK Pathan,Karanveer Singh,4,0,,,,,,,,,
734043,2014,2014-05-27,Eden Gardens,1,14.2,Kolkata Knight Riders,Kings XI Punjab,Shakib Al Hasan,YK Pathan,Karanveer Singh,0,0,,,,,,caught,Shakib Al Hasan,,
734043,2014,2014-05-27,Eden Gardens,1,14.3,Kolkata Knight Riders,Kings XI Punjab,YK Pathan,RN ten Doeschate,Karanveer Singh,0,0,,,,,,caught,YK Pathan,,
734043,2014,2014-05-27,Eden Gardens,1,14.4,Kolkata Knight Riders,Kings XI Punjab,SA Yadav,RN ten Doeschate,Karanveer Singh,0,0,,,,,,,,,
734043,2014,2014-05-27,Eden Gardens,1,14.5,Kolkata Knight Riders,Kings XI Punjab,SA Yadav,RN ten Doeschate,Karanveer Singh,4,0,,,,,,,,,
734043,2014,2014-05-27,Eden Gardens,1,14.6,Kolkata Knight Riders,Kings XI Punjab,SA Yadav,RN ten Doeschate,Karanveer Singh,0,0,,,,,,,,,
734043,2014,2014-05-27,Eden Gardens,1,15.1,Kolkata Knight Riders,Kings XI Punjab,RN ten Doeschate,SA Yadav,AR Patel,0,0,,,,,,,,,
734043,2014,2014-05-27,Eden Gardens,1,15.2,Kolkata Knight Riders,Kings XI Punjab,RN ten Doeschate,SA Yadav,AR Patel,0,1,,,,1,,,,,
734043,2014,2014-05-27,Eden Gardens,1,15.3,Kolkata Knight Riders,Kings XI Punjab,SA Yadav,RN ten Doeschate,AR Patel,0,0,,,,,,,,,
734043,2014,2014-05-27,Eden Gardens,1,15.4,Kolkata Knight Riders,Kings XI Punjab,SA Yadav,RN ten Doeschate,AR Patel,0,0,,,,,,,,,
734043,2014,2014-05-27,Eden Gardens,1,15.5,Kolkata Knight Riders,Kings XI Punjab,SA Yadav,RN ten Doeschate,AR Patel,0,0,,,,,,,,,
734043,2014,2014-05-27,Eden Gardens,1,15.6,Kolkata Knight Riders,Kings XI Punjab,SA Yadav,RN ten Doeschate,AR Patel,1,0,,,,,,,,,
734043,2014,2014-05-27,Eden Gardens,1,16.1,Kolkata Knight Riders,Kings XI Punjab,SA Yadav,RN ten Doeschate,R Dhawan,6,0,,,,,,,,,
734043,2014,2014-05-27,Eden Gardens,1,16.2,Kolkata Knight Riders,Kings XI Punjab,SA Yadav,RN ten Doeschate,R Dhawan,4,0,,,,,,,,,
734043,2014,2014-05-27,Eden Gardens,1,16.3,Kolkata Knight Riders,Kings XI Punjab,SA Yadav,RN ten Doeschate,R Dhawan,0,0,,,,,,,,,
734043,2014,2014-05-27,Eden Gardens,1,16.4,Kolkata Knight Riders,Kings XI Punjab,SA Yadav,RN ten Doeschate,R Dhawan,1,0,,,,,,,,,
734043,2014,2014-05-27,Eden Gardens,1,16.5,Kolkata Knight Riders,Kings XI Punjab,RN ten Doeschate,SA Yadav,R Dhawan,2,0,,,,,,,,,
734043,2014,2014-05-27,Eden Gardens,1,16.6,Kolkata Knight Riders,Kings XI Punjab,RN ten Doeschate,SA Yadav,R Dhawan,1,0,,,,,,,,,
734043,2014,2014-05-27,Eden Gardens,1,17.1,Kolkata Knight Riders,Kings XI Punjab,RN ten Doeschate,SA Yadav,Karanveer Singh,6,0,,,,,,,,,
734043,2014,2014-05-27,Eden Gardens,1,17.2,Kolkata Knight Riders,Kings XI Punjab,RN ten Doeschate,SA Yadav,Karanveer Singh,6,0,,,,,,,,,
734043,2014,2014-05-27,Eden Gardens,1,17.3,Kolkata Knight Riders,Kings XI Punjab,RN ten Doeschate,SA Yadav,Karanveer Singh,1,0,,,,,,,,,
734043,2014,2014-05-27,Eden Gardens,1,17.4,Kolkata Knight Riders,Kings XI Punjab,SA Yadav,RN ten Doeschate,Karanveer Singh,0,0,,,,,,,,,
734043,2014,2014-05-27,Eden Gardens,1,17.5,Kolkata Knight Riders,Kings XI Punjab,SA Yadav,RN ten Doeschate,Karanveer Singh,4,0,,,,,,,,,
734043,2014,2014-05-27,Eden Gardens,1,17.6,Kolkata Knight Riders,Kings XI Punjab,SA Yadav,RN ten Doeschate,Karanveer Singh,0,0,,,,,,bowled,SA Yadav,,
734043,2014,2014-05-27,Eden Gardens,1,18.1,Kolkata Knight Riders,Kings XI Punjab,RN ten Doeschate,PP Chawla,MG Johnson,1,0,,,,,,,,,
734043,2014,2014-05-27,Eden Gardens,1,18.2,Kolkata Knight Riders,Kings XI Punjab,PP Chawla,RN ten Doeschate,MG Johnson,1,0,,,,,,,,,
734043,2014,2014-05-27,Eden Gardens,1,18.3,Kolkata Knight Riders,Kings XI Punjab,RN ten Doeschate,PP Chawla,MG Johnson,0,0,,,,,,,,,
734043,2014,2014-05-27,Eden Gardens,1,18.4,Kolkata Knight Riders,Kings XI Punjab,RN ten Doeschate,PP Chawla,MG Johnson,0,0,,,,,,caught,RN ten Doeschate,,
734043,2014,2014-05-27,Eden Gardens,1,18.5,Kolkata Knight Riders,Kings XI Punjab,PP Chawla,SP Narine,MG Johnson,0,0,,,,,,,,,
734043,2014,2014-05-27,Eden Gardens,1,18.6,Kolkata Knight Riders,Kings XI Punjab,PP Chawla,SP Narine,MG Johnson,1,0,,,,,,,,,
734043,2014,2014-05-27,Eden Gardens,1,19.1,Kolkata Knight Riders,Kings XI Punjab,PP Chawla,SP Narine,P Awana,4,0,,,,,,,,,
734043,2014,2014-05-27,Eden Gardens,1,19.2,Kolkata Knight Riders,Kings XI Punjab,PP Chawla,SP Narine,P Awana,4,0,,,,,,,,,
734043,2014,2014-05-27,Eden Gardens,1,19.3,Kolkata Knight Riders,Kings XI Punjab,PP Chawla,SP Narine,P Awana,2,0,,,,,,,,,
734043,2014,2014-05-27,Eden Gardens,1,19.4,Kolkata Knight Riders,Kings XI Punjab,PP Chawla,SP Narine,P Awana,0,0,,,,,,,,,
734043,2014,2014-05-27,Eden Gardens,1,19.5,Kolkata Knight Riders,Kings XI Punjab,PP Chawla,SP Narine,P Awana,1,0,,,,,,run out,SP Narine,,
734043,2014,2014-05-27,Eden Gardens,1,19.6,Kolkata Knight Riders,Kings XI Punjab,PP Chawla,M Morkel,P Awana,4,0,,,,,,,,,
734043,2014,2014-05-27,Eden Gardens,2,0.1,Kings XI Punjab,Kolkata Knight Riders,V Sehwag,M Vohra,M Morkel,2,0,,,,,,,,,
734043,2014,2014-05-27,Eden Gardens,2,0.2,Kings XI Punjab,Kolkata Knight Riders,V Sehwag,M Vohra,M Morkel,0,1,,,,1,,,,,
734043,2014,2014-05-27,Eden Gardens,2,0.3,Kings XI Punjab,Kolkata Knight Riders,M Vohra,V Sehwag,M Morkel,0,0,,,,,,,,,
734043,2014,2014-05-27,Eden Gardens,2,0.4,Kings XI Punjab,Kolkata Knight Riders,M Vohra,V Sehwag,M Morkel,0,0,,,,,,,,,
734043,2014,2014-05-27,Eden Gardens,2,0.5,Kings XI Punjab,Kolkata Knight Riders,M Vohra,V Sehwag,M Morkel,2,0,,,,,,,,,
734043,2014,2014-05-27,Eden Gardens,2,0.6,Kings XI Punjab,Kolkata Knight Riders,M Vohra,V Sehwag,M Morkel,0,0,,,,,,,,,
734043,2014,2014-05-27,Eden Gardens,2,1.1,Kings XI Punjab,Kolkata Knight Riders,V Sehwag,M Vohra,UT Yadav,0,0,,,,,,caught,V Sehwag,,
734043,2014,2014-05-27,Eden Gardens,2,1.2,Kings XI Punjab,Kolkata Knight Riders,WP Saha,M Vohra,UT Yadav,0,0,,,,,,,,,
734043,2014,2014-05-27,Eden Gardens,2,1.3,Kings XI Punjab,Kolkata Knight Riders,WP Saha,M Vohra,UT Yadav,0,1,1,,,,,,,,
734043,2014,2014-05-27,Eden Gardens,2,1.4,Kings XI Punjab,Kolkata Knight Riders,WP Saha,M Vohra,UT Yadav,0,0,,,,,,,,,
734043,2014,2014-05-27,Eden Gardens,2,1.5,Kings XI Punjab,Kolkata Knight Riders,WP Saha,M Vohra,UT Yadav,1,0,,,,,,,,,
734043,2014,2014-05-27,Eden Gardens,2,1.6,Kings XI Punjab,Kolkata Knight Riders,M Vohra,WP Saha,UT Yadav,1,0,,,,,,,,,
734043,2014,2014-05-27,Eden Gardens,2,1.7,Kings XI Punjab,Kolkata Knight Riders,WP Saha,M Vohra,UT Yadav,0,0,,,,,,,,,
734043,2014,2014-05-27,Eden Gardens,2,2.1,Kings XI Punjab,Kolkata Knight Riders,M Vohra,WP Saha,M Morkel,1,0,,,,,,,,,
734043,2014,2014-05-27,Eden Gardens,2,2.2,Kings XI Punjab,Kolkata Knight Riders,WP Saha,M Vohra,M Morkel,0,0,,,,,,,,,
734043,2014,2014-05-27,Eden Gardens,2,2.3,Kings XI Punjab,Kolkata Knight Riders,WP Saha,M Vohra,M Morkel,0,0,,,,,,,,,
734043,2014,2014-05-27,Eden Gardens,2,2.4,Kings XI Punjab,Kolkata Knight Riders,WP Saha,M Vohra,M Morkel,2,0,,,,,,,,,
734043,2014,2014-05-27,Eden Gardens,2,2.5,Kings XI Punjab,Kolkata Knight Riders,WP Saha,M Vohra,M Morkel,0,0,,,,,,,,,
734043,2014,2014-05-27,Eden Gardens,2,2.6,Kings XI Punjab,Kolkata Knight Riders,WP Saha,M Vohra,M Morkel,6,0,,,,,,,,,
734043,2014,2014-05-27,Eden Gardens,2,3.1,Kings XI Punjab,Kolkata Knight Riders,M Vohra,WP Saha,SP Narine,0,0,,,,,,,,,
734043,2014,2014-05-27,Eden Gardens,2,3.2,Kings XI Punjab,Kolkata Knight Riders,M Vohra,WP Saha,SP Narine,0,0,,,,,,,,,
734043,2014,2014-05-27,Eden Gardens,2,3.3,Kings XI Punjab,Kolkata Knight Riders,M Vohra,WP Saha,SP Narine,1,0,,,,,,,,,
734043,2014,2014-05-27,Eden Gardens,2,3.4,Kings XI Punjab,Kolkata Knight Riders,WP Saha,M Vohra,SP Narine,1,0,,,,,,,,,
734043,2014,2014-05-27,Eden Gardens,2,3.5,Kings XI Punjab,Kolkata Knight Riders,M Vohra,WP Saha,SP Narine,1,0,,,,,,,,,
734043,2014,2014-05-27,Eden Gardens,2,3.6,Kings XI Punjab,Kolkata Knight Riders,WP Saha,M Vohra,SP Narine,4,0,,,,,,,,,
734043,2014,2014-05-27,Eden Gardens,2,4.1,Kings XI Punjab,Kolkata Knight Riders,M Vohra,WP Saha,Shakib Al Hasan,6,0,,,,,,,,,
734043,2014,2014-05-27,Eden Gardens,2,4.2,Kings XI Punjab,Kolkata Knight Riders,M Vohra,WP Saha,Shakib Al Hasan,6,0,,,,,,,,,
734043,2014,2014-05-27,Eden Gardens,2,4.3,Kings XI Punjab,Kolkata Knight Riders,M Vohra,WP Saha,Shakib Al Hasan,1,0,,,,,,,,,
734043,2014,2014-05-27,Eden Gardens,2,4.4,Kings XI Punjab,Kolkata Knight Riders,WP Saha,M Vohra,Shakib Al Hasan,0,0,,,,,,,,,
734043,2014,2014-05-27,Eden Gardens,2,4.5,Kings XI Punjab,Kolkata Knight Riders,WP Saha,M Vohra,Shakib Al Hasan,1,0,,,,,,,,,
734043,2014,2014-05-27,Eden Gardens,2,4.6,Kings XI Punjab,Kolkata Knight Riders,M Vohra,WP Saha,Shakib Al Hasan,1,0,,,,,,,,,
734043,2014,2014-05-27,Eden Gardens,2,5.1,Kings XI Punjab,Kolkata Knight Riders,M Vohra,WP Saha,M Morkel,0,0,,,,,,,,,
734043,2014,2014-05-27,Eden Gardens,2,5.2,Kings XI Punjab,Kolkata Knight Riders,M Vohra,WP Saha,M Morkel,6,0,,,,,,,,,
734043,2014,2014-05-27,Eden Gardens,2,5.3,Kings XI Punjab,Kolkata Knight Riders,M Vohra,WP Saha,M Morkel,0,0,,,,,,,,,
734043,2014,2014-05-27,Eden Gardens,2,5.4,Kings XI Punjab,Kolkata Knight Riders,M Vohra,WP Saha,M Morkel,0,0,,,,,,,,,
734043,2014,2014-05-27,Eden Gardens,2,5.5,Kings XI Punjab,Kolkata Knight Riders,M Vohra,WP Saha,M Morkel,0,0,,,,,,caught,M Vohra,,
734043,2014,2014-05-27,Eden Gardens,2,5.6,Kings XI Punjab,Kolkata Knight Riders,WP Saha,GJ Maxwell,M Morkel,0,1,1,,,,,,,,
734043,2014,2014-05-27,Eden Gardens,2,5.7,Kings XI Punjab,Kolkata Knight Riders,WP Saha,GJ Maxwell,M Morkel,0,0,,,,,,,,,
734043,2014,2014-05-27,Eden Gardens,2,6.1,Kings XI Punjab,Kolkata Knight Riders,GJ Maxwell,WP Saha,SP Narine,1,0,,,,,,,,,
734043,2014,2014-05-27,Eden Gardens,2,6.2,Kings XI Punjab,Kolkata Knight Riders,WP Saha,GJ Maxwell,SP Narine,1,0,,,,,,,,,
734043,2014,2014-05-27,Eden Gardens,2,6.3,Kings XI Punjab,Kolkata Knight Riders,GJ Maxwell,WP Saha,SP Narine,4,0,,,,,,,,,
734043,2014,2014-05-27,Eden Gardens,2,6.4,Kings XI Punjab,Kolkata Knight Riders,GJ Maxwell,WP Saha,SP Narine,0,0,,,,,,,,,
734043,2014,2014-05-27,Eden Gardens,2,6.5,Kings XI Punjab,Kolkata Knight Riders,GJ Maxwell,WP Saha,SP Narine,0,0,,,,,,,,,
734043,2014,2014-05-27,Eden Gardens,2,6.6,Kings XI Punjab,Kolkata Knight Riders,GJ Maxwell,WP Saha,SP Narine,1,0,,,,,,,,,
734043,2014,2014-05-27,Eden Gardens,2,7.1,Kings XI Punjab,Kolkata Knight Riders,GJ Maxwell,WP Saha,UT Yadav,0,1,,,,1,,,,,
734043,2014,2014-05-27,Eden Gardens,2,7.2,Kings XI Punjab,Kolkata Knight Riders,WP Saha,GJ Maxwell,UT Yadav,1,0,,,,,,,,,
734043,2014,2014-05-27,Eden Gardens,2,7.3,Kings XI Punjab,Kolkata Knight Riders,GJ Maxwell,WP Saha,UT Yadav,0,0,,,,,,,,,
734043,2014,2014-05-27,Eden Gardens,2,7.4,Kings XI Punjab,Kolkata Knight Riders,GJ Maxwell,WP Saha,UT Yadav,0,0,,,,,,,,,
734043,2014,2014-05-27,Eden Gardens,2,7.5,Kings XI Punjab,Kolkata Knight Riders,GJ Maxwell,WP Saha,UT Yadav,0,0,,,,,,lbw,GJ Maxwell,,
734043,2014,2014-05-27,Eden Gardens,2,7.6,Kings XI Punjab,Kolkata Knight Riders,DA Miller,WP Saha,UT Yadav,0,0,,,,,,,,,
734043,2014,2014-05-27,Eden Gardens,2,8.1,Kings XI Punjab,Kolkata Knight Riders,WP Saha,DA Miller,PP Chawla,1,0,,,,,,,,,
734043,2014,2014-05-27,Eden Gardens,2,8.2,Kings XI Punjab,Kolkata Knight Riders,DA Miller,WP Saha,PP Chawla,0,1,,,,1,,,,,
734043,2014,2014-05-27,Eden Gardens,2,8.3,Kings XI Punjab,Kolkata Knight Riders,WP Saha,DA Miller,PP Chawla,1,0,,,,,,,,,
734043,2014,2014-05-27,Eden Gardens,2,8.4,Kings XI Punjab,Kolkata Knight Riders,DA Miller,WP Saha,PP Chawla,1,0,,,,,,,,,
734043,2014,2014-05-27,Eden Gardens,2,8.5,Kings XI Punjab,Kolkata Knight Riders,WP Saha,DA Miller,PP Chawla,1,0,,,,,,,,,
734043,2014,2014-05-27,Eden Gardens,2,8.6,Kings XI Punjab,Kolkata Knight Riders,DA Miller,WP Saha,PP Chawla,0,0,,,,,,,,,
734043,2014,2014-05-27,Eden Gardens,2,9.1,Kings XI Punjab,Kolkata Knight Riders,WP Saha,DA Miller,UT Yadav,4,0,,,,,,,,,
734043,2014,2014-05-27,Eden Gardens,2,9.2,Kings XI Punjab,Kolkata Knight Riders,WP Saha,DA Miller,UT Yadav,0,0,,,,,,,,,
734043,2014,2014-05-27,Eden Gardens,2,9.3,Kings XI Punjab,Kolkata Knight Riders,WP Saha,DA Miller,UT Yadav,0,0,,,,,,,,,
734043,2014,2014-05-27,Eden Gardens,2,9.4,Kings XI Punjab,Kolkata Knight Riders,WP Saha,DA Miller,UT Yadav,1,0,,,,,,,,,
734043,2014,2014-05-27,Eden Gardens,2,9.5,Kings XI Punjab,Kolkata Knight Riders,DA Miller,WP Saha,UT Yadav,1,0,,,,,,,,,
734043,2014,2014-05-27,Eden Gardens,2,9.6,Kings XI Punjab,Kolkata Knight Riders,WP Saha,DA Miller,UT Yadav,2,0,,,,,,,,,
734043,2014,2014-05-27,Eden Gardens,2,10.1,Kings XI Punjab,Kolkata Knight Riders,DA Miller,WP Saha,PP Chawla,0,0,,,,,,,,,
734043,2014,2014-05-27,Eden Gardens,2,10.2,Kings XI Punjab,Kolkata Knight Riders,DA Miller,WP Saha,PP Chawla,1,0,,,,,,,,,
734043,2014,2014-05-27,Eden Gardens,2,10.3,Kings XI Punjab,Kolkata Knight Riders,WP Saha,DA Miller,PP Chawla,6,0,,,,,,,,,
734043,2014,2014-05-27,Eden Gardens,2,10.4,Kings XI Punjab,Kolkata Knight Riders,WP Saha,DA Miller,PP Chawla,1,0,,,,,,,,,
734043,2014,2014-05-27,Eden Gardens,2,10.5,Kings XI Punjab,Kolkata Knight Riders,DA Miller,WP Saha,PP Chawla,1,0,,,,,,,,,
734043,2014,2014-05-27,Eden Gardens,2,10.6,Kings XI Punjab,Kolkata Knight Riders,WP Saha,DA Miller,PP Chawla,0,0,,,,,,,,,
734043,2014,2014-05-27,Eden Gardens,2,11.1,Kings XI Punjab,Kolkata Knight Riders,DA Miller,WP Saha,M Morkel,1,0,,,,,,,,,
734043,2014,2014-05-27,Eden Gardens,2,11.2,Kings XI Punjab,Kolkata Knight Riders,WP Saha,DA Miller,M Morkel,1,0,,,,,,,,,
734043,2014,2014-05-27,Eden Gardens,2,11.3,Kings XI Punjab,Kolkata Knight Riders,DA Miller,WP Saha,M Morkel,1,0,,,,,,,,,
734043,2014,2014-05-27,Eden Gardens,2,11.4,Kings XI Punjab,Kolkata Knight Riders,WP Saha,DA Miller,M Morkel,0,0,,,,,,,,,
734043,2014,2014-05-27,Eden Gardens,2,11.5,Kings XI Punjab,Kolkata Knight Riders,WP Saha,DA Miller,M Morkel,0,0,,,,,,,,,
734043,2014,2014-05-27,Eden Gardens,2,11.6,Kings XI Punjab,Kolkata Knight Riders,WP Saha,DA Miller,M Morkel,0,0,,,,,,caught,WP Saha,,
734043,2014,2014-05-27,Eden Gardens,2,12.1,Kings XI Punjab,Kolkata Knight Riders,DA Miller,AR Patel,PP Chawla,2,0,,,,,,,,,
734043,2014,2014-05-27,Eden Gardens,2,12.2,Kings XI Punjab,Kolkata Knight Riders,DA Miller,AR Patel,PP Chawla,0,0,,,,,,bowled,DA Miller,,
734043,2014,2014-05-27,Eden Gardens,2,12.3,Kings XI Punjab,Kolkata Knight Riders,GJ Bailey,AR Patel,PP Chawla,0,0,,,,,,,,,
734043,2014,2014-05-27,Eden Gardens,2,12.4,Kings XI Punjab,Kolkata Knight Riders,GJ Bailey,AR Patel,PP Chawla,2,0,,,,,,,,,
734043,2014,2014-05-27,Eden Gardens,2,12.5,Kings XI Punjab,Kolkata Knight Riders,GJ Bailey,AR Patel,PP Chawla,1,0,,,,,,,,,
734043,2014,2014-05-27,Eden Gardens,2,12.6,Kings XI Punjab,Kolkata Knight Riders,AR Patel,GJ Bailey,PP Chawla,1,0,,,,,,,,,
734043,2014,2014-05-27,Eden Gardens,2,13.1,Kings XI Punjab,Kolkata Knight Riders,AR Patel,GJ Bailey,Shakib Al Hasan,1,0,,,,,,,,,
734043,2014,2014-05-27,Eden Gardens,2,13.2,Kings XI Punjab,Kolkata Knight Riders,GJ Bailey,AR Patel,Shakib Al Hasan,0,0,,,,,,,,,
734043,2014,2014-05-27,Eden Gardens,2,13.3,Kings XI Punjab,Kolkata Knight Riders,GJ Bailey,AR Patel,Shakib Al Hasan,0,0,,,,,,run out,AR Patel,,
734043,2014,2014-05-27,Eden Gardens,2,13.4,Kings XI Punjab,Kolkata Knight Riders,R Dhawan,GJ Bailey,Shakib Al Hasan,0,0,,,,,,,,,
734043,2014,2014-05-27,Eden Gardens,2,13.5,Kings XI Punjab,Kolkata Knight Riders,R Dhawan,GJ Bailey,Shakib Al Hasan,0,0,,,,,,,,,
734043,2014,2014-05-27,Eden Gardens,2,13.6,Kings XI Punjab,Kolkata Knight Riders,R Dhawan,GJ Bailey,Shakib Al Hasan,1,0,,,,,,,,,
734043,2014,2014-05-27,Eden Gardens,2,14.1,Kings XI Punjab,Kolkata Knight Riders,R Dhawan,GJ Bailey,PP Chawla,0,0,,,,,,,,,
734043,2014,2014-05-27,Eden Gardens,2,14.2,Kings XI Punjab,Kolkata Knight Riders,R Dhawan,GJ Bailey,PP Chawla,1,0,,,,,,,,,
734043,2014,2014-05-27,Eden Gardens,2,14.3,Kings XI Punjab,Kolkata Knight Riders,GJ Bailey,R Dhawan,PP Chawla,1,0,,,,,,,,,
734043,2014,2014-05-27,Eden Gardens,2,14.4,Kings XI Punjab,Kolkata Knight Riders,R Dhawan,GJ Bailey,PP Chawla,1,0,,,,,,,,,
734043,2014,2014-05-27,Eden Gardens,2,14.5,Kings XI Punjab,Kolkata Knight Riders,GJ Bailey,R Dhawan,PP Chawla,1,0,,,,,,,,,
734043,2014,2014-05-27,Eden Gardens,2,14.6,Kings XI Punjab,Kolkata Knight Riders,R Dhawan,GJ Bailey,PP Chawla,0,0,,,,,,,,,
734043,2014,2014-05-27,Eden Gardens,2,15.1,Kings XI Punjab,Kolkata Knight Riders,GJ Bailey,R Dhawan,Shakib Al Hasan,1,0,,,,,,,,,
734043,2014,2014-05-27,Eden Gardens,2,15.2,Kings XI Punjab,Kolkata Knight Riders,R Dhawan,GJ Bailey,Shakib Al Hasan,1,0,,,,,,,,,
734043,2014,2014-05-27,Eden Gardens,2,15.3,Kings XI Punjab,Kolkata Knight Riders,GJ Bailey,R Dhawan,Shakib Al Hasan,1,0,,,,,,,,,
734043,2014,2014-05-27,Eden Gardens,2,15.4,Kings XI Punjab,Kolkata Knight Riders,R Dhawan,GJ Bailey,Shakib Al Hasan,0,0,,,,,,,,,
734043,2014,2014-05-27,Eden Gardens,2,15.5,Kings XI Punjab,Kolkata Knight Riders,R Dhawan,GJ Bailey,Shakib Al Hasan,1,0,,,,,,,,,
734043,2014,2014-05-27,Eden Gardens,2,15.6,Kings XI Punjab,Kolkata Knight Riders,GJ Bailey,R Dhawan,Shakib Al Hasan,1,0,,,,,,,,,
734043,2014,2014-05-27,Eden Gardens,2,16.1,Kings XI Punjab,Kolkata Knight Riders,GJ Bailey,R Dhawan,SP Narine,4,0,,,,,,,,,
734043,2014,2014-05-27,Eden Gardens,2,16.2,Kings XI Punjab,Kolkata Knight Riders,GJ Bailey,R Dhawan,SP Narine,1,0,,,,,,,,,
734043,2014,2014-05-27,Eden Gardens,2,16.3,Kings XI Punjab,Kolkata Knight Riders,R Dhawan,GJ Bailey,SP Narine,0,0,,,,,,,,,
734043,2014,2014-05-27,Eden Gardens,2,16.4,Kings XI Punjab,Kolkata Knight Riders,R Dhawan,GJ Bailey,SP Narine,1,0,,,,,,,,,
734043,2014,2014-05-27,Eden Gardens,2,16.5,Kings XI Punjab,Kolkata Knight Riders,GJ Bailey,R Dhawan,SP Narine,0,0,,,,,,,,,
734043,2014,2014-05-27,Eden Gardens,2,16.6,Kings XI Punjab,Kolkata Knight Riders,GJ Bailey,R Dhawan,SP Narine,6,0,,,,,,,,,
734043,2014,2014-05-27,Eden Gardens,2,17.1,Kings XI Punjab,Kolkata Knight Riders,R Dhawan,GJ Bailey,Shakib Al Hasan,2,0,,,,,,,,,
734043,2014,2014-05-27,Eden Gardens,2,17.2,Kings XI Punjab,Kolkata Knight Riders,R Dhawan,GJ Bailey,Shakib Al Hasan,6,0,,,,,,,,,
734043,2014,2014-05-27,Eden Gardens,2,17.3,Kings XI Punjab,Kolkata Knight Riders,R Dhawan,GJ Bailey,Shakib Al Hasan,0,0,,,,,,stumped,R Dhawan,,
734043,2014,2014-05-27,Eden Gardens,2,17.4,Kings XI Punjab,Kolkata Knight Riders,MG Johnson,GJ Bailey,Shakib Al Hasan,6,0,,,,,,,,,
734043,2014,2014-05-27,Eden Gardens,2,17.5,Kings XI Punjab,Kolkata Knight Riders,MG Johnson,GJ Bailey,Shakib Al Hasan,1,0,,,,,,,,,
734043,2014,2014-05-27,Eden Gardens,2,17.6,Kings XI Punjab,Kolkata Knight Riders,GJ Bailey,MG Johnson,Shakib Al Hasan,6,0,,,,,,,,,
734043,2014,2014-05-27,Eden Gardens,2,18.1,Kings XI Punjab,Kolkata Knight Riders,MG Johnson,GJ Bailey,SP Narine,0,0,,,,,,,,,
734043,2014,2014-05-27,Eden Gardens,2,18.2,Kings XI Punjab,Kolkata Knight Riders,MG Johnson,GJ Bailey,SP Narine,0,0,,,,,,,,,
734043,2014,2014-05-27,Eden Gardens,2,18.3,Kings XI Punjab,Kolkata Knight Riders,MG Johnson,GJ Bailey,SP Narine,2,0,,,,,,,,,
734043,2014,2014-05-27,Eden Gardens,2,18.4,Kings XI Punjab,Kolkata Knight Riders,MG Johnson,GJ Bailey,SP Narine,1,0,,,,,,,,,
734043,2014,2014-05-27,Eden Gardens,2,18.5,Kings XI Punjab,Kolkata Knight Riders,GJ Bailey,MG Johnson,SP Narine,1,0,,,,,,,,,
734043,2014,2014-05-27,Eden Gardens,2,18.6,Kings XI Punjab,Kolkata Knight Riders,MG Johnson,GJ Bailey,SP Narine,0,0,,,,,,,,,
734043,2014,2014-05-27,Eden Gardens,2,19.1,Kings XI Punjab,Kolkata Knight Riders,GJ Bailey,MG Johnson,UT Yadav,0,0,,,,,,caught,GJ Bailey,,
734043,2014,2014-05-27,Eden Gardens,2,19.2,Kings XI Punjab,Kolkata Knight Riders,Karanveer Singh,MG Johnson,UT Yadav,1,0,,,,,,,,,
734043,2014,2014-05-27,Eden Gardens,2,19.3,Kings XI Punjab,Kolkata Knight Riders,MG Johnson,Karanveer Singh,UT Yadav,0,0,,,,,,,,,
734043,2014,2014-05-27,Eden Gardens,2,19.4,Kings XI Punjab,Kolkata Knight Riders,MG Johnson,Karanveer Singh,UT Yadav,0,0,,,,,,,,,
734043,2014,2014-05-27,Eden Gardens,2,19.5,Kings XI Punjab,Kolkata Knight Riders,MG Johnson,Karanveer Singh,UT Yadav,0,0,,,,,,,,,
734043,2014,2014-05-27,Eden Gardens,2,19.6,Kings XI Punjab,Kolkata Knight Riders,MG Johnson,Karanveer Singh,UT Yadav,0,0,,,,,,,,,
