match_id,season,start_date,venue,innings,ball,batting_team,bowling_team,striker,non_striker,bowler,runs_off_bat,extras,wides,noballs,byes,legbyes,penalty,wicket_type,player_dismissed,other_wicket_type,other_player_dismissed
734007,2014,2014-05-14,"Rajiv Gandhi International Stadium, Uppal",1,0.1,Sunrisers Hyderabad,Kings XI Punjab,AJ Finch,S Dhawan,Sandeep Sharma,4,0,,,,,,,,,
734007,2014,2014-05-14,"Rajiv Gandhi International Stadium, Uppal",1,0.2,Sunrisers Hyderabad,Kings XI Punjab,AJ Finch,S Dhawan,Sandeep Sharma,1,0,,,,,,,,,
734007,2014,2014-05-14,"Rajiv Gandhi International Stadium, Uppal",1,0.3,Sunrisers Hyderabad,Kings XI Punjab,S Dhawan,AJ Finch,Sandeep Sharma,0,0,,,,,,,,,
734007,2014,2014-05-14,"Rajiv Gandhi International Stadium, Uppal",1,0.4,Sunrisers Hyderabad,Kings XI Punjab,S Dhawan,AJ Finch,Sandeep Sharma,0,0,,,,,,,,,
734007,2014,2014-05-14,"Rajiv Gandhi International Stadium, Uppal",1,0.5,Sunrisers Hyderabad,Kings XI Punjab,S Dhawan,AJ Finch,Sandeep Sharma,0,0,,,,,,,,,
734007,2014,2014-05-14,"Rajiv Gandhi International Stadium, Uppal",1,0.6,Sunrisers Hyderabad,Kings XI Punjab,S Dhawan,AJ Finch,Sandeep Sharma,1,0,,,,,,,,,
734007,2014,2014-05-14,"Rajiv Gandhi International Stadium, Uppal",1,1.1,Sunrisers Hyderabad,Kings XI Punjab,S Dhawan,AJ Finch,MG Johnson,1,0,,,,,,,,,
734007,2014,2014-05-14,"Rajiv Gandhi International Stadium, Uppal",1,1.2,Sunrisers Hyderabad,Kings XI Punjab,AJ Finch,S Dhawan,MG Johnson,1,0,,,,,,,,,
734007,2014,2014-05-14,"Rajiv Gandhi International Stadium, Uppal",1,1.3,Sunrisers Hyderabad,Kings XI Punjab,S Dhawan,AJ Finch,MG Johnson,0,1,1,,,,,,,,
734007,2014,2014-05-14,"Rajiv Gandhi International Stadium, Uppal",1,1.4,Sunrisers Hyderabad,Kings XI Punjab,S Dhawan,AJ Finch,MG Johnson,0,0,,,,,,,,,
734007,2014,2014-05-14,"Rajiv Gandhi International Stadium, Uppal",1,1.5,Sunrisers Hyderabad,Kings XI Punjab,S Dhawan,AJ Finch,MG Johnson,0,0,,,,,,,,,
734007,2014,2014-05-14,"Rajiv Gandhi International Stadium, Uppal",1,1.6,Sunrisers Hyderabad,Kings XI Punjab,S Dhawan,AJ Finch,MG Johnson,0,0,,,,,,,,,
734007,2014,2014-05-14,"Rajiv Gandhi International Stadium, Uppal",1,1.7,Sunrisers Hyderabad,Kings XI Punjab,S Dhawan,AJ Finch,MG Johnson,1,0,,,,,,,,,
734007,2014,2014-05-14,"Rajiv Gandhi International Stadium, Uppal",1,2.1,Sunrisers Hyderabad,Kings XI Punjab,S Dhawan,AJ Finch,Sandeep Sharma,1,0,,,,,,,,,
734007,2014,2014-05-14,"Rajiv Gandhi International Stadium, Uppal",1,2.2,Sunrisers Hyderabad,Kings XI Punjab,AJ Finch,S Dhawan,Sandeep Sharma,4,0,,,,,,,,,
734007,2014,2014-05-14,"Rajiv Gandhi International Stadium, Uppal",1,2.3,Sunrisers Hyderabad,Kings XI Punjab,AJ Finch,S Dhawan,Sandeep Sharma,0,0,,,,,,,,,
734007,2014,2014-05-14,"Rajiv Gandhi International Stadium, Uppal",1,2.4,Sunrisers Hyderabad,Kings XI Punjab,AJ Finch,S Dhawan,Sandeep Sharma,1,0,,,,,,,,,
734007,2014,2014-05-14,"Rajiv Gandhi International Stadium, Uppal",1,2.5,Sunrisers Hyderabad,Kings XI Punjab,S Dhawan,AJ Finch,Sandeep Sharma,0,1,,,,1,,,,,
734007,2014,2014-05-14,"Rajiv Gandhi International Stadium, Uppal",1,2.6,Sunrisers Hyderabad,Kings XI Punjab,AJ Finch,S Dhawan,Sandeep Sharma,1,0,,,,,,,,,
734007,2014,2014-05-14,"Rajiv Gandhi International Stadium, Uppal",1,3.1,Sunrisers Hyderabad,Kings XI Punjab,AJ Finch,S Dhawan,MG Johnson,0,0,,,,,,,,,
734007,2014,2014-05-14,"Rajiv Gandhi International Stadium, Uppal",1,3.2,Sunrisers Hyderabad,Kings XI Punjab,AJ Finch,S Dhawan,MG Johnson,0,1,1,,,,,,,,
734007,2014,2014-05-14,"Rajiv Gandhi International Stadium, Uppal",1,3.3,Sunrisers Hyderabad,Kings XI Punjab,AJ Finch,S Dhawan,MG Johnson,0,0,,,,,,,,,
734007,2014,2014-05-14,"Rajiv Gandhi International Stadium, Uppal",1,3.4,Sunrisers Hyderabad,Kings XI Punjab,AJ Finch,S Dhawan,MG Johnson,2,0,,,,,,,,,
734007,2014,2014-05-14,"Rajiv Gandhi International Stadium, Uppal",1,3.5,Sunrisers Hyderabad,Kings XI Punjab,AJ Finch,S Dhawan,MG Johnson,0,0,,,,,,,,,
734007,2014,2014-05-14,"Rajiv Gandhi International Stadium, Uppal",1,3.6,Sunrisers Hyderabad,Kings XI Punjab,AJ Finch,S Dhawan,MG Johnson,0,1,1,,,,,,,,
734007,2014,2014-05-14,"Rajiv Gandhi International Stadium, Uppal",1,3.7,Sunrisers Hyderabad,Kings XI Punjab,AJ Finch,S Dhawan,MG Johnson,1,0,,,,,,,,,
734007,2014,2014-05-14,"Rajiv Gandhi International Stadium, Uppal",1,3.8,Sunrisers Hyderabad,Kings XI Punjab,S Dhawan,AJ Finch,MG Johnson,0,0,,,,,,,,,
734007,2014,2014-05-14,"Rajiv Gandhi International Stadium, Uppal",1,4.1,Sunrisers Hyderabad,Kings XI Punjab,AJ Finch,S Dhawan,Sandeep Sharma,1,1,,1,,,,,,,
734007,2014,2014-05-14,"Rajiv Gandhi International Stadium, Uppal",1,4.2,Sunrisers Hyderabad,Kings XI Punjab,S Dhawan,AJ Finch,Sandeep Sharma,4,1,,1,,,,,,,
734007,2014,2014-05-14,"Rajiv Gandhi International Stadium, Uppal",1,4.3,Sunrisers Hyderabad,Kings XI Punjab,S Dhawan,AJ Finch,Sandeep Sharma,0,0,,,,,,,,,
734007,2014,2014-05-14,"Rajiv Gandhi International Stadium, Uppal",1,4.4,Sunrisers Hyderabad,Kings XI Punjab,S Dhawan,AJ Finch,Sandeep Sharma,4,0,,,,,,,,,
734007,2014,2014-05-14,"Rajiv Gandhi International Stadium, Uppal",1,4.5,Sunrisers Hyderabad,Kings XI Punjab,S Dhawan,AJ Finch,Sandeep Sharma,6,0,,,,,,,,,
734007,2014,2014-05-14,"Rajiv Gandhi International Stadium, Uppal",1,4.6,Sunrisers Hyderabad,Kings XI Punjab,S Dhawan,AJ Finch,Sandeep Sharma,4,0,,,,,,,,,
734007,2014,2014-05-14,"Rajiv Gandhi International Stadium, Uppal",1,4.7,Sunrisers Hyderabad,Kings XI Punjab,S Dhawan,AJ Finch,Sandeep Sharma,4,0,,,,,,,,,
734007,2014,2014-05-14,"Rajiv Gandhi International Stadium, Uppal",1,4.8,Sunrisers Hyderabad,Kings XI Punjab,S Dhawan,AJ Finch,Sandeep Sharma,1,0,,,,,,,,,
734007,2014,2014-05-14,"Rajiv Gandhi International Stadium, Uppal",1,5.1,Sunrisers Hyderabad,Kings XI Punjab,S Dhawan,AJ Finch,MG Johnson,0,0,,,,,,,,,
734007,2014,2014-05-14,"Rajiv Gandhi International Stadium, Uppal",1,5.2,Sunrisers Hyderabad,Kings XI Punjab,S Dhawan,AJ Finch,MG Johnson,4,0,,,,,,,,,
734007,2014,2014-05-14,"Rajiv Gandhi International Stadium, Uppal",1,5.3,Sunrisers Hyderabad,Kings XI Punjab,S Dhawan,AJ Finch,MG Johnson,0,0,,,,,,,,,
734007,2014,2014-05-14,"Rajiv Gandhi International Stadium, Uppal",1,5.4,Sunrisers Hyderabad,Kings XI Punjab,S Dhawan,AJ Finch,MG Johnson,1,0,,,,,,,,,
734007,2014,2014-05-14,"Rajiv Gandhi International Stadium, Uppal",1,5.5,Sunrisers Hyderabad,Kings XI Punjab,AJ Finch,S Dhawan,MG Johnson,0,0,,,,,,,,,
734007,2014,2014-05-14,"Rajiv Gandhi International Stadium, Uppal",1,5.6,Sunrisers Hyderabad,Kings XI Punjab,AJ Finch,S Dhawan,MG Johnson,1,0,,,,,,,,,
734007,2014,2014-05-14,"Rajiv Gandhi International Stadium, Uppal",1,6.1,Sunrisers Hyderabad,Kings XI Punjab,AJ Finch,S Dhawan,Shivam Sharma,0,0,,,,,,,,,
734007,2014,2014-05-14,"Rajiv Gandhi International Stadium, Uppal",1,6.2,Sunrisers Hyderabad,Kings XI Punjab,AJ Finch,S Dhawan,Shivam Sharma,0,0,,,,,,,,,
734007,2014,2014-05-14,"Rajiv Gandhi International Stadium, Uppal",1,6.3,Sunrisers Hyderabad,Kings XI Punjab,AJ Finch,S Dhawan,Shivam Sharma,0,0,,,,,,,,,
734007,2014,2014-05-14,"Rajiv Gandhi International Stadium, Uppal",1,6.4,Sunrisers Hyderabad,Kings XI Punjab,AJ Finch,S Dhawan,Shivam Sharma,0,0,,,,,,,,,
734007,2014,2014-05-14,"Rajiv Gandhi International Stadium, Uppal",1,6.5,Sunrisers Hyderabad,Kings XI Punjab,AJ Finch,S Dhawan,Shivam Sharma,0,0,,,,,,,,,
734007,2014,2014-05-14,"Rajiv Gandhi International Stadium, Uppal",1,6.6,Sunrisers Hyderabad,Kings XI Punjab,AJ Finch,S Dhawan,Shivam Sharma,2,0,,,,,,,,,
734007,2014,2014-05-14,"Rajiv Gandhi International Stadium, Uppal",1,7.1,Sunrisers Hyderabad,Kings XI Punjab,S Dhawan,AJ Finch,AR Patel,0,0,,,,,,,,,
734007,2014,2014-05-14,"Rajiv Gandhi International Stadium, Uppal",1,7.2,Sunrisers Hyderabad,Kings XI Punjab,S Dhawan,AJ Finch,AR Patel,1,0,,,,,,,,,
734007,2014,2014-05-14,"Rajiv Gandhi International Stadium, Uppal",1,7.3,Sunrisers Hyderabad,Kings XI Punjab,AJ Finch,S Dhawan,AR Patel,1,0,,,,,,,,,
734007,2014,2014-05-14,"Rajiv Gandhi International Stadium, Uppal",1,7.4,Sunrisers Hyderabad,Kings XI Punjab,S Dhawan,AJ Finch,AR Patel,0,0,,,,,,,,,
734007,2014,2014-05-14,"Rajiv Gandhi International Stadium, Uppal",1,7.5,Sunrisers Hyderabad,Kings XI Punjab,S Dhawan,AJ Finch,AR Patel,6,0,,,,,,,,,
734007,2014,2014-05-14,"Rajiv Gandhi International Stadium, Uppal",1,7.6,Sunrisers Hyderabad,Kings XI Punjab,S Dhawan,AJ Finch,AR Patel,0,0,,,,,,,,,
734007,2014,2014-05-14,"Rajiv Gandhi International Stadium, Uppal",1,8.1,Sunrisers Hyderabad,Kings XI Punjab,AJ Finch,S Dhawan,Shivam Sharma,0,0,,,,,,bowled,AJ Finch,,
734007,2014,2014-05-14,"Rajiv Gandhi International Stadium, Uppal",1,8.2,Sunrisers Hyderabad,Kings XI Punjab,NV Ojha,S Dhawan,Shivam Sharma,0,0,,,,,,,,,
734007,2014,2014-05-14,"Rajiv Gandhi International Stadium, Uppal",1,8.3,Sunrisers Hyderabad,Kings XI Punjab,NV Ojha,S Dhawan,Shivam Sharma,0,0,,,,,,,,,
734007,2014,2014-05-14,"Rajiv Gandhi International Stadium, Uppal",1,8.4,Sunrisers Hyderabad,Kings XI Punjab,NV Ojha,S Dhawan,Shivam Sharma,1,0,,,,,,,,,
734007,2014,2014-05-14,"Rajiv Gandhi International Stadium, Uppal",1,8.5,Sunrisers Hyderabad,Kings XI Punjab,S Dhawan,NV Ojha,Shivam Sharma,0,0,,,,,,,,,
734007,2014,2014-05-14,"Rajiv Gandhi International Stadium, Uppal",1,8.6,Sunrisers Hyderabad,Kings XI Punjab,S Dhawan,NV Ojha,Shivam Sharma,1,0,,,,,,,,,
734007,2014,2014-05-14,"Rajiv Gandhi International Stadium, Uppal",1,9.1,Sunrisers Hyderabad,Kings XI Punjab,S Dhawan,NV Ojha,R Dhawan,1,0,,,,,,,,,
734007,2014,2014-05-14,"Rajiv Gandhi International Stadium, Uppal",1,9.2,Sunrisers Hyderabad,Kings XI Punjab,NV Ojha,S Dhawan,R Dhawan,1,0,,,,,,,,,
734007,2014,2014-05-14,"Rajiv Gandhi International Stadium, Uppal",1,9.3,Sunrisers Hyderabad,Kings XI Punjab,S Dhawan,NV Ojha,R Dhawan,1,0,,,,,,,,,
734007,2014,2014-05-14,"Rajiv Gandhi International Stadium, Uppal",1,9.4,Sunrisers Hyderabad,Kings XI Punjab,NV Ojha,S Dhawan,R Dhawan,0,0,,,,,,,,,
734007,2014,2014-05-14,"Rajiv Gandhi International Stadium, Uppal",1,9.5,Sunrisers Hyderabad,Kings XI Punjab,NV Ojha,S Dhawan,R Dhawan,1,0,,,,,,,,,
734007,2014,2014-05-14,"Rajiv Gandhi International Stadium, Uppal",1,9.6,Sunrisers Hyderabad,Kings XI Punjab,S Dhawan,NV Ojha,R Dhawan,1,0,,,,,,,,,
734007,2014,2014-05-14,"Rajiv Gandhi International Stadium, Uppal",1,10.1,Sunrisers Hyderabad,Kings XI Punjab,S Dhawan,NV Ojha,Shivam Sharma,1,0,,,,,,,,,
734007,2014,2014-05-14,"Rajiv Gandhi International Stadium, Uppal",1,10.2,Sunrisers Hyderabad,Kings XI Punjab,NV Ojha,S Dhawan,Shivam Sharma,6,0,,,,,,,,,
734007,2014,2014-05-14,"Rajiv Gandhi International Stadium, Uppal",1,10.3,Sunrisers Hyderabad,Kings XI Punjab,NV Ojha,S Dhawan,Shivam Sharma,2,0,,,,,,,,,
734007,2014,2014-05-14,"Rajiv Gandhi International Stadium, Uppal",1,10.4,Sunrisers Hyderabad,Kings XI Punjab,NV Ojha,S Dhawan,Shivam Sharma,1,0,,,,,,,,,
734007,2014,2014-05-14,"Rajiv Gandhi International Stadium, Uppal",1,10.5,Sunrisers Hyderabad,Kings XI Punjab,S Dhawan,NV Ojha,Shivam Sharma,0,0,,,,,,,,,
734007,2014,2014-05-14,"Rajiv Gandhi International Stadium, Uppal",1,10.6,Sunrisers Hyderabad,Kings XI Punjab,S Dhawan,NV Ojha,Shivam Sharma,1,0,,,,,,,,,
734007,2014,2014-05-14,"Rajiv Gandhi International Stadium, Uppal",1,11.1,Sunrisers Hyderabad,Kings XI Punjab,S Dhawan,NV Ojha,R Dhawan,0,5,5,,,,,,,,
734007,2014,2014-05-14,"Rajiv Gandhi International Stadium, Uppal",1,11.2,Sunrisers Hyderabad,Kings XI Punjab,S Dhawan,NV Ojha,R Dhawan,0,0,,,,,,caught,S Dhawan,,
734007,2014,2014-05-14,"Rajiv Gandhi International Stadium, Uppal",1,11.3,Sunrisers Hyderabad,Kings XI Punjab,DA Warner,NV Ojha,R Dhawan,1,0,,,,,,,,,
734007,2014,2014-05-14,"Rajiv Gandhi International Stadium, Uppal",1,11.4,Sunrisers Hyderabad,Kings XI Punjab,NV Ojha,DA Warner,R Dhawan,1,0,,,,,,,,,
734007,2014,2014-05-14,"Rajiv Gandhi International Stadium, Uppal",1,11.5,Sunrisers Hyderabad,Kings XI Punjab,DA Warner,NV Ojha,R Dhawan,0,0,,,,,,,,,
734007,2014,2014-05-14,"Rajiv Gandhi International Stadium, Uppal",1,11.6,Sunrisers Hyderabad,Kings XI Punjab,DA Warner,NV Ojha,R Dhawan,1,0,,,,,,,,,
734007,2014,2014-05-14,"Rajiv Gandhi International Stadium, Uppal",1,11.7,Sunrisers Hyderabad,Kings XI Punjab,NV Ojha,DA Warner,R Dhawan,1,0,,,,,,,,,
734007,2014,2014-05-14,"Rajiv Gandhi International Stadium, Uppal",1,12.1,Sunrisers Hyderabad,Kings XI Punjab,NV Ojha,DA Warner,Shivam Sharma,0,0,,,,,,,,,
734007,2014,2014-05-14,"Rajiv Gandhi International Stadium, Uppal",1,12.2,Sunrisers Hyderabad,Kings XI Punjab,NV Ojha,DA Warner,Shivam Sharma,1,0,,,,,,,,,
734007,2014,2014-05-14,"Rajiv Gandhi International Stadium, Uppal",1,12.3,Sunrisers Hyderabad,Kings XI Punjab,DA Warner,NV Ojha,Shivam Sharma,2,0,,,,,,,,,
734007,2014,2014-05-14,"Rajiv Gandhi International Stadium, Uppal",1,12.4,Sunrisers Hyderabad,Kings XI Punjab,DA Warner,NV Ojha,Shivam Sharma,1,0,,,,,,,,,
734007,2014,2014-05-14,"Rajiv Gandhi International Stadium, Uppal",1,12.5,Sunrisers Hyderabad,Kings XI Punjab,NV Ojha,DA Warner,Shivam Sharma,6,0,,,,,,,,,
734007,2014,2014-05-14,"Rajiv Gandhi International Stadium, Uppal",1,12.6,Sunrisers Hyderabad,Kings XI Punjab,NV Ojha,DA Warner,Shivam Sharma,6,0,,,,,,,,,
734007,2014,2014-05-14,"Rajiv Gandhi International Stadium, Uppal",1,13.1,Sunrisers Hyderabad,Kings XI Punjab,DA Warner,NV Ojha,AR Patel,0,0,,,,,,,,,
734007,2014,2014-05-14,"Rajiv Gandhi International Stadium, Uppal",1,13.2,Sunrisers Hyderabad,Kings XI Punjab,DA Warner,NV Ojha,AR Patel,0,0,,,,,,,,,
734007,2014,2014-05-14,"Rajiv Gandhi International Stadium, Uppal",1,13.3,Sunrisers Hyderabad,Kings XI Punjab,DA Warner,NV Ojha,AR Patel,1,0,,,,,,,,,
734007,2014,2014-05-14,"Rajiv Gandhi International Stadium, Uppal",1,13.4,Sunrisers Hyderabad,Kings XI Punjab,NV Ojha,DA Warner,AR Patel,1,0,,,,,,,,,
734007,2014,2014-05-14,"Rajiv Gandhi International Stadium, Uppal",1,13.5,Sunrisers Hyderabad,Kings XI Punjab,DA Warner,NV Ojha,AR Patel,0,0,,,,,,,,,
734007,2014,2014-05-14,"Rajiv Gandhi International Stadium, Uppal",1,13.6,Sunrisers Hyderabad,Kings XI Punjab,DA Warner,NV Ojha,AR Patel,1,0,,,,,,,,,
734007,2014,2014-05-14,"Rajiv Gandhi International Stadium, Uppal",1,14.1,Sunrisers Hyderabad,Kings XI Punjab,DA Warner,NV Ojha,R Dhawan,6,0,,,,,,,,,
734007,2014,2014-05-14,"Rajiv Gandhi International Stadium, Uppal",1,14.2,Sunrisers Hyderabad,Kings XI Punjab,DA Warner,NV Ojha,R Dhawan,1,0,,,,,,,,,
734007,2014,2014-05-14,"Rajiv Gandhi International Stadium, Uppal",1,14.3,Sunrisers Hyderabad,Kings XI Punjab,NV Ojha,DA Warner,R Dhawan,0,0,,,,,,,,,
734007,2014,2014-05-14,"Rajiv Gandhi International Stadium, Uppal",1,14.4,Sunrisers Hyderabad,Kings XI Punjab,NV Ojha,DA Warner,R Dhawan,6,0,,,,,,,,,
734007,2014,2014-05-14,"Rajiv Gandhi International Stadium, Uppal",1,14.5,Sunrisers Hyderabad,Kings XI Punjab,NV Ojha,DA Warner,R Dhawan,1,0,,,,,,,,,
734007,2014,2014-05-14,"Rajiv Gandhi International Stadium, Uppal",1,14.6,Sunrisers Hyderabad,Kings XI Punjab,DA Warner,NV Ojha,R Dhawan,2,0,,,,,,,,,
734007,2014,2014-05-14,"Rajiv Gandhi International Stadium, Uppal",1,15.1,Sunrisers Hyderabad,Kings XI Punjab,NV Ojha,DA Warner,AR Patel,1,0,,,,,,,,,
734007,2014,2014-05-14,"Rajiv Gandhi International Stadium, Uppal",1,15.2,Sunrisers Hyderabad,Kings XI Punjab,DA Warner,NV Ojha,AR Patel,1,0,,,,,,,,,
734007,2014,2014-05-14,"Rajiv Gandhi International Stadium, Uppal",1,15.3,Sunrisers Hyderabad,Kings XI Punjab,NV Ojha,DA Warner,AR Patel,0,0,,,,,,,,,
734007,2014,2014-05-14,"Rajiv Gandhi International Stadium, Uppal",1,15.4,Sunrisers Hyderabad,Kings XI Punjab,NV Ojha,DA Warner,AR Patel,4,0,,,,,,,,,
734007,2014,2014-05-14,"Rajiv Gandhi International Stadium, Uppal",1,15.5,Sunrisers Hyderabad,Kings XI Punjab,NV Ojha,DA Warner,AR Patel,4,0,,,,,,,,,
734007,2014,2014-05-14,"Rajiv Gandhi International Stadium, Uppal",1,15.6,Sunrisers Hyderabad,Kings XI Punjab,NV Ojha,DA Warner,AR Patel,1,0,,,,,,,,,
734007,2014,2014-05-14,"Rajiv Gandhi International Stadium, Uppal",1,16.1,Sunrisers Hyderabad,Kings XI Punjab,NV Ojha,DA Warner,MG Johnson,1,0,,,,,,,,,
734007,2014,2014-05-14,"Rajiv Gandhi International Stadium, Uppal",1,16.2,Sunrisers Hyderabad,Kings XI Punjab,DA Warner,NV Ojha,MG Johnson,4,0,,,,,,,,,
734007,2014,2014-05-14,"Rajiv Gandhi International Stadium, Uppal",1,16.3,Sunrisers Hyderabad,Kings XI Punjab,DA Warner,NV Ojha,MG Johnson,0,0,,,,,,,,,
734007,2014,2014-05-14,"Rajiv Gandhi International Stadium, Uppal",1,16.4,Sunrisers Hyderabad,Kings XI Punjab,DA Warner,NV Ojha,MG Johnson,4,0,,,,,,,,,
734007,2014,2014-05-14,"Rajiv Gandhi International Stadium, Uppal",1,16.5,Sunrisers Hyderabad,Kings XI Punjab,DA Warner,NV Ojha,MG Johnson,1,0,,,,,,,,,
734007,2014,2014-05-14,"Rajiv Gandhi International Stadium, Uppal",1,16.6,Sunrisers Hyderabad,Kings XI Punjab,NV Ojha,DA Warner,MG Johnson,1,0,,,,,,,,,
734007,2014,2014-05-14,"Rajiv Gandhi International Stadium, Uppal",1,17.1,Sunrisers Hyderabad,Kings XI Punjab,NV Ojha,DA Warner,AR Patel,0,0,,,,,,,,,
734007,2014,2014-05-14,"Rajiv Gandhi International Stadium, Uppal",1,17.2,Sunrisers Hyderabad,Kings XI Punjab,NV Ojha,DA Warner,AR Patel,1,0,,,,,,,,,
734007,2014,2014-05-14,"Rajiv Gandhi International Stadium, Uppal",1,17.3,Sunrisers Hyderabad,Kings XI Punjab,DA Warner,NV Ojha,AR Patel,6,0,,,,,,,,,
734007,2014,2014-05-14,"Rajiv Gandhi International Stadium, Uppal",1,17.4,Sunrisers Hyderabad,Kings XI Punjab,DA Warner,NV Ojha,AR Patel,4,0,,,,,,,,,
734007,2014,2014-05-14,"Rajiv Gandhi International Stadium, Uppal",1,17.5,Sunrisers Hyderabad,Kings XI Punjab,DA Warner,NV Ojha,AR Patel,6,0,,,,,,,,,
734007,2014,2014-05-14,"Rajiv Gandhi International Stadium, Uppal",1,17.6,Sunrisers Hyderabad,Kings XI Punjab,DA Warner,NV Ojha,AR Patel,1,0,,,,,,,,,
734007,2014,2014-05-14,"Rajiv Gandhi International Stadium, Uppal",1,18.1,Sunrisers Hyderabad,Kings XI Punjab,DA Warner,NV Ojha,Sandeep Sharma,0,1,1,,,,,,,,
734007,2014,2014-05-14,"Rajiv Gandhi International Stadium, Uppal",1,18.2,Sunrisers Hyderabad,Kings XI Punjab,DA Warner,NV Ojha,Sandeep Sharma,1,0,,,,,,run out,DA Warner,,
734007,2014,2014-05-14,"Rajiv Gandhi International Stadium, Uppal",1,18.3,Sunrisers Hyderabad,Kings XI Punjab,NV Ojha,MC Henriques,Sandeep Sharma,4,0,,,,,,,,,
734007,2014,2014-05-14,"Rajiv Gandhi International Stadium, Uppal",1,18.4,Sunrisers Hyderabad,Kings XI Punjab,NV Ojha,MC Henriques,Sandeep Sharma,6,1,,1,,,,,,,
734007,2014,2014-05-14,"Rajiv Gandhi International Stadium, Uppal",1,18.5,Sunrisers Hyderabad,Kings XI Punjab,NV Ojha,MC Henriques,Sandeep Sharma,3,0,,,,,,,,,
734007,2014,2014-05-14,"Rajiv Gandhi International Stadium, Uppal",1,18.6,Sunrisers Hyderabad,Kings XI Punjab,MC Henriques,NV Ojha,Sandeep Sharma,0,0,,,,,,caught,MC Henriques,,
734007,2014,2014-05-14,"Rajiv Gandhi International Stadium, Uppal",1,18.7,Sunrisers Hyderabad,Kings XI Punjab,NV Ojha,IK Pathan,Sandeep Sharma,4,0,,,,,,,,,
734007,2014,2014-05-14,"Rajiv Gandhi International Stadium, Uppal",1,18.8,Sunrisers Hyderabad,Kings XI Punjab,NV Ojha,IK Pathan,Sandeep Sharma,6,0,,,,,,,,,
734007,2014,2014-05-14,"Rajiv Gandhi International Stadium, Uppal",1,19.1,Sunrisers Hyderabad,Kings XI Punjab,IK Pathan,NV Ojha,R Dhawan,1,0,,,,,,,,,
734007,2014,2014-05-14,"Rajiv Gandhi International Stadium, Uppal",1,19.2,Sunrisers Hyderabad,Kings XI Punjab,NV Ojha,IK Pathan,R Dhawan,0,2,2,,,,,,,,
734007,2014,2014-05-14,"Rajiv Gandhi International Stadium, Uppal",1,19.3,Sunrisers Hyderabad,Kings XI Punjab,IK Pathan,NV Ojha,R Dhawan,0,0,,,,,,caught,IK Pathan,,
734007,2014,2014-05-14,"Rajiv Gandhi International Stadium, Uppal",1,19.4,Sunrisers Hyderabad,Kings XI Punjab,NV Ojha,KV Sharma,R Dhawan,1,0,,,,,,,,,
734007,2014,2014-05-14,"Rajiv Gandhi International Stadium, Uppal",1,19.5,Sunrisers Hyderabad,Kings XI Punjab,KV Sharma,NV Ojha,R Dhawan,1,0,,,,,,,,,
734007,2014,2014-05-14,"Rajiv Gandhi International Stadium, Uppal",1,19.6,Sunrisers Hyderabad,Kings XI Punjab,NV Ojha,KV Sharma,R Dhawan,6,0,,,,,,,,,
734007,2014,2014-05-14,"Rajiv Gandhi International Stadium, Uppal",1,19.7,Sunrisers Hyderabad,Kings XI Punjab,NV Ojha,KV Sharma,R Dhawan,1,0,,,,,,,,,
734007,2014,2014-05-14,"Rajiv Gandhi International Stadium, Uppal",2,0.1,Kings XI Punjab,Sunrisers Hyderabad,V Sehwag,M Vohra,B Kumar,4,0,,,,,,,,,
734007,2014,2014-05-14,"Rajiv Gandhi International Stadium, Uppal",2,0.2,Kings XI Punjab,Sunrisers Hyderabad,V Sehwag,M Vohra,B Kumar,0,0,,,,,,caught and bowled,V Sehwag,,
734007,2014,2014-05-14,"Rajiv Gandhi International Stadium, Uppal",2,0.3,Kings XI Punjab,Sunrisers Hyderabad,WP Saha,M Vohra,B Kumar,0,0,,,,,,,,,
734007,2014,2014-05-14,"Rajiv Gandhi International Stadium, Uppal",2,0.4,Kings XI Punjab,Sunrisers Hyderabad,WP Saha,M Vohra,B Kumar,0,0,,,,,,,,,
734007,2014,2014-05-14,"Rajiv Gandhi International Stadium, Uppal",2,0.5,Kings XI Punjab,Sunrisers Hyderabad,WP Saha,M Vohra,B Kumar,0,0,,,,,,,,,
734007,2014,2014-05-14,"Rajiv Gandhi International Stadium, Uppal",2,0.6,Kings XI Punjab,Sunrisers Hyderabad,WP Saha,M Vohra,B Kumar,4,0,,,,,,,,,
734007,2014,2014-05-14,"Rajiv Gandhi International Stadium, Uppal",2,1.1,Kings XI Punjab,Sunrisers Hyderabad,M Vohra,WP Saha,DW Steyn,0,0,,,,,,,,,
734007,2014,2014-05-14,"Rajiv Gandhi International Stadium, Uppal",2,1.2,Kings XI Punjab,Sunrisers Hyderabad,M Vohra,WP Saha,DW Steyn,3,0,,,,,,,,,
734007,2014,2014-05-14,"Rajiv Gandhi International Stadium, Uppal",2,1.3,Kings XI Punjab,Sunrisers Hyderabad,WP Saha,M Vohra,DW Steyn,2,0,,,,,,,,,
734007,2014,2014-05-14,"Rajiv Gandhi International Stadium, Uppal",2,1.4,Kings XI Punjab,Sunrisers Hyderabad,WP Saha,M Vohra,DW Steyn,4,0,,,,,,,,,
734007,2014,2014-05-14,"Rajiv Gandhi International Stadium, Uppal",2,1.5,Kings XI Punjab,Sunrisers Hyderabad,WP Saha,M Vohra,DW Steyn,0,1,,,,1,,,,,
734007,2014,2014-05-14,"Rajiv Gandhi International Stadium, Uppal",2,1.6,Kings XI Punjab,Sunrisers Hyderabad,M Vohra,WP Saha,DW Steyn,6,0,,,,,,,,,
734007,2014,2014-05-14,"Rajiv Gandhi International Stadium, Uppal",2,2.1,Kings XI Punjab,Sunrisers Hyderabad,WP Saha,M Vohra,B Kumar,2,0,,,,,,,,,
734007,2014,2014-05-14,"Rajiv Gandhi International Stadium, Uppal",2,2.2,Kings XI Punjab,Sunrisers Hyderabad,WP Saha,M Vohra,B Kumar,4,0,,,,,,,,,
734007,2014,2014-05-14,"Rajiv Gandhi International Stadium, Uppal",2,2.3,Kings XI Punjab,Sunrisers Hyderabad,WP Saha,M Vohra,B Kumar,0,0,,,,,,,,,
734007,2014,2014-05-14,"Rajiv Gandhi International Stadium, Uppal",2,2.4,Kings XI Punjab,Sunrisers Hyderabad,WP Saha,M Vohra,B Kumar,4,0,,,,,,,,,
734007,2014,2014-05-14,"Rajiv Gandhi International Stadium, Uppal",2,2.5,Kings XI Punjab,Sunrisers Hyderabad,WP Saha,M Vohra,B Kumar,4,0,,,,,,,,,
734007,2014,2014-05-14,"Rajiv Gandhi International Stadium, Uppal",2,2.6,Kings XI Punjab,Sunrisers Hyderabad,WP Saha,M Vohra,B Kumar,1,0,,,,,,,,,
734007,2014,2014-05-14,"Rajiv Gandhi International Stadium, Uppal",2,3.1,Kings XI Punjab,Sunrisers Hyderabad,WP Saha,M Vohra,MC Henriques,0,0,,,,,,,,,
734007,2014,2014-05-14,"Rajiv Gandhi International Stadium, Uppal",2,3.2,Kings XI Punjab,Sunrisers Hyderabad,WP Saha,M Vohra,MC Henriques,6,0,,,,,,,,,
734007,2014,2014-05-14,"Rajiv Gandhi International Stadium, Uppal",2,3.3,Kings XI Punjab,Sunrisers Hyderabad,WP Saha,M Vohra,MC Henriques,1,0,,,,,,,,,
734007,2014,2014-05-14,"Rajiv Gandhi International Stadium, Uppal",2,3.4,Kings XI Punjab,Sunrisers Hyderabad,M Vohra,WP Saha,MC Henriques,4,0,,,,,,,,,
734007,2014,2014-05-14,"Rajiv Gandhi International Stadium, Uppal",2,3.5,Kings XI Punjab,Sunrisers Hyderabad,M Vohra,WP Saha,MC Henriques,4,0,,,,,,,,,
734007,2014,2014-05-14,"Rajiv Gandhi International Stadium, Uppal",2,3.6,Kings XI Punjab,Sunrisers Hyderabad,M Vohra,WP Saha,MC Henriques,1,0,,,,,,,,,
734007,2014,2014-05-14,"Rajiv Gandhi International Stadium, Uppal",2,4.1,Kings XI Punjab,Sunrisers Hyderabad,M Vohra,WP Saha,KV Sharma,1,0,,,,,,,,,
734007,2014,2014-05-14,"Rajiv Gandhi International Stadium, Uppal",2,4.2,Kings XI Punjab,Sunrisers Hyderabad,WP Saha,M Vohra,KV Sharma,0,0,,,,,,,,,
734007,2014,2014-05-14,"Rajiv Gandhi International Stadium, Uppal",2,4.3,Kings XI Punjab,Sunrisers Hyderabad,WP Saha,M Vohra,KV Sharma,1,0,,,,,,,,,
734007,2014,2014-05-14,"Rajiv Gandhi International Stadium, Uppal",2,4.4,Kings XI Punjab,Sunrisers Hyderabad,M Vohra,WP Saha,KV Sharma,1,0,,,,,,,,,
734007,2014,2014-05-14,"Rajiv Gandhi International Stadium, Uppal",2,4.5,Kings XI Punjab,Sunrisers Hyderabad,WP Saha,M Vohra,KV Sharma,4,0,,,,,,,,,
734007,2014,2014-05-14,"Rajiv Gandhi International Stadium, Uppal",2,4.6,Kings XI Punjab,Sunrisers Hyderabad,WP Saha,M Vohra,KV Sharma,4,0,,,,,,,,,
734007,2014,2014-05-14,"Rajiv Gandhi International Stadium, Uppal",2,5.1,Kings XI Punjab,Sunrisers Hyderabad,M Vohra,WP Saha,MC Henriques,4,0,,,,,,,,,
734007,2014,2014-05-14,"Rajiv Gandhi International Stadium, Uppal",2,5.2,Kings XI Punjab,Sunrisers Hyderabad,M Vohra,WP Saha,MC Henriques,4,0,,,,,,,,,
734007,2014,2014-05-14,"Rajiv Gandhi International Stadium, Uppal",2,5.3,Kings XI Punjab,Sunrisers Hyderabad,M Vohra,WP Saha,MC Henriques,1,0,,,,,,,,,
734007,2014,2014-05-14,"Rajiv Gandhi International Stadium, Uppal",2,5.4,Kings XI Punjab,Sunrisers Hyderabad,WP Saha,M Vohra,MC Henriques,6,0,,,,,,,,,
734007,2014,2014-05-14,"Rajiv Gandhi International Stadium, Uppal",2,5.5,Kings XI Punjab,Sunrisers Hyderabad,WP Saha,M Vohra,MC Henriques,4,0,,,,,,,,,
734007,2014,2014-05-14,"Rajiv Gandhi International Stadium, Uppal",2,5.6,Kings XI Punjab,Sunrisers Hyderabad,WP Saha,M Vohra,MC Henriques,1,0,,,,,,,,,
734007,2014,2014-05-14,"Rajiv Gandhi International Stadium, Uppal",2,6.1,Kings XI Punjab,Sunrisers Hyderabad,WP Saha,M Vohra,A Mishra,1,0,,,,,,,,,
734007,2014,2014-05-14,"Rajiv Gandhi International Stadium, Uppal",2,6.2,Kings XI Punjab,Sunrisers Hyderabad,M Vohra,WP Saha,A Mishra,1,0,,,,,,,,,
734007,2014,2014-05-14,"Rajiv Gandhi International Stadium, Uppal",2,6.3,Kings XI Punjab,Sunrisers Hyderabad,WP Saha,M Vohra,A Mishra,1,0,,,,,,,,,
734007,2014,2014-05-14,"Rajiv Gandhi International Stadium, Uppal",2,6.4,Kings XI Punjab,Sunrisers Hyderabad,M Vohra,WP Saha,A Mishra,0,0,,,,,,,,,
734007,2014,2014-05-14,"Rajiv Gandhi International Stadium, Uppal",2,6.5,Kings XI Punjab,Sunrisers Hyderabad,M Vohra,WP Saha,A Mishra,2,0,,,,,,,,,
734007,2014,2014-05-14,"Rajiv Gandhi International Stadium, Uppal",2,6.6,Kings XI Punjab,Sunrisers Hyderabad,M Vohra,WP Saha,A Mishra,4,0,,,,,,,,,
734007,2014,2014-05-14,"Rajiv Gandhi International Stadium, Uppal",2,7.1,Kings XI Punjab,Sunrisers Hyderabad,WP Saha,M Vohra,KV Sharma,0,0,,,,,,stumped,WP Saha,,
734007,2014,2014-05-14,"Rajiv Gandhi International Stadium, Uppal",2,7.2,Kings XI Punjab,Sunrisers Hyderabad,GJ Maxwell,M Vohra,KV Sharma,0,0,,,,,,,,,
734007,2014,2014-05-14,"Rajiv Gandhi International Stadium, Uppal",2,7.3,Kings XI Punjab,Sunrisers Hyderabad,GJ Maxwell,M Vohra,KV Sharma,6,0,,,,,,,,,
734007,2014,2014-05-14,"Rajiv Gandhi International Stadium, Uppal",2,7.4,Kings XI Punjab,Sunrisers Hyderabad,GJ Maxwell,M Vohra,KV Sharma,6,0,,,,,,,,,
734007,2014,2014-05-14,"Rajiv Gandhi International Stadium, Uppal",2,7.5,Kings XI Punjab,Sunrisers Hyderabad,GJ Maxwell,M Vohra,KV Sharma,0,0,,,,,,,,,
734007,2014,2014-05-14,"Rajiv Gandhi International Stadium, Uppal",2,7.6,Kings XI Punjab,Sunrisers Hyderabad,GJ Maxwell,M Vohra,KV Sharma,6,0,,,,,,,,,
734007,2014,2014-05-14,"Rajiv Gandhi International Stadium, Uppal",2,8.1,Kings XI Punjab,Sunrisers Hyderabad,M Vohra,GJ Maxwell,DW Steyn,2,0,,,,,,,,,
734007,2014,2014-05-14,"Rajiv Gandhi International Stadium, Uppal",2,8.2,Kings XI Punjab,Sunrisers Hyderabad,M Vohra,GJ Maxwell,DW Steyn,0,0,,,,,,,,,
734007,2014,2014-05-14,"Rajiv Gandhi International Stadium, Uppal",2,8.3,Kings XI Punjab,Sunrisers Hyderabad,M Vohra,GJ Maxwell,DW Steyn,2,0,,,,,,,,,
734007,2014,2014-05-14,"Rajiv Gandhi International Stadium, Uppal",2,8.4,Kings XI Punjab,Sunrisers Hyderabad,M Vohra,GJ Maxwell,DW Steyn,6,0,,,,,,,,,
734007,2014,2014-05-14,"Rajiv Gandhi International Stadium, Uppal",2,8.5,Kings XI Punjab,Sunrisers Hyderabad,M Vohra,GJ Maxwell,DW Steyn,1,0,,,,,,,,,
734007,2014,2014-05-14,"Rajiv Gandhi International Stadium, Uppal",2,8.6,Kings XI Punjab,Sunrisers Hyderabad,GJ Maxwell,M Vohra,DW Steyn,0,1,,,,1,,,,,
734007,2014,2014-05-14,"Rajiv Gandhi International Stadium, Uppal",2,9.1,Kings XI Punjab,Sunrisers Hyderabad,GJ Maxwell,M Vohra,B Kumar,0,0,,,,,,run out,M Vohra,,
734007,2014,2014-05-14,"Rajiv Gandhi International Stadium, Uppal",2,9.2,Kings XI Punjab,Sunrisers Hyderabad,GJ Maxwell,DA Miller,B Kumar,1,0,,,,,,,,,
734007,2014,2014-05-14,"Rajiv Gandhi International Stadium, Uppal",2,9.3,Kings XI Punjab,Sunrisers Hyderabad,DA Miller,GJ Maxwell,B Kumar,0,0,,,,,,,,,
734007,2014,2014-05-14,"Rajiv Gandhi International Stadium, Uppal",2,9.4,Kings XI Punjab,Sunrisers Hyderabad,DA Miller,GJ Maxwell,B Kumar,1,0,,,,,,,,,
734007,2014,2014-05-14,"Rajiv Gandhi International Stadium, Uppal",2,9.5,Kings XI Punjab,Sunrisers Hyderabad,GJ Maxwell,DA Miller,B Kumar,0,0,,,,,,,,,
734007,2014,2014-05-14,"Rajiv Gandhi International Stadium, Uppal",2,9.6,Kings XI Punjab,Sunrisers Hyderabad,GJ Maxwell,DA Miller,B Kumar,4,0,,,,,,,,,
734007,2014,2014-05-14,"Rajiv Gandhi International Stadium, Uppal",2,10.1,Kings XI Punjab,Sunrisers Hyderabad,DA Miller,GJ Maxwell,A Mishra,1,0,,,,,,,,,
734007,2014,2014-05-14,"Rajiv Gandhi International Stadium, Uppal",2,10.2,Kings XI Punjab,Sunrisers Hyderabad,GJ Maxwell,DA Miller,A Mishra,0,1,,1,,,,,,,
734007,2014,2014-05-14,"Rajiv Gandhi International Stadium, Uppal",2,10.3,Kings XI Punjab,Sunrisers Hyderabad,DA Miller,GJ Maxwell,A Mishra,2,0,,,,,,,,,
734007,2014,2014-05-14,"Rajiv Gandhi International Stadium, Uppal",2,10.4,Kings XI Punjab,Sunrisers Hyderabad,DA Miller,GJ Maxwell,A Mishra,1,0,,,,,,,,,
734007,2014,2014-05-14,"Rajiv Gandhi International Stadium, Uppal",2,10.5,Kings XI Punjab,Sunrisers Hyderabad,GJ Maxwell,DA Miller,A Mishra,4,0,,,,,,,,,
734007,2014,2014-05-14,"Rajiv Gandhi International Stadium, Uppal",2,10.6,Kings XI Punjab,Sunrisers Hyderabad,GJ Maxwell,DA Miller,A Mishra,0,0,,,,,,,,,
734007,2014,2014-05-14,"Rajiv Gandhi International Stadium, Uppal",2,10.7,Kings XI Punjab,Sunrisers Hyderabad,GJ Maxwell,DA Miller,A Mishra,1,0,,,,,,,,,
734007,2014,2014-05-14,"Rajiv Gandhi International Stadium, Uppal",2,11.1,Kings XI Punjab,Sunrisers Hyderabad,GJ Maxwell,DA Miller,KV Sharma,1,0,,,,,,,,,
734007,2014,2014-05-14,"Rajiv Gandhi International Stadium, Uppal",2,11.2,Kings XI Punjab,Sunrisers Hyderabad,DA Miller,GJ Maxwell,KV Sharma,1,0,,,,,,,,,
734007,2014,2014-05-14,"Rajiv Gandhi International Stadium, Uppal",2,11.3,Kings XI Punjab,Sunrisers Hyderabad,GJ Maxwell,DA Miller,KV Sharma,6,0,,,,,,,,,
734007,2014,2014-05-14,"Rajiv Gandhi International Stadium, Uppal",2,11.4,Kings XI Punjab,Sunrisers Hyderabad,GJ Maxwell,DA Miller,KV Sharma,6,0,,,,,,,,,
734007,2014,2014-05-14,"Rajiv Gandhi International Stadium, Uppal",2,11.5,Kings XI Punjab,Sunrisers Hyderabad,GJ Maxwell,DA Miller,KV Sharma,0,0,,,,,,,,,
734007,2014,2014-05-14,"Rajiv Gandhi International Stadium, Uppal",2,11.6,Kings XI Punjab,Sunrisers Hyderabad,GJ Maxwell,DA Miller,KV Sharma,1,0,,,,,,,,,
734007,2014,2014-05-14,"Rajiv Gandhi International Stadium, Uppal",2,12.1,Kings XI Punjab,Sunrisers Hyderabad,GJ Maxwell,DA Miller,DW Steyn,0,0,,,,,,,,,
734007,2014,2014-05-14,"Rajiv Gandhi International Stadium, Uppal",2,12.2,Kings XI Punjab,Sunrisers Hyderabad,GJ Maxwell,DA Miller,DW Steyn,1,0,,,,,,,,,
734007,2014,2014-05-14,"Rajiv Gandhi International Stadium, Uppal",2,12.3,Kings XI Punjab,Sunrisers Hyderabad,DA Miller,GJ Maxwell,DW Steyn,0,0,,,,,,,,,
734007,2014,2014-05-14,"Rajiv Gandhi International Stadium, Uppal",2,12.4,Kings XI Punjab,Sunrisers Hyderabad,DA Miller,GJ Maxwell,DW Steyn,2,0,,,,,,,,,
734007,2014,2014-05-14,"Rajiv Gandhi International Stadium, Uppal",2,12.5,Kings XI Punjab,Sunrisers Hyderabad,DA Miller,GJ Maxwell,DW Steyn,0,0,,,,,,,,,
734007,2014,2014-05-14,"Rajiv Gandhi International Stadium, Uppal",2,12.6,Kings XI Punjab,Sunrisers Hyderabad,DA Miller,GJ Maxwell,DW Steyn,0,0,,,,,,,,,
734007,2014,2014-05-14,"Rajiv Gandhi International Stadium, Uppal",2,13.1,Kings XI Punjab,Sunrisers Hyderabad,GJ Maxwell,DA Miller,A Mishra,0,0,,,,,,caught,GJ Maxwell,,
734007,2014,2014-05-14,"Rajiv Gandhi International Stadium, Uppal",2,13.2,Kings XI Punjab,Sunrisers Hyderabad,DA Miller,GJ Bailey,A Mishra,0,0,,,,,,,,,
734007,2014,2014-05-14,"Rajiv Gandhi International Stadium, Uppal",2,13.3,Kings XI Punjab,Sunrisers Hyderabad,DA Miller,GJ Bailey,A Mishra,4,0,,,,,,,,,
734007,2014,2014-05-14,"Rajiv Gandhi International Stadium, Uppal",2,13.4,Kings XI Punjab,Sunrisers Hyderabad,DA Miller,GJ Bailey,A Mishra,1,0,,,,,,,,,
734007,2014,2014-05-14,"Rajiv Gandhi International Stadium, Uppal",2,13.5,Kings XI Punjab,Sunrisers Hyderabad,GJ Bailey,DA Miller,A Mishra,1,0,,,,,,,,,
734007,2014,2014-05-14,"Rajiv Gandhi International Stadium, Uppal",2,13.6,Kings XI Punjab,Sunrisers Hyderabad,DA Miller,GJ Bailey,A Mishra,1,0,,,,,,,,,
734007,2014,2014-05-14,"Rajiv Gandhi International Stadium, Uppal",2,14.1,Kings XI Punjab,Sunrisers Hyderabad,DA Miller,GJ Bailey,KV Sharma,0,1,,,,1,,,,,
734007,2014,2014-05-14,"Rajiv Gandhi International Stadium, Uppal",2,14.2,Kings XI Punjab,Sunrisers Hyderabad,GJ Bailey,DA Miller,KV Sharma,0,0,,,,,,,,,
734007,2014,2014-05-14,"Rajiv Gandhi International Stadium, Uppal",2,14.3,Kings XI Punjab,Sunrisers Hyderabad,GJ Bailey,DA Miller,KV Sharma,0,0,,,,,,,,,
734007,2014,2014-05-14,"Rajiv Gandhi International Stadium, Uppal",2,14.4,Kings XI Punjab,Sunrisers Hyderabad,GJ Bailey,DA Miller,KV Sharma,0,0,,,,,,,,,
734007,2014,2014-05-14,"Rajiv Gandhi International Stadium, Uppal",2,14.5,Kings XI Punjab,Sunrisers Hyderabad,GJ Bailey,DA Miller,KV Sharma,1,0,,,,,,,,,
734007,2014,2014-05-14,"Rajiv Gandhi International Stadium, Uppal",2,14.6,Kings XI Punjab,Sunrisers Hyderabad,DA Miller,GJ Bailey,KV Sharma,1,0,,,,,,,,,
734007,2014,2014-05-14,"Rajiv Gandhi International Stadium, Uppal",2,15.1,Kings XI Punjab,Sunrisers Hyderabad,DA Miller,GJ Bailey,A Mishra,0,0,,,,,,,,,
734007,2014,2014-05-14,"Rajiv Gandhi International Stadium, Uppal",2,15.2,Kings XI Punjab,Sunrisers Hyderabad,DA Miller,GJ Bailey,A Mishra,1,0,,,,,,,,,
734007,2014,2014-05-14,"Rajiv Gandhi International Stadium, Uppal",2,15.3,Kings XI Punjab,Sunrisers Hyderabad,GJ Bailey,DA Miller,A Mishra,0,0,,,,,,,,,
734007,2014,2014-05-14,"Rajiv Gandhi International Stadium, Uppal",2,15.4,Kings XI Punjab,Sunrisers Hyderabad,GJ Bailey,DA Miller,A Mishra,2,0,,,,,,,,,
734007,2014,2014-05-14,"Rajiv Gandhi International Stadium, Uppal",2,15.5,Kings XI Punjab,Sunrisers Hyderabad,GJ Bailey,DA Miller,A Mishra,1,0,,,,,,,,,
734007,2014,2014-05-14,"Rajiv Gandhi International Stadium, Uppal",2,15.6,Kings XI Punjab,Sunrisers Hyderabad,DA Miller,GJ Bailey,A Mishra,2,0,,,,,,,,,
734007,2014,2014-05-14,"Rajiv Gandhi International Stadium, Uppal",2,16.1,Kings XI Punjab,Sunrisers Hyderabad,GJ Bailey,DA Miller,IK Pathan,1,0,,,,,,,,,
734007,2014,2014-05-14,"Rajiv Gandhi International Stadium, Uppal",2,16.2,Kings XI Punjab,Sunrisers Hyderabad,DA Miller,GJ Bailey,IK Pathan,1,0,,,,,,,,,
734007,2014,2014-05-14,"Rajiv Gandhi International Stadium, Uppal",2,16.3,Kings XI Punjab,Sunrisers Hyderabad,GJ Bailey,DA Miller,IK Pathan,0,0,,,,,,,,,
734007,2014,2014-05-14,"Rajiv Gandhi International Stadium, Uppal",2,16.4,Kings XI Punjab,Sunrisers Hyderabad,GJ Bailey,DA Miller,IK Pathan,0,0,,,,,,,,,
734007,2014,2014-05-14,"Rajiv Gandhi International Stadium, Uppal",2,16.5,Kings XI Punjab,Sunrisers Hyderabad,GJ Bailey,DA Miller,IK Pathan,1,0,,,,,,,,,
734007,2014,2014-05-14,"Rajiv Gandhi International Stadium, Uppal",2,16.6,Kings XI Punjab,Sunrisers Hyderabad,DA Miller,GJ Bailey,IK Pathan,2,0,,,,,,,,,
734007,2014,2014-05-14,"Rajiv Gandhi International Stadium, Uppal",2,17.1,Kings XI Punjab,Sunrisers Hyderabad,GJ Bailey,DA Miller,DW Steyn,1,0,,,,,,,,,
734007,2014,2014-05-14,"Rajiv Gandhi International Stadium, Uppal",2,17.2,Kings XI Punjab,Sunrisers Hyderabad,DA Miller,GJ Bailey,DW Steyn,1,0,,,,,,,,,
734007,2014,2014-05-14,"Rajiv Gandhi International Stadium, Uppal",2,17.3,Kings XI Punjab,Sunrisers Hyderabad,GJ Bailey,DA Miller,DW Steyn,6,0,,,,,,,,,
734007,2014,2014-05-14,"Rajiv Gandhi International Stadium, Uppal",2,17.4,Kings XI Punjab,Sunrisers Hyderabad,GJ Bailey,DA Miller,DW Steyn,4,0,,,,,,,,,
734007,2014,2014-05-14,"Rajiv Gandhi International Stadium, Uppal",2,17.5,Kings XI Punjab,Sunrisers Hyderabad,GJ Bailey,DA Miller,DW Steyn,4,0,,,,,,,,,
734007,2014,2014-05-14,"Rajiv Gandhi International Stadium, Uppal",2,17.6,Kings XI Punjab,Sunrisers Hyderabad,GJ Bailey,DA Miller,DW Steyn,6,0,,,,,,,,,
734007,2014,2014-05-14,"Rajiv Gandhi International Stadium, Uppal",2,18.1,Kings XI Punjab,Sunrisers Hyderabad,DA Miller,GJ Bailey,B Kumar,1,0,,,,,,,,,
734007,2014,2014-05-14,"Rajiv Gandhi International Stadium, Uppal",2,18.2,Kings XI Punjab,Sunrisers Hyderabad,GJ Bailey,DA Miller,B Kumar,1,0,,,,,,,,,
734007,2014,2014-05-14,"Rajiv Gandhi International Stadium, Uppal",2,18.3,Kings XI Punjab,Sunrisers Hyderabad,DA Miller,GJ Bailey,B Kumar,1,0,,,,,,,,,
734007,2014,2014-05-14,"Rajiv Gandhi International Stadium, Uppal",2,18.4,Kings XI Punjab,Sunrisers Hyderabad,GJ Bailey,DA Miller,B Kumar,6,0,,,,,,,,,
