match_id,season,start_date,venue,innings,ball,batting_team,bowling_team,striker,non_striker,bowler,runs_off_bat,extras,wides,noballs,byes,legbyes,penalty,wicket_type,player_dismissed,other_wicket_type,other_player_dismissed
734015,2014,2014-05-18,"Rajiv Gandhi International Stadium, Uppal",1,0.1,Sunrisers Hyderabad,Kolkata Knight Riders,AJ Finch,S Dhawan,M Morkel,0,0,,,,,,,,,
734015,2014,2014-05-18,"Rajiv Gandhi International Stadium, Uppal",1,0.2,Sunrisers Hyderabad,Kolkata Knight Riders,AJ Finch,S Dhawan,M Morkel,0,0,,,,,,,,,
734015,2014,2014-05-18,"Rajiv Gandhi International Stadium, Uppal",1,0.3,Sunrisers Hyderabad,Kolkata Knight Riders,AJ Finch,S Dhawan,M Morkel,0,0,,,,,,,,,
734015,2014,2014-05-18,"Rajiv Gandhi International Stadium, Uppal",1,0.4,Sunrisers Hyderabad,Kolkata Knight Riders,AJ Finch,S Dhawan,M Morkel,1,0,,,,,,,,,
734015,2014,2014-05-18,"Rajiv Gandhi International Stadium, Uppal",1,0.5,Sunrisers Hyderabad,Kolkata Knight Riders,S Dhawan,AJ Finch,M Morkel,0,2,2,,,,,,,,
734015,2014,2014-05-18,"Rajiv Gandhi International Stadium, Uppal",1,0.6,Sunrisers Hyderabad,Kolkata Knight Riders,AJ Finch,S Dhawan,M Morkel,1,0,,,,,,,,,
734015,2014,2014-05-18,"Rajiv Gandhi International Stadium, Uppal",1,0.7,Sunrisers Hyderabad,Kolkata Knight Riders,S Dhawan,AJ Finch,M Morkel,4,0,,,,,,,,,
734015,2014,2014-05-18,"Rajiv Gandhi International Stadium, Uppal",1,1.1,Sunrisers Hyderabad,Kolkata Knight Riders,AJ Finch,S Dhawan,UT Yadav,2,0,,,,,,,,,
734015,2014,2014-05-18,"Rajiv Gandhi International Stadium, Uppal",1,1.2,Sunrisers Hyderabad,Kolkata Knight Riders,AJ Finch,S Dhawan,UT Yadav,4,0,,,,,,,,,
734015,2014,2014-05-18,"Rajiv Gandhi International Stadium, Uppal",1,1.3,Sunrisers Hyderabad,Kolkata Knight Riders,AJ Finch,S Dhawan,UT Yadav,0,0,,,,,,caught,AJ Finch,,
734015,2014,2014-05-18,"Rajiv Gandhi International Stadium, Uppal",1,1.4,Sunrisers Hyderabad,Kolkata Knight Riders,NV Ojha,S Dhawan,UT Yadav,0,0,,,,,,,,,
734015,2014,2014-05-18,"Rajiv Gandhi International Stadium, Uppal",1,1.5,Sunrisers Hyderabad,Kolkata Knight Riders,NV Ojha,S Dhawan,UT Yadav,0,0,,,,,,,,,
734015,2014,2014-05-18,"Rajiv Gandhi International Stadium, Uppal",1,1.6,Sunrisers Hyderabad,Kolkata Knight Riders,NV Ojha,S Dhawan,UT Yadav,0,0,,,,,,,,,
734015,2014,2014-05-18,"Rajiv Gandhi International Stadium, Uppal",1,2.1,Sunrisers Hyderabad,Kolkata Knight Riders,S Dhawan,NV Ojha,M Morkel,1,0,,,,,,,,,
734015,2014,2014-05-18,"Rajiv Gandhi International Stadium, Uppal",1,2.2,Sunrisers Hyderabad,Kolkata Knight Riders,NV Ojha,S Dhawan,M Morkel,4,0,,,,,,,,,
734015,2014,2014-05-18,"Rajiv Gandhi International Stadium, Uppal",1,2.3,Sunrisers Hyderabad,Kolkata Knight Riders,NV Ojha,S Dhawan,M Morkel,0,0,,,,,,,,,
734015,2014,2014-05-18,"Rajiv Gandhi International Stadium, Uppal",1,2.4,Sunrisers Hyderabad,Kolkata Knight Riders,NV Ojha,S Dhawan,M Morkel,0,1,1,,,,,,,,
734015,2014,2014-05-18,"Rajiv Gandhi International Stadium, Uppal",1,2.5,Sunrisers Hyderabad,Kolkata Knight Riders,NV Ojha,S Dhawan,M Morkel,0,0,,,,,,,,,
734015,2014,2014-05-18,"Rajiv Gandhi International Stadium, Uppal",1,2.6,Sunrisers Hyderabad,Kolkata Knight Riders,NV Ojha,S Dhawan,M Morkel,0,0,,,,,,,,,
734015,2014,2014-05-18,"Rajiv Gandhi International Stadium, Uppal",1,2.7,Sunrisers Hyderabad,Kolkata Knight Riders,NV Ojha,S Dhawan,M Morkel,1,0,,,,,,,,,
734015,2014,2014-05-18,"Rajiv Gandhi International Stadium, Uppal",1,3.1,Sunrisers Hyderabad,Kolkata Knight Riders,NV Ojha,S Dhawan,UT Yadav,1,0,,,,,,,,,
734015,2014,2014-05-18,"Rajiv Gandhi International Stadium, Uppal",1,3.2,Sunrisers Hyderabad,Kolkata Knight Riders,S Dhawan,NV Ojha,UT Yadav,0,0,,,,,,,,,
734015,2014,2014-05-18,"Rajiv Gandhi International Stadium, Uppal",1,3.3,Sunrisers Hyderabad,Kolkata Knight Riders,S Dhawan,NV Ojha,UT Yadav,0,0,,,,,,,,,
734015,2014,2014-05-18,"Rajiv Gandhi International Stadium, Uppal",1,3.4,Sunrisers Hyderabad,Kolkata Knight Riders,S Dhawan,NV Ojha,UT Yadav,4,0,,,,,,,,,
734015,2014,2014-05-18,"Rajiv Gandhi International Stadium, Uppal",1,3.5,Sunrisers Hyderabad,Kolkata Knight Riders,S Dhawan,NV Ojha,UT Yadav,1,0,,,,,,,,,
734015,2014,2014-05-18,"Rajiv Gandhi International Stadium, Uppal",1,3.6,Sunrisers Hyderabad,Kolkata Knight Riders,NV Ojha,S Dhawan,UT Yadav,1,0,,,,,,,,,
734015,2014,2014-05-18,"Rajiv Gandhi International Stadium, Uppal",1,4.1,Sunrisers Hyderabad,Kolkata Knight Riders,NV Ojha,S Dhawan,M Morkel,1,0,,,,,,,,,
734015,2014,2014-05-18,"Rajiv Gandhi International Stadium, Uppal",1,4.2,Sunrisers Hyderabad,Kolkata Knight Riders,S Dhawan,NV Ojha,M Morkel,4,0,,,,,,,,,
734015,2014,2014-05-18,"Rajiv Gandhi International Stadium, Uppal",1,4.3,Sunrisers Hyderabad,Kolkata Knight Riders,S Dhawan,NV Ojha,M Morkel,0,0,,,,,,,,,
734015,2014,2014-05-18,"Rajiv Gandhi International Stadium, Uppal",1,4.4,Sunrisers Hyderabad,Kolkata Knight Riders,S Dhawan,NV Ojha,M Morkel,1,0,,,,,,,,,
734015,2014,2014-05-18,"Rajiv Gandhi International Stadium, Uppal",1,4.5,Sunrisers Hyderabad,Kolkata Knight Riders,NV Ojha,S Dhawan,M Morkel,0,2,2,,,,,,,,
734015,2014,2014-05-18,"Rajiv Gandhi International Stadium, Uppal",1,4.6,Sunrisers Hyderabad,Kolkata Knight Riders,S Dhawan,NV Ojha,M Morkel,4,0,,,,,,,,,
734015,2014,2014-05-18,"Rajiv Gandhi International Stadium, Uppal",1,4.7,Sunrisers Hyderabad,Kolkata Knight Riders,S Dhawan,NV Ojha,M Morkel,0,0,,,,,,,,,
734015,2014,2014-05-18,"Rajiv Gandhi International Stadium, Uppal",1,5.1,Sunrisers Hyderabad,Kolkata Knight Riders,NV Ojha,S Dhawan,SP Narine,1,0,,,,,,,,,
734015,2014,2014-05-18,"Rajiv Gandhi International Stadium, Uppal",1,5.2,Sunrisers Hyderabad,Kolkata Knight Riders,S Dhawan,NV Ojha,SP Narine,0,0,,,,,,,,,
734015,2014,2014-05-18,"Rajiv Gandhi International Stadium, Uppal",1,5.3,Sunrisers Hyderabad,Kolkata Knight Riders,S Dhawan,NV Ojha,SP Narine,0,0,,,,,,,,,
734015,2014,2014-05-18,"Rajiv Gandhi International Stadium, Uppal",1,5.4,Sunrisers Hyderabad,Kolkata Knight Riders,S Dhawan,NV Ojha,SP Narine,0,0,,,,,,caught,S Dhawan,,
734015,2014,2014-05-18,"Rajiv Gandhi International Stadium, Uppal",1,5.5,Sunrisers Hyderabad,Kolkata Knight Riders,NV Ojha,DA Warner,SP Narine,0,0,,,,,,,,,
734015,2014,2014-05-18,"Rajiv Gandhi International Stadium, Uppal",1,5.6,Sunrisers Hyderabad,Kolkata Knight Riders,NV Ojha,DA Warner,SP Narine,0,0,,,,,,,,,
734015,2014,2014-05-18,"Rajiv Gandhi International Stadium, Uppal",1,6.1,Sunrisers Hyderabad,Kolkata Knight Riders,DA Warner,NV Ojha,Shakib Al Hasan,0,0,,,,,,,,,
734015,2014,2014-05-18,"Rajiv Gandhi International Stadium, Uppal",1,6.2,Sunrisers Hyderabad,Kolkata Knight Riders,DA Warner,NV Ojha,Shakib Al Hasan,1,0,,,,,,,,,
734015,2014,2014-05-18,"Rajiv Gandhi International Stadium, Uppal",1,6.3,Sunrisers Hyderabad,Kolkata Knight Riders,NV Ojha,DA Warner,Shakib Al Hasan,0,1,,,1,,,,,,
734015,2014,2014-05-18,"Rajiv Gandhi International Stadium, Uppal",1,6.4,Sunrisers Hyderabad,Kolkata Knight Riders,DA Warner,NV Ojha,Shakib Al Hasan,6,0,,,,,,,,,
734015,2014,2014-05-18,"Rajiv Gandhi International Stadium, Uppal",1,6.5,Sunrisers Hyderabad,Kolkata Knight Riders,DA Warner,NV Ojha,Shakib Al Hasan,1,0,,,,,,,,,
734015,2014,2014-05-18,"Rajiv Gandhi International Stadium, Uppal",1,6.6,Sunrisers Hyderabad,Kolkata Knight Riders,NV Ojha,DA Warner,Shakib Al Hasan,0,0,,,,,,,,,
734015,2014,2014-05-18,"Rajiv Gandhi International Stadium, Uppal",1,7.1,Sunrisers Hyderabad,Kolkata Knight Riders,DA Warner,NV Ojha,RN ten Doeschate,1,0,,,,,,,,,
734015,2014,2014-05-18,"Rajiv Gandhi International Stadium, Uppal",1,7.2,Sunrisers Hyderabad,Kolkata Knight Riders,NV Ojha,DA Warner,RN ten Doeschate,0,0,,,,,,,,,
734015,2014,2014-05-18,"Rajiv Gandhi International Stadium, Uppal",1,7.3,Sunrisers Hyderabad,Kolkata Knight Riders,NV Ojha,DA Warner,RN ten Doeschate,6,0,,,,,,,,,
734015,2014,2014-05-18,"Rajiv Gandhi International Stadium, Uppal",1,7.4,Sunrisers Hyderabad,Kolkata Knight Riders,NV Ojha,DA Warner,RN ten Doeschate,0,0,,,,,,,,,
734015,2014,2014-05-18,"Rajiv Gandhi International Stadium, Uppal",1,7.5,Sunrisers Hyderabad,Kolkata Knight Riders,NV Ojha,DA Warner,RN ten Doeschate,0,0,,,,,,,,,
734015,2014,2014-05-18,"Rajiv Gandhi International Stadium, Uppal",1,7.6,Sunrisers Hyderabad,Kolkata Knight Riders,NV Ojha,DA Warner,RN ten Doeschate,1,0,,,,,,,,,
734015,2014,2014-05-18,"Rajiv Gandhi International Stadium, Uppal",1,8.1,Sunrisers Hyderabad,Kolkata Knight Riders,NV Ojha,DA Warner,Shakib Al Hasan,6,0,,,,,,,,,
734015,2014,2014-05-18,"Rajiv Gandhi International Stadium, Uppal",1,8.2,Sunrisers Hyderabad,Kolkata Knight Riders,NV Ojha,DA Warner,Shakib Al Hasan,0,0,,,,,,,,,
734015,2014,2014-05-18,"Rajiv Gandhi International Stadium, Uppal",1,8.3,Sunrisers Hyderabad,Kolkata Knight Riders,NV Ojha,DA Warner,Shakib Al Hasan,0,0,,,,,,caught,NV Ojha,,
734015,2014,2014-05-18,"Rajiv Gandhi International Stadium, Uppal",1,8.4,Sunrisers Hyderabad,Kolkata Knight Riders,KL Rahul,DA Warner,Shakib Al Hasan,0,0,,,,,,,,,
734015,2014,2014-05-18,"Rajiv Gandhi International Stadium, Uppal",1,8.5,Sunrisers Hyderabad,Kolkata Knight Riders,KL Rahul,DA Warner,Shakib Al Hasan,0,0,,,,,,,,,
734015,2014,2014-05-18,"Rajiv Gandhi International Stadium, Uppal",1,8.6,Sunrisers Hyderabad,Kolkata Knight Riders,KL Rahul,DA Warner,Shakib Al Hasan,1,0,,,,,,,,,
734015,2014,2014-05-18,"Rajiv Gandhi International Stadium, Uppal",1,9.1,Sunrisers Hyderabad,Kolkata Knight Riders,KL Rahul,DA Warner,SP Narine,1,0,,,,,,,,,
734015,2014,2014-05-18,"Rajiv Gandhi International Stadium, Uppal",1,9.2,Sunrisers Hyderabad,Kolkata Knight Riders,DA Warner,KL Rahul,SP Narine,6,0,,,,,,,,,
734015,2014,2014-05-18,"Rajiv Gandhi International Stadium, Uppal",1,9.3,Sunrisers Hyderabad,Kolkata Knight Riders,DA Warner,KL Rahul,SP Narine,1,0,,,,,,,,,
734015,2014,2014-05-18,"Rajiv Gandhi International Stadium, Uppal",1,9.4,Sunrisers Hyderabad,Kolkata Knight Riders,KL Rahul,DA Warner,SP Narine,0,0,,,,,,,,,
734015,2014,2014-05-18,"Rajiv Gandhi International Stadium, Uppal",1,9.5,Sunrisers Hyderabad,Kolkata Knight Riders,KL Rahul,DA Warner,SP Narine,0,0,,,,,,,,,
734015,2014,2014-05-18,"Rajiv Gandhi International Stadium, Uppal",1,9.6,Sunrisers Hyderabad,Kolkata Knight Riders,KL Rahul,DA Warner,SP Narine,4,0,,,,,,,,,
734015,2014,2014-05-18,"Rajiv Gandhi International Stadium, Uppal",1,10.1,Sunrisers Hyderabad,Kolkata Knight Riders,DA Warner,KL Rahul,PP Chawla,1,0,,,,,,,,,
734015,2014,2014-05-18,"Rajiv Gandhi International Stadium, Uppal",1,10.2,Sunrisers Hyderabad,Kolkata Knight Riders,KL Rahul,DA Warner,PP Chawla,0,0,,,,,,,,,
734015,2014,2014-05-18,"Rajiv Gandhi International Stadium, Uppal",1,10.3,Sunrisers Hyderabad,Kolkata Knight Riders,KL Rahul,DA Warner,PP Chawla,4,0,,,,,,,,,
734015,2014,2014-05-18,"Rajiv Gandhi International Stadium, Uppal",1,10.4,Sunrisers Hyderabad,Kolkata Knight Riders,KL Rahul,DA Warner,PP Chawla,1,0,,,,,,,,,
734015,2014,2014-05-18,"Rajiv Gandhi International Stadium, Uppal",1,10.5,Sunrisers Hyderabad,Kolkata Knight Riders,DA Warner,KL Rahul,PP Chawla,1,0,,,,,,,,,
734015,2014,2014-05-18,"Rajiv Gandhi International Stadium, Uppal",1,10.6,Sunrisers Hyderabad,Kolkata Knight Riders,KL Rahul,DA Warner,PP Chawla,0,0,,,,,,,,,
734015,2014,2014-05-18,"Rajiv Gandhi International Stadium, Uppal",1,11.1,Sunrisers Hyderabad,Kolkata Knight Riders,DA Warner,KL Rahul,M Morkel,1,0,,,,,,,,,
734015,2014,2014-05-18,"Rajiv Gandhi International Stadium, Uppal",1,11.2,Sunrisers Hyderabad,Kolkata Knight Riders,KL Rahul,DA Warner,M Morkel,1,0,,,,,,,,,
734015,2014,2014-05-18,"Rajiv Gandhi International Stadium, Uppal",1,11.3,Sunrisers Hyderabad,Kolkata Knight Riders,DA Warner,KL Rahul,M Morkel,4,0,,,,,,,,,
734015,2014,2014-05-18,"Rajiv Gandhi International Stadium, Uppal",1,11.4,Sunrisers Hyderabad,Kolkata Knight Riders,DA Warner,KL Rahul,M Morkel,4,0,,,,,,,,,
734015,2014,2014-05-18,"Rajiv Gandhi International Stadium, Uppal",1,11.5,Sunrisers Hyderabad,Kolkata Knight Riders,DA Warner,KL Rahul,M Morkel,1,0,,,,,,,,,
734015,2014,2014-05-18,"Rajiv Gandhi International Stadium, Uppal",1,11.6,Sunrisers Hyderabad,Kolkata Knight Riders,KL Rahul,DA Warner,M Morkel,1,0,,,,,,,,,
734015,2014,2014-05-18,"Rajiv Gandhi International Stadium, Uppal",1,12.1,Sunrisers Hyderabad,Kolkata Knight Riders,KL Rahul,DA Warner,PP Chawla,1,0,,,,,,,,,
734015,2014,2014-05-18,"Rajiv Gandhi International Stadium, Uppal",1,12.2,Sunrisers Hyderabad,Kolkata Knight Riders,DA Warner,KL Rahul,PP Chawla,0,0,,,,,,,,,
734015,2014,2014-05-18,"Rajiv Gandhi International Stadium, Uppal",1,12.3,Sunrisers Hyderabad,Kolkata Knight Riders,DA Warner,KL Rahul,PP Chawla,1,0,,,,,,,,,
734015,2014,2014-05-18,"Rajiv Gandhi International Stadium, Uppal",1,12.4,Sunrisers Hyderabad,Kolkata Knight Riders,KL Rahul,DA Warner,PP Chawla,0,0,,,,,,lbw,KL Rahul,,
734015,2014,2014-05-18,"Rajiv Gandhi International Stadium, Uppal",1,12.5,Sunrisers Hyderabad,Kolkata Knight Riders,IK Pathan,DA Warner,PP Chawla,1,0,,,,,,,,,
734015,2014,2014-05-18,"Rajiv Gandhi International Stadium, Uppal",1,12.6,Sunrisers Hyderabad,Kolkata Knight Riders,DA Warner,IK Pathan,PP Chawla,1,0,,,,,,,,,
734015,2014,2014-05-18,"Rajiv Gandhi International Stadium, Uppal",1,13.1,Sunrisers Hyderabad,Kolkata Knight Riders,DA Warner,IK Pathan,UT Yadav,4,0,,,,,,,,,
734015,2014,2014-05-18,"Rajiv Gandhi International Stadium, Uppal",1,13.2,Sunrisers Hyderabad,Kolkata Knight Riders,DA Warner,IK Pathan,UT Yadav,0,0,,,,,,caught,DA Warner,,
734015,2014,2014-05-18,"Rajiv Gandhi International Stadium, Uppal",1,13.3,Sunrisers Hyderabad,Kolkata Knight Riders,DJG Sammy,IK Pathan,UT Yadav,0,0,,,,,,,,,
734015,2014,2014-05-18,"Rajiv Gandhi International Stadium, Uppal",1,13.4,Sunrisers Hyderabad,Kolkata Knight Riders,DJG Sammy,IK Pathan,UT Yadav,2,0,,,,,,,,,
734015,2014,2014-05-18,"Rajiv Gandhi International Stadium, Uppal",1,13.5,Sunrisers Hyderabad,Kolkata Knight Riders,DJG Sammy,IK Pathan,UT Yadav,0,1,,,,1,,,,,
734015,2014,2014-05-18,"Rajiv Gandhi International Stadium, Uppal",1,13.6,Sunrisers Hyderabad,Kolkata Knight Riders,IK Pathan,DJG Sammy,UT Yadav,1,0,,,,,,,,,
734015,2014,2014-05-18,"Rajiv Gandhi International Stadium, Uppal",1,14.1,Sunrisers Hyderabad,Kolkata Knight Riders,IK Pathan,DJG Sammy,PP Chawla,0,0,,,,,,,,,
734015,2014,2014-05-18,"Rajiv Gandhi International Stadium, Uppal",1,14.2,Sunrisers Hyderabad,Kolkata Knight Riders,IK Pathan,DJG Sammy,PP Chawla,0,0,,,,,,,,,
734015,2014,2014-05-18,"Rajiv Gandhi International Stadium, Uppal",1,14.3,Sunrisers Hyderabad,Kolkata Knight Riders,IK Pathan,DJG Sammy,PP Chawla,1,0,,,,,,,,,
734015,2014,2014-05-18,"Rajiv Gandhi International Stadium, Uppal",1,14.4,Sunrisers Hyderabad,Kolkata Knight Riders,DJG Sammy,IK Pathan,PP Chawla,0,0,,,,,,,,,
734015,2014,2014-05-18,"Rajiv Gandhi International Stadium, Uppal",1,14.5,Sunrisers Hyderabad,Kolkata Knight Riders,DJG Sammy,IK Pathan,PP Chawla,0,0,,,,,,,,,
734015,2014,2014-05-18,"Rajiv Gandhi International Stadium, Uppal",1,14.6,Sunrisers Hyderabad,Kolkata Knight Riders,DJG Sammy,IK Pathan,PP Chawla,0,0,,,,,,,,,
734015,2014,2014-05-18,"Rajiv Gandhi International Stadium, Uppal",1,15.1,Sunrisers Hyderabad,Kolkata Knight Riders,IK Pathan,DJG Sammy,SP Narine,1,0,,,,,,,,,
734015,2014,2014-05-18,"Rajiv Gandhi International Stadium, Uppal",1,15.2,Sunrisers Hyderabad,Kolkata Knight Riders,DJG Sammy,IK Pathan,SP Narine,0,0,,,,,,,,,
734015,2014,2014-05-18,"Rajiv Gandhi International Stadium, Uppal",1,15.3,Sunrisers Hyderabad,Kolkata Knight Riders,DJG Sammy,IK Pathan,SP Narine,1,0,,,,,,,,,
734015,2014,2014-05-18,"Rajiv Gandhi International Stadium, Uppal",1,15.4,Sunrisers Hyderabad,Kolkata Knight Riders,IK Pathan,DJG Sammy,SP Narine,0,0,,,,,,,,,
734015,2014,2014-05-18,"Rajiv Gandhi International Stadium, Uppal",1,15.5,Sunrisers Hyderabad,Kolkata Knight Riders,IK Pathan,DJG Sammy,SP Narine,2,0,,,,,,,,,
734015,2014,2014-05-18,"Rajiv Gandhi International Stadium, Uppal",1,15.6,Sunrisers Hyderabad,Kolkata Knight Riders,IK Pathan,DJG Sammy,SP Narine,1,0,,,,,,,,,
734015,2014,2014-05-18,"Rajiv Gandhi International Stadium, Uppal",1,16.1,Sunrisers Hyderabad,Kolkata Knight Riders,IK Pathan,DJG Sammy,PP Chawla,4,0,,,,,,,,,
734015,2014,2014-05-18,"Rajiv Gandhi International Stadium, Uppal",1,16.2,Sunrisers Hyderabad,Kolkata Knight Riders,IK Pathan,DJG Sammy,PP Chawla,1,0,,,,,,,,,
734015,2014,2014-05-18,"Rajiv Gandhi International Stadium, Uppal",1,16.3,Sunrisers Hyderabad,Kolkata Knight Riders,DJG Sammy,IK Pathan,PP Chawla,0,0,,,,,,,,,
734015,2014,2014-05-18,"Rajiv Gandhi International Stadium, Uppal",1,16.4,Sunrisers Hyderabad,Kolkata Knight Riders,DJG Sammy,IK Pathan,PP Chawla,1,0,,,,,,,,,
734015,2014,2014-05-18,"Rajiv Gandhi International Stadium, Uppal",1,16.5,Sunrisers Hyderabad,Kolkata Knight Riders,IK Pathan,DJG Sammy,PP Chawla,4,0,,,,,,,,,
734015,2014,2014-05-18,"Rajiv Gandhi International Stadium, Uppal",1,16.6,Sunrisers Hyderabad,Kolkata Knight Riders,IK Pathan,DJG Sammy,PP Chawla,2,0,,,,,,,,,
734015,2014,2014-05-18,"Rajiv Gandhi International Stadium, Uppal",1,17.1,Sunrisers Hyderabad,Kolkata Knight Riders,DJG Sammy,IK Pathan,SP Narine,0,0,,,,,,,,,
734015,2014,2014-05-18,"Rajiv Gandhi International Stadium, Uppal",1,17.2,Sunrisers Hyderabad,Kolkata Knight Riders,DJG Sammy,IK Pathan,SP Narine,2,0,,,,,,,,,
734015,2014,2014-05-18,"Rajiv Gandhi International Stadium, Uppal",1,17.3,Sunrisers Hyderabad,Kolkata Knight Riders,DJG Sammy,IK Pathan,SP Narine,0,0,,,,,,,,,
734015,2014,2014-05-18,"Rajiv Gandhi International Stadium, Uppal",1,17.4,Sunrisers Hyderabad,Kolkata Knight Riders,DJG Sammy,IK Pathan,SP Narine,0,0,,,,,,,,,
734015,2014,2014-05-18,"Rajiv Gandhi International Stadium, Uppal",1,17.5,Sunrisers Hyderabad,Kolkata Knight Riders,DJG Sammy,IK Pathan,SP Narine,1,0,,,,,,,,,
734015,2014,2014-05-18,"Rajiv Gandhi International Stadium, Uppal",1,17.6,Sunrisers Hyderabad,Kolkata Knight Riders,IK Pathan,DJG Sammy,SP Narine,0,0,,,,,,,,,
734015,2014,2014-05-18,"Rajiv Gandhi International Stadium, Uppal",1,18.1,Sunrisers Hyderabad,Kolkata Knight Riders,DJG Sammy,IK Pathan,Shakib Al Hasan,0,0,,,,,,caught,DJG Sammy,,
734015,2014,2014-05-18,"Rajiv Gandhi International Stadium, Uppal",1,18.2,Sunrisers Hyderabad,Kolkata Knight Riders,IK Pathan,KV Sharma,Shakib Al Hasan,2,0,,,,,,,,,
734015,2014,2014-05-18,"Rajiv Gandhi International Stadium, Uppal",1,18.3,Sunrisers Hyderabad,Kolkata Knight Riders,IK Pathan,KV Sharma,Shakib Al Hasan,0,0,,,,,,,,,
734015,2014,2014-05-18,"Rajiv Gandhi International Stadium, Uppal",1,18.4,Sunrisers Hyderabad,Kolkata Knight Riders,IK Pathan,KV Sharma,Shakib Al Hasan,0,1,1,,,,,,,,
734015,2014,2014-05-18,"Rajiv Gandhi International Stadium, Uppal",1,18.5,Sunrisers Hyderabad,Kolkata Knight Riders,IK Pathan,KV Sharma,Shakib Al Hasan,1,0,,,,,,,,,
734015,2014,2014-05-18,"Rajiv Gandhi International Stadium, Uppal",1,18.6,Sunrisers Hyderabad,Kolkata Knight Riders,KV Sharma,IK Pathan,Shakib Al Hasan,2,0,,,,,,,,,
734015,2014,2014-05-18,"Rajiv Gandhi International Stadium, Uppal",1,18.7,Sunrisers Hyderabad,Kolkata Knight Riders,KV Sharma,IK Pathan,Shakib Al Hasan,1,0,,,,,,,,,
734015,2014,2014-05-18,"Rajiv Gandhi International Stadium, Uppal",1,19.1,Sunrisers Hyderabad,Kolkata Knight Riders,KV Sharma,IK Pathan,UT Yadav,0,1,1,,,,,,,,
734015,2014,2014-05-18,"Rajiv Gandhi International Stadium, Uppal",1,19.2,Sunrisers Hyderabad,Kolkata Knight Riders,KV Sharma,IK Pathan,UT Yadav,0,0,,,,,,,,,
734015,2014,2014-05-18,"Rajiv Gandhi International Stadium, Uppal",1,19.3,Sunrisers Hyderabad,Kolkata Knight Riders,KV Sharma,IK Pathan,UT Yadav,1,0,,,,,,,,,
734015,2014,2014-05-18,"Rajiv Gandhi International Stadium, Uppal",1,19.4,Sunrisers Hyderabad,Kolkata Knight Riders,IK Pathan,KV Sharma,UT Yadav,1,0,,,,,,run out,KV Sharma,,
734015,2014,2014-05-18,"Rajiv Gandhi International Stadium, Uppal",1,19.5,Sunrisers Hyderabad,Kolkata Knight Riders,DW Steyn,IK Pathan,UT Yadav,1,0,,,,,,,,,
734015,2014,2014-05-18,"Rajiv Gandhi International Stadium, Uppal",1,19.6,Sunrisers Hyderabad,Kolkata Knight Riders,IK Pathan,DW Steyn,UT Yadav,0,1,1,,,,,,,,
734015,2014,2014-05-18,"Rajiv Gandhi International Stadium, Uppal",1,19.7,Sunrisers Hyderabad,Kolkata Knight Riders,IK Pathan,DW Steyn,UT Yadav,1,0,,,,,,,,,
734015,2014,2014-05-18,"Rajiv Gandhi International Stadium, Uppal",1,19.8,Sunrisers Hyderabad,Kolkata Knight Riders,DW Steyn,IK Pathan,UT Yadav,0,0,,,,,,bowled,DW Steyn,,
734015,2014,2014-05-18,"Rajiv Gandhi International Stadium, Uppal",2,0.1,Kolkata Knight Riders,Sunrisers Hyderabad,RV Uthappa,G Gambhir,B Kumar,1,0,,,,,,,,,
734015,2014,2014-05-18,"Rajiv Gandhi International Stadium, Uppal",2,0.2,Kolkata Knight Riders,Sunrisers Hyderabad,G Gambhir,RV Uthappa,B Kumar,0,0,,,,,,,,,
734015,2014,2014-05-18,"Rajiv Gandhi International Stadium, Uppal",2,0.3,Kolkata Knight Riders,Sunrisers Hyderabad,G Gambhir,RV Uthappa,B Kumar,0,0,,,,,,,,,
734015,2014,2014-05-18,"Rajiv Gandhi International Stadium, Uppal",2,0.4,Kolkata Knight Riders,Sunrisers Hyderabad,G Gambhir,RV Uthappa,B Kumar,0,0,,,,,,,,,
734015,2014,2014-05-18,"Rajiv Gandhi International Stadium, Uppal",2,0.5,Kolkata Knight Riders,Sunrisers Hyderabad,G Gambhir,RV Uthappa,B Kumar,4,0,,,,,,,,,
734015,2014,2014-05-18,"Rajiv Gandhi International Stadium, Uppal",2,0.6,Kolkata Knight Riders,Sunrisers Hyderabad,G Gambhir,RV Uthappa,B Kumar,1,0,,,,,,,,,
734015,2014,2014-05-18,"Rajiv Gandhi International Stadium, Uppal",2,1.1,Kolkata Knight Riders,Sunrisers Hyderabad,G Gambhir,RV Uthappa,DW Steyn,0,0,,,,,,,,,
734015,2014,2014-05-18,"Rajiv Gandhi International Stadium, Uppal",2,1.2,Kolkata Knight Riders,Sunrisers Hyderabad,G Gambhir,RV Uthappa,DW Steyn,1,0,,,,,,,,,
734015,2014,2014-05-18,"Rajiv Gandhi International Stadium, Uppal",2,1.3,Kolkata Knight Riders,Sunrisers Hyderabad,RV Uthappa,G Gambhir,DW Steyn,1,0,,,,,,,,,
734015,2014,2014-05-18,"Rajiv Gandhi International Stadium, Uppal",2,1.4,Kolkata Knight Riders,Sunrisers Hyderabad,G Gambhir,RV Uthappa,DW Steyn,0,0,,,,,,,,,
734015,2014,2014-05-18,"Rajiv Gandhi International Stadium, Uppal",2,1.5,Kolkata Knight Riders,Sunrisers Hyderabad,G Gambhir,RV Uthappa,DW Steyn,0,0,,,,,,,,,
734015,2014,2014-05-18,"Rajiv Gandhi International Stadium, Uppal",2,1.6,Kolkata Knight Riders,Sunrisers Hyderabad,G Gambhir,RV Uthappa,DW Steyn,0,0,,,,,,caught,G Gambhir,,
734015,2014,2014-05-18,"Rajiv Gandhi International Stadium, Uppal",2,2.1,Kolkata Knight Riders,Sunrisers Hyderabad,RV Uthappa,MK Pandey,B Kumar,0,0,,,,,,,,,
734015,2014,2014-05-18,"Rajiv Gandhi International Stadium, Uppal",2,2.2,Kolkata Knight Riders,Sunrisers Hyderabad,RV Uthappa,MK Pandey,B Kumar,0,0,,,,,,,,,
734015,2014,2014-05-18,"Rajiv Gandhi International Stadium, Uppal",2,2.3,Kolkata Knight Riders,Sunrisers Hyderabad,RV Uthappa,MK Pandey,B Kumar,4,0,,,,,,,,,
734015,2014,2014-05-18,"Rajiv Gandhi International Stadium, Uppal",2,2.4,Kolkata Knight Riders,Sunrisers Hyderabad,RV Uthappa,MK Pandey,B Kumar,0,0,,,,,,,,,
734015,2014,2014-05-18,"Rajiv Gandhi International Stadium, Uppal",2,2.5,Kolkata Knight Riders,Sunrisers Hyderabad,RV Uthappa,MK Pandey,B Kumar,0,0,,,,,,,,,
734015,2014,2014-05-18,"Rajiv Gandhi International Stadium, Uppal",2,2.6,Kolkata Knight Riders,Sunrisers Hyderabad,RV Uthappa,MK Pandey,B Kumar,0,0,,,,,,,,,
734015,2014,2014-05-18,"Rajiv Gandhi International Stadium, Uppal",2,3.1,Kolkata Knight Riders,Sunrisers Hyderabad,MK Pandey,RV Uthappa,KV Sharma,0,0,,,,,,,,,
734015,2014,2014-05-18,"Rajiv Gandhi International Stadium, Uppal",2,3.2,Kolkata Knight Riders,Sunrisers Hyderabad,MK Pandey,RV Uthappa,KV Sharma,0,0,,,,,,,,,
734015,2014,2014-05-18,"Rajiv Gandhi International Stadium, Uppal",2,3.3,Kolkata Knight Riders,Sunrisers Hyderabad,MK Pandey,RV Uthappa,KV Sharma,0,0,,,,,,,,,
734015,2014,2014-05-18,"Rajiv Gandhi International Stadium, Uppal",2,3.4,Kolkata Knight Riders,Sunrisers Hyderabad,MK Pandey,RV Uthappa,KV Sharma,1,0,,,,,,,,,
734015,2014,2014-05-18,"Rajiv Gandhi International Stadium, Uppal",2,3.5,Kolkata Knight Riders,Sunrisers Hyderabad,RV Uthappa,MK Pandey,KV Sharma,1,0,,,,,,,,,
734015,2014,2014-05-18,"Rajiv Gandhi International Stadium, Uppal",2,3.6,Kolkata Knight Riders,Sunrisers Hyderabad,MK Pandey,RV Uthappa,KV Sharma,0,0,,,,,,,,,
734015,2014,2014-05-18,"Rajiv Gandhi International Stadium, Uppal",2,4.1,Kolkata Knight Riders,Sunrisers Hyderabad,RV Uthappa,MK Pandey,DJG Sammy,0,0,,,,,,,,,
734015,2014,2014-05-18,"Rajiv Gandhi International Stadium, Uppal",2,4.2,Kolkata Knight Riders,Sunrisers Hyderabad,RV Uthappa,MK Pandey,DJG Sammy,1,0,,,,,,,,,
734015,2014,2014-05-18,"Rajiv Gandhi International Stadium, Uppal",2,4.3,Kolkata Knight Riders,Sunrisers Hyderabad,MK Pandey,RV Uthappa,DJG Sammy,0,0,,,,,,,,,
734015,2014,2014-05-18,"Rajiv Gandhi International Stadium, Uppal",2,4.4,Kolkata Knight Riders,Sunrisers Hyderabad,MK Pandey,RV Uthappa,DJG Sammy,4,0,,,,,,,,,
734015,2014,2014-05-18,"Rajiv Gandhi International Stadium, Uppal",2,4.5,Kolkata Knight Riders,Sunrisers Hyderabad,MK Pandey,RV Uthappa,DJG Sammy,1,0,,,,,,,,,
734015,2014,2014-05-18,"Rajiv Gandhi International Stadium, Uppal",2,4.6,Kolkata Knight Riders,Sunrisers Hyderabad,RV Uthappa,MK Pandey,DJG Sammy,1,0,,,,,,,,,
734015,2014,2014-05-18,"Rajiv Gandhi International Stadium, Uppal",2,5.1,Kolkata Knight Riders,Sunrisers Hyderabad,RV Uthappa,MK Pandey,DW Steyn,2,0,,,,,,,,,
734015,2014,2014-05-18,"Rajiv Gandhi International Stadium, Uppal",2,5.2,Kolkata Knight Riders,Sunrisers Hyderabad,RV Uthappa,MK Pandey,DW Steyn,6,0,,,,,,,,,
734015,2014,2014-05-18,"Rajiv Gandhi International Stadium, Uppal",2,5.3,Kolkata Knight Riders,Sunrisers Hyderabad,RV Uthappa,MK Pandey,DW Steyn,0,0,,,,,,,,,
734015,2014,2014-05-18,"Rajiv Gandhi International Stadium, Uppal",2,5.4,Kolkata Knight Riders,Sunrisers Hyderabad,RV Uthappa,MK Pandey,DW Steyn,0,0,,,,,,,,,
734015,2014,2014-05-18,"Rajiv Gandhi International Stadium, Uppal",2,5.5,Kolkata Knight Riders,Sunrisers Hyderabad,RV Uthappa,MK Pandey,DW Steyn,0,0,,,,,,,,,
734015,2014,2014-05-18,"Rajiv Gandhi International Stadium, Uppal",2,5.6,Kolkata Knight Riders,Sunrisers Hyderabad,RV Uthappa,MK Pandey,DW Steyn,1,0,,,,,,,,,
734015,2014,2014-05-18,"Rajiv Gandhi International Stadium, Uppal",2,6.1,Kolkata Knight Riders,Sunrisers Hyderabad,RV Uthappa,MK Pandey,A Mishra,0,0,,,,,,,,,
734015,2014,2014-05-18,"Rajiv Gandhi International Stadium, Uppal",2,6.2,Kolkata Knight Riders,Sunrisers Hyderabad,RV Uthappa,MK Pandey,A Mishra,0,0,,,,,,,,,
734015,2014,2014-05-18,"Rajiv Gandhi International Stadium, Uppal",2,6.3,Kolkata Knight Riders,Sunrisers Hyderabad,RV Uthappa,MK Pandey,A Mishra,4,0,,,,,,,,,
734015,2014,2014-05-18,"Rajiv Gandhi International Stadium, Uppal",2,6.4,Kolkata Knight Riders,Sunrisers Hyderabad,RV Uthappa,MK Pandey,A Mishra,0,1,,,,1,,,,,
734015,2014,2014-05-18,"Rajiv Gandhi International Stadium, Uppal",2,6.5,Kolkata Knight Riders,Sunrisers Hyderabad,MK Pandey,RV Uthappa,A Mishra,0,0,,,,,,,,,
734015,2014,2014-05-18,"Rajiv Gandhi International Stadium, Uppal",2,6.6,Kolkata Knight Riders,Sunrisers Hyderabad,MK Pandey,RV Uthappa,A Mishra,1,0,,,,,,,,,
734015,2014,2014-05-18,"Rajiv Gandhi International Stadium, Uppal",2,7.1,Kolkata Knight Riders,Sunrisers Hyderabad,MK Pandey,RV Uthappa,KV Sharma,1,0,,,,,,,,,
734015,2014,2014-05-18,"Rajiv Gandhi International Stadium, Uppal",2,7.2,Kolkata Knight Riders,Sunrisers Hyderabad,RV Uthappa,MK Pandey,KV Sharma,0,0,,,,,,,,,
734015,2014,2014-05-18,"Rajiv Gandhi International Stadium, Uppal",2,7.3,Kolkata Knight Riders,Sunrisers Hyderabad,RV Uthappa,MK Pandey,KV Sharma,1,0,,,,,,,,,
734015,2014,2014-05-18,"Rajiv Gandhi International Stadium, Uppal",2,7.4,Kolkata Knight Riders,Sunrisers Hyderabad,MK Pandey,RV Uthappa,KV Sharma,1,0,,,,,,,,,
734015,2014,2014-05-18,"Rajiv Gandhi International Stadium, Uppal",2,7.5,Kolkata Knight Riders,Sunrisers Hyderabad,RV Uthappa,MK Pandey,KV Sharma,4,0,,,,,,,,,
734015,2014,2014-05-18,"Rajiv Gandhi International Stadium, Uppal",2,7.6,Kolkata Knight Riders,Sunrisers Hyderabad,RV Uthappa,MK Pandey,KV Sharma,2,0,,,,,,,,,
734015,2014,2014-05-18,"Rajiv Gandhi International Stadium, Uppal",2,8.1,Kolkata Knight Riders,Sunrisers Hyderabad,MK Pandey,RV Uthappa,IK Pathan,1,0,,,,,,,,,
734015,2014,2014-05-18,"Rajiv Gandhi International Stadium, Uppal",2,8.2,Kolkata Knight Riders,Sunrisers Hyderabad,RV Uthappa,MK Pandey,IK Pathan,1,0,,,,,,,,,
734015,2014,2014-05-18,"Rajiv Gandhi International Stadium, Uppal",2,8.3,Kolkata Knight Riders,Sunrisers Hyderabad,MK Pandey,RV Uthappa,IK Pathan,1,0,,,,,,,,,
734015,2014,2014-05-18,"Rajiv Gandhi International Stadium, Uppal",2,8.4,Kolkata Knight Riders,Sunrisers Hyderabad,RV Uthappa,MK Pandey,IK Pathan,4,0,,,,,,,,,
734015,2014,2014-05-18,"Rajiv Gandhi International Stadium, Uppal",2,8.5,Kolkata Knight Riders,Sunrisers Hyderabad,RV Uthappa,MK Pandey,IK Pathan,1,0,,,,,,,,,
734015,2014,2014-05-18,"Rajiv Gandhi International Stadium, Uppal",2,8.6,Kolkata Knight Riders,Sunrisers Hyderabad,MK Pandey,RV Uthappa,IK Pathan,0,0,,,,,,,,,
734015,2014,2014-05-18,"Rajiv Gandhi International Stadium, Uppal",2,9.1,Kolkata Knight Riders,Sunrisers Hyderabad,RV Uthappa,MK Pandey,A Mishra,1,0,,,,,,,,,
734015,2014,2014-05-18,"Rajiv Gandhi International Stadium, Uppal",2,9.2,Kolkata Knight Riders,Sunrisers Hyderabad,MK Pandey,RV Uthappa,A Mishra,1,0,,,,,,,,,
734015,2014,2014-05-18,"Rajiv Gandhi International Stadium, Uppal",2,9.3,Kolkata Knight Riders,Sunrisers Hyderabad,RV Uthappa,MK Pandey,A Mishra,4,0,,,,,,,,,
734015,2014,2014-05-18,"Rajiv Gandhi International Stadium, Uppal",2,9.4,Kolkata Knight Riders,Sunrisers Hyderabad,RV Uthappa,MK Pandey,A Mishra,0,0,,,,,,,,,
734015,2014,2014-05-18,"Rajiv Gandhi International Stadium, Uppal",2,9.5,Kolkata Knight Riders,Sunrisers Hyderabad,RV Uthappa,MK Pandey,A Mishra,0,0,,,,,,run out,RV Uthappa,,
734015,2014,2014-05-18,"Rajiv Gandhi International Stadium, Uppal",2,9.6,Kolkata Knight Riders,Sunrisers Hyderabad,YK Pathan,MK Pandey,A Mishra,1,0,,,,,,,,,
734015,2014,2014-05-18,"Rajiv Gandhi International Stadium, Uppal",2,10.1,Kolkata Knight Riders,Sunrisers Hyderabad,YK Pathan,MK Pandey,IK Pathan,4,0,,,,,,,,,
734015,2014,2014-05-18,"Rajiv Gandhi International Stadium, Uppal",2,10.2,Kolkata Knight Riders,Sunrisers Hyderabad,YK Pathan,MK Pandey,IK Pathan,0,0,,,,,,,,,
734015,2014,2014-05-18,"Rajiv Gandhi International Stadium, Uppal",2,10.3,Kolkata Knight Riders,Sunrisers Hyderabad,YK Pathan,MK Pandey,IK Pathan,0,0,,,,,,,,,
734015,2014,2014-05-18,"Rajiv Gandhi International Stadium, Uppal",2,10.4,Kolkata Knight Riders,Sunrisers Hyderabad,YK Pathan,MK Pandey,IK Pathan,1,0,,,,,,,,,
734015,2014,2014-05-18,"Rajiv Gandhi International Stadium, Uppal",2,10.5,Kolkata Knight Riders,Sunrisers Hyderabad,MK Pandey,YK Pathan,IK Pathan,1,0,,,,,,,,,
734015,2014,2014-05-18,"Rajiv Gandhi International Stadium, Uppal",2,10.6,Kolkata Knight Riders,Sunrisers Hyderabad,YK Pathan,MK Pandey,IK Pathan,0,0,,,,,,,,,
734015,2014,2014-05-18,"Rajiv Gandhi International Stadium, Uppal",2,11.1,Kolkata Knight Riders,Sunrisers Hyderabad,MK Pandey,YK Pathan,A Mishra,0,0,,,,,,,,,
734015,2014,2014-05-18,"Rajiv Gandhi International Stadium, Uppal",2,11.2,Kolkata Knight Riders,Sunrisers Hyderabad,MK Pandey,YK Pathan,A Mishra,4,0,,,,,,,,,
734015,2014,2014-05-18,"Rajiv Gandhi International Stadium, Uppal",2,11.3,Kolkata Knight Riders,Sunrisers Hyderabad,MK Pandey,YK Pathan,A Mishra,6,0,,,,,,,,,
734015,2014,2014-05-18,"Rajiv Gandhi International Stadium, Uppal",2,11.4,Kolkata Knight Riders,Sunrisers Hyderabad,MK Pandey,YK Pathan,A Mishra,0,0,,,,,,,,,
734015,2014,2014-05-18,"Rajiv Gandhi International Stadium, Uppal",2,11.5,Kolkata Knight Riders,Sunrisers Hyderabad,MK Pandey,YK Pathan,A Mishra,4,0,,,,,,,,,
734015,2014,2014-05-18,"Rajiv Gandhi International Stadium, Uppal",2,11.6,Kolkata Knight Riders,Sunrisers Hyderabad,MK Pandey,YK Pathan,A Mishra,1,0,,,,,,,,,
734015,2014,2014-05-18,"Rajiv Gandhi International Stadium, Uppal",2,12.1,Kolkata Knight Riders,Sunrisers Hyderabad,MK Pandey,YK Pathan,DW Steyn,1,0,,,,,,,,,
734015,2014,2014-05-18,"Rajiv Gandhi International Stadium, Uppal",2,12.2,Kolkata Knight Riders,Sunrisers Hyderabad,YK Pathan,MK Pandey,DW Steyn,4,0,,,,,,,,,
734015,2014,2014-05-18,"Rajiv Gandhi International Stadium, Uppal",2,12.3,Kolkata Knight Riders,Sunrisers Hyderabad,YK Pathan,MK Pandey,DW Steyn,0,0,,,,,,,,,
734015,2014,2014-05-18,"Rajiv Gandhi International Stadium, Uppal",2,12.4,Kolkata Knight Riders,Sunrisers Hyderabad,YK Pathan,MK Pandey,DW Steyn,1,0,,,,,,,,,
734015,2014,2014-05-18,"Rajiv Gandhi International Stadium, Uppal",2,12.5,Kolkata Knight Riders,Sunrisers Hyderabad,MK Pandey,YK Pathan,DW Steyn,0,0,,,,,,,,,
734015,2014,2014-05-18,"Rajiv Gandhi International Stadium, Uppal",2,12.6,Kolkata Knight Riders,Sunrisers Hyderabad,MK Pandey,YK Pathan,DW Steyn,1,0,,,,,,,,,
734015,2014,2014-05-18,"Rajiv Gandhi International Stadium, Uppal",2,13.1,Kolkata Knight Riders,Sunrisers Hyderabad,MK Pandey,YK Pathan,KV Sharma,0,0,,,,,,,,,
734015,2014,2014-05-18,"Rajiv Gandhi International Stadium, Uppal",2,13.2,Kolkata Knight Riders,Sunrisers Hyderabad,MK Pandey,YK Pathan,KV Sharma,1,0,,,,,,,,,
734015,2014,2014-05-18,"Rajiv Gandhi International Stadium, Uppal",2,13.3,Kolkata Knight Riders,Sunrisers Hyderabad,YK Pathan,MK Pandey,KV Sharma,1,0,,,,,,,,,
734015,2014,2014-05-18,"Rajiv Gandhi International Stadium, Uppal",2,13.4,Kolkata Knight Riders,Sunrisers Hyderabad,MK Pandey,YK Pathan,KV Sharma,1,0,,,,,,,,,
734015,2014,2014-05-18,"Rajiv Gandhi International Stadium, Uppal",2,13.5,Kolkata Knight Riders,Sunrisers Hyderabad,YK Pathan,MK Pandey,KV Sharma,0,0,,,,,,,,,
734015,2014,2014-05-18,"Rajiv Gandhi International Stadium, Uppal",2,13.6,Kolkata Knight Riders,Sunrisers Hyderabad,YK Pathan,MK Pandey,KV Sharma,1,0,,,,,,,,,
734015,2014,2014-05-18,"Rajiv Gandhi International Stadium, Uppal",2,14.1,Kolkata Knight Riders,Sunrisers Hyderabad,YK Pathan,MK Pandey,A Mishra,1,0,,,,,,,,,
734015,2014,2014-05-18,"Rajiv Gandhi International Stadium, Uppal",2,14.2,Kolkata Knight Riders,Sunrisers Hyderabad,MK Pandey,YK Pathan,A Mishra,1,0,,,,,,,,,
734015,2014,2014-05-18,"Rajiv Gandhi International Stadium, Uppal",2,14.3,Kolkata Knight Riders,Sunrisers Hyderabad,YK Pathan,MK Pandey,A Mishra,6,0,,,,,,,,,
734015,2014,2014-05-18,"Rajiv Gandhi International Stadium, Uppal",2,14.4,Kolkata Knight Riders,Sunrisers Hyderabad,YK Pathan,MK Pandey,A Mishra,0,0,,,,,,,,,
734015,2014,2014-05-18,"Rajiv Gandhi International Stadium, Uppal",2,14.5,Kolkata Knight Riders,Sunrisers Hyderabad,YK Pathan,MK Pandey,A Mishra,1,0,,,,,,,,,
734015,2014,2014-05-18,"Rajiv Gandhi International Stadium, Uppal",2,14.6,Kolkata Knight Riders,Sunrisers Hyderabad,MK Pandey,YK Pathan,A Mishra,2,0,,,,,,,,,
734015,2014,2014-05-18,"Rajiv Gandhi International Stadium, Uppal",2,15.1,Kolkata Knight Riders,Sunrisers Hyderabad,YK Pathan,MK Pandey,KV Sharma,1,0,,,,,,,,,
734015,2014,2014-05-18,"Rajiv Gandhi International Stadium, Uppal",2,15.2,Kolkata Knight Riders,Sunrisers Hyderabad,MK Pandey,YK Pathan,KV Sharma,0,0,,,,,,caught,MK Pandey,,
734015,2014,2014-05-18,"Rajiv Gandhi International Stadium, Uppal",2,15.3,Kolkata Knight Riders,Sunrisers Hyderabad,RN ten Doeschate,YK Pathan,KV Sharma,1,0,,,,,,,,,
734015,2014,2014-05-18,"Rajiv Gandhi International Stadium, Uppal",2,15.4,Kolkata Knight Riders,Sunrisers Hyderabad,YK Pathan,RN ten Doeschate,KV Sharma,1,0,,,,,,,,,
734015,2014,2014-05-18,"Rajiv Gandhi International Stadium, Uppal",2,15.5,Kolkata Knight Riders,Sunrisers Hyderabad,RN ten Doeschate,YK Pathan,KV Sharma,0,0,,,,,,,,,
734015,2014,2014-05-18,"Rajiv Gandhi International Stadium, Uppal",2,15.6,Kolkata Knight Riders,Sunrisers Hyderabad,RN ten Doeschate,YK Pathan,KV Sharma,1,0,,,,,,,,,
734015,2014,2014-05-18,"Rajiv Gandhi International Stadium, Uppal",2,16.1,Kolkata Knight Riders,Sunrisers Hyderabad,RN ten Doeschate,YK Pathan,IK Pathan,1,0,,,,,,,,,
734015,2014,2014-05-18,"Rajiv Gandhi International Stadium, Uppal",2,16.2,Kolkata Knight Riders,Sunrisers Hyderabad,YK Pathan,RN ten Doeschate,IK Pathan,1,0,,,,,,,,,
734015,2014,2014-05-18,"Rajiv Gandhi International Stadium, Uppal",2,16.3,Kolkata Knight Riders,Sunrisers Hyderabad,RN ten Doeschate,YK Pathan,IK Pathan,1,0,,,,,,,,,
734015,2014,2014-05-18,"Rajiv Gandhi International Stadium, Uppal",2,16.4,Kolkata Knight Riders,Sunrisers Hyderabad,YK Pathan,RN ten Doeschate,IK Pathan,1,0,,,,,,,,,
734015,2014,2014-05-18,"Rajiv Gandhi International Stadium, Uppal",2,16.5,Kolkata Knight Riders,Sunrisers Hyderabad,RN ten Doeschate,YK Pathan,IK Pathan,1,0,,,,,,,,,
734015,2014,2014-05-18,"Rajiv Gandhi International Stadium, Uppal",2,16.6,Kolkata Knight Riders,Sunrisers Hyderabad,YK Pathan,RN ten Doeschate,IK Pathan,1,0,,,,,,,,,
734015,2014,2014-05-18,"Rajiv Gandhi International Stadium, Uppal",2,17.1,Kolkata Knight Riders,Sunrisers Hyderabad,YK Pathan,RN ten Doeschate,B Kumar,6,0,,,,,,,,,
734015,2014,2014-05-18,"Rajiv Gandhi International Stadium, Uppal",2,17.2,Kolkata Knight Riders,Sunrisers Hyderabad,YK Pathan,RN ten Doeschate,B Kumar,1,0,,,,,,,,,
734015,2014,2014-05-18,"Rajiv Gandhi International Stadium, Uppal",2,17.3,Kolkata Knight Riders,Sunrisers Hyderabad,RN ten Doeschate,YK Pathan,B Kumar,4,0,,,,,,,,,
734015,2014,2014-05-18,"Rajiv Gandhi International Stadium, Uppal",2,17.4,Kolkata Knight Riders,Sunrisers Hyderabad,RN ten Doeschate,YK Pathan,B Kumar,1,0,,,,,,,,,
734015,2014,2014-05-18,"Rajiv Gandhi International Stadium, Uppal",2,17.5,Kolkata Knight Riders,Sunrisers Hyderabad,YK Pathan,RN ten Doeschate,B Kumar,1,0,,,,,,,,,
734015,2014,2014-05-18,"Rajiv Gandhi International Stadium, Uppal",2,17.6,Kolkata Knight Riders,Sunrisers Hyderabad,RN ten Doeschate,YK Pathan,B Kumar,1,0,,,,,,,,,
734015,2014,2014-05-18,"Rajiv Gandhi International Stadium, Uppal",2,18.1,Kolkata Knight Riders,Sunrisers Hyderabad,RN ten Doeschate,YK Pathan,DW Steyn,1,0,,,,,,,,,
734015,2014,2014-05-18,"Rajiv Gandhi International Stadium, Uppal",2,18.2,Kolkata Knight Riders,Sunrisers Hyderabad,YK Pathan,RN ten Doeschate,DW Steyn,2,0,,,,,,,,,
734015,2014,2014-05-18,"Rajiv Gandhi International Stadium, Uppal",2,18.3,Kolkata Knight Riders,Sunrisers Hyderabad,YK Pathan,RN ten Doeschate,DW Steyn,1,0,,,,,,,,,
734015,2014,2014-05-18,"Rajiv Gandhi International Stadium, Uppal",2,18.4,Kolkata Knight Riders,Sunrisers Hyderabad,RN ten Doeschate,YK Pathan,DW Steyn,0,0,,,,,,,,,
734015,2014,2014-05-18,"Rajiv Gandhi International Stadium, Uppal",2,18.5,Kolkata Knight Riders,Sunrisers Hyderabad,RN ten Doeschate,YK Pathan,DW Steyn,1,0,,,,,,,,,
734015,2014,2014-05-18,"Rajiv Gandhi International Stadium, Uppal",2,18.6,Kolkata Knight Riders,Sunrisers Hyderabad,YK Pathan,RN ten Doeschate,DW Steyn,1,0,,,,,,,,,
734015,2014,2014-05-18,"Rajiv Gandhi International Stadium, Uppal",2,19.1,Kolkata Knight Riders,Sunrisers Hyderabad,YK Pathan,RN ten Doeschate,B Kumar,1,0,,,,,,,,,
734015,2014,2014-05-18,"Rajiv Gandhi International Stadium, Uppal",2,19.2,Kolkata Knight Riders,Sunrisers Hyderabad,RN ten Doeschate,YK Pathan,B Kumar,6,0,,,,,,,,,
734015,2014,2014-05-18,"Rajiv Gandhi International Stadium, Uppal",2,19.3,Kolkata Knight Riders,Sunrisers Hyderabad,RN ten Doeschate,YK Pathan,B Kumar,2,0,,,,,,,,,
734015,2014,2014-05-18,"Rajiv Gandhi International Stadium, Uppal",2,19.4,Kolkata Knight Riders,Sunrisers Hyderabad,RN ten Doeschate,YK Pathan,B Kumar,4,0,,,,,,,,,
