match_id,season,start_date,venue,innings,ball,batting_team,bowling_team,striker,non_striker,bowler,runs_off_bat,extras,wides,noballs,byes,legbyes,penalty,wicket_type,player_dismissed,other_wicket_type,other_player_dismissed
829729,2015,2015-04-17,Wankhede Stadium,1,0.1,Mumbai Indians,Chennai Super Kings,LMP Simmons,PA Patel,A Nehra,0,0,,,,,,,,,
829729,2015,2015-04-17,Wankhede Stadium,1,0.2,Mumbai Indians,Chennai Super Kings,LMP Simmons,PA Patel,A Nehra,0,0,,,,,,,,,
829729,2015,2015-04-17,Wankhede Stadium,1,0.3,Mumbai Indians,Chennai Super Kings,LMP Simmons,PA Patel,A Nehra,1,0,,,,,,,,,
829729,2015,2015-04-17,Wankhede Stadium,1,0.4,Mumbai Indians,Chennai Super Kings,PA Patel,LMP Simmons,A Nehra,0,0,,,,,,lbw,PA Patel,,
829729,2015,2015-04-17,Wankhede Stadium,1,0.5,Mumbai Indians,Chennai Super Kings,CJ Anderson,LMP Simmons,A Nehra,0,1,1,,,,,,,,
829729,2015,2015-04-17,Wankhede Stadium,1,0.6,Mumbai Indians,Chennai Super Kings,CJ Anderson,LMP Simmons,A Nehra,0,0,,,,,,,,,
829729,2015,2015-04-17,Wankhede Stadium,1,0.7,Mumbai Indians,Chennai Super Kings,CJ Anderson,LMP Simmons,A Nehra,0,0,,,,,,,,,
829729,2015,2015-04-17,Wankhede Stadium,1,1.1,Mumbai Indians,Chennai Super Kings,LMP Simmons,CJ Anderson,IC Pandey,0,0,,,,,,,,,
829729,2015,2015-04-17,Wankhede Stadium,1,1.2,Mumbai Indians,Chennai Super Kings,LMP Simmons,CJ Anderson,IC Pandey,0,0,,,,,,,,,
829729,2015,2015-04-17,Wankhede Stadium,1,1.3,Mumbai Indians,Chennai Super Kings,LMP Simmons,CJ Anderson,IC Pandey,0,0,,,,,,,,,
829729,2015,2015-04-17,Wankhede Stadium,1,1.4,Mumbai Indians,Chennai Super Kings,LMP Simmons,CJ Anderson,IC Pandey,0,0,,,,,,,,,
829729,2015,2015-04-17,Wankhede Stadium,1,1.5,Mumbai Indians,Chennai Super Kings,LMP Simmons,CJ Anderson,IC Pandey,0,0,,,,,,,,,
829729,2015,2015-04-17,Wankhede Stadium,1,1.6,Mumbai Indians,Chennai Super Kings,LMP Simmons,CJ Anderson,IC Pandey,0,0,,,,,,,,,
829729,2015,2015-04-17,Wankhede Stadium,1,2.1,Mumbai Indians,Chennai Super Kings,CJ Anderson,LMP Simmons,A Nehra,0,0,,,,,,,,,
829729,2015,2015-04-17,Wankhede Stadium,1,2.2,Mumbai Indians,Chennai Super Kings,CJ Anderson,LMP Simmons,A Nehra,0,0,,,,,,,,,
829729,2015,2015-04-17,Wankhede Stadium,1,2.3,Mumbai Indians,Chennai Super Kings,CJ Anderson,LMP Simmons,A Nehra,4,0,,,,,,,,,
829729,2015,2015-04-17,Wankhede Stadium,1,2.4,Mumbai Indians,Chennai Super Kings,CJ Anderson,LMP Simmons,A Nehra,0,0,,,,,,,,,
829729,2015,2015-04-17,Wankhede Stadium,1,2.5,Mumbai Indians,Chennai Super Kings,CJ Anderson,LMP Simmons,A Nehra,0,0,,,,,,caught,CJ Anderson,,
829729,2015,2015-04-17,Wankhede Stadium,1,2.6,Mumbai Indians,Chennai Super Kings,RG Sharma,LMP Simmons,A Nehra,2,0,,,,,,,,,
829729,2015,2015-04-17,Wankhede Stadium,1,3.1,Mumbai Indians,Chennai Super Kings,LMP Simmons,RG Sharma,IC Pandey,4,0,,,,,,,,,
829729,2015,2015-04-17,Wankhede Stadium,1,3.2,Mumbai Indians,Chennai Super Kings,LMP Simmons,RG Sharma,IC Pandey,0,0,,,,,,,,,
829729,2015,2015-04-17,Wankhede Stadium,1,3.3,Mumbai Indians,Chennai Super Kings,LMP Simmons,RG Sharma,IC Pandey,0,0,,,,,,,,,
829729,2015,2015-04-17,Wankhede Stadium,1,3.4,Mumbai Indians,Chennai Super Kings,LMP Simmons,RG Sharma,IC Pandey,0,0,,,,,,caught,LMP Simmons,,
829729,2015,2015-04-17,Wankhede Stadium,1,3.5,Mumbai Indians,Chennai Super Kings,Harbhajan Singh,RG Sharma,IC Pandey,0,1,1,,,,,,,,
829729,2015,2015-04-17,Wankhede Stadium,1,3.6,Mumbai Indians,Chennai Super Kings,Harbhajan Singh,RG Sharma,IC Pandey,0,0,,,,,,,,,
829729,2015,2015-04-17,Wankhede Stadium,1,3.7,Mumbai Indians,Chennai Super Kings,Harbhajan Singh,RG Sharma,IC Pandey,0,0,,,,,,,,,
829729,2015,2015-04-17,Wankhede Stadium,1,4.1,Mumbai Indians,Chennai Super Kings,RG Sharma,Harbhajan Singh,A Nehra,2,0,,,,,,,,,
829729,2015,2015-04-17,Wankhede Stadium,1,4.2,Mumbai Indians,Chennai Super Kings,RG Sharma,Harbhajan Singh,A Nehra,4,0,,,,,,,,,
829729,2015,2015-04-17,Wankhede Stadium,1,4.3,Mumbai Indians,Chennai Super Kings,RG Sharma,Harbhajan Singh,A Nehra,0,0,,,,,,,,,
829729,2015,2015-04-17,Wankhede Stadium,1,4.4,Mumbai Indians,Chennai Super Kings,RG Sharma,Harbhajan Singh,A Nehra,0,0,,,,,,,,,
829729,2015,2015-04-17,Wankhede Stadium,1,4.5,Mumbai Indians,Chennai Super Kings,RG Sharma,Harbhajan Singh,A Nehra,0,0,,,,,,,,,
829729,2015,2015-04-17,Wankhede Stadium,1,4.6,Mumbai Indians,Chennai Super Kings,RG Sharma,Harbhajan Singh,A Nehra,1,0,,,,,,,,,
829729,2015,2015-04-17,Wankhede Stadium,1,5.1,Mumbai Indians,Chennai Super Kings,RG Sharma,Harbhajan Singh,MM Sharma,4,0,,,,,,,,,
829729,2015,2015-04-17,Wankhede Stadium,1,5.2,Mumbai Indians,Chennai Super Kings,RG Sharma,Harbhajan Singh,MM Sharma,1,0,,,,,,,,,
829729,2015,2015-04-17,Wankhede Stadium,1,5.3,Mumbai Indians,Chennai Super Kings,Harbhajan Singh,RG Sharma,MM Sharma,2,0,,,,,,,,,
829729,2015,2015-04-17,Wankhede Stadium,1,5.4,Mumbai Indians,Chennai Super Kings,Harbhajan Singh,RG Sharma,MM Sharma,2,0,,,,,,,,,
829729,2015,2015-04-17,Wankhede Stadium,1,5.5,Mumbai Indians,Chennai Super Kings,Harbhajan Singh,RG Sharma,MM Sharma,2,0,,,,,,,,,
829729,2015,2015-04-17,Wankhede Stadium,1,5.6,Mumbai Indians,Chennai Super Kings,Harbhajan Singh,RG Sharma,MM Sharma,0,0,,,,,,,,,
829729,2015,2015-04-17,Wankhede Stadium,1,6.1,Mumbai Indians,Chennai Super Kings,RG Sharma,Harbhajan Singh,RA Jadeja,0,0,,,,,,,,,
829729,2015,2015-04-17,Wankhede Stadium,1,6.2,Mumbai Indians,Chennai Super Kings,RG Sharma,Harbhajan Singh,RA Jadeja,1,0,,,,,,,,,
829729,2015,2015-04-17,Wankhede Stadium,1,6.3,Mumbai Indians,Chennai Super Kings,Harbhajan Singh,RG Sharma,RA Jadeja,0,0,,,,,,,,,
829729,2015,2015-04-17,Wankhede Stadium,1,6.4,Mumbai Indians,Chennai Super Kings,Harbhajan Singh,RG Sharma,RA Jadeja,4,0,,,,,,,,,
829729,2015,2015-04-17,Wankhede Stadium,1,6.5,Mumbai Indians,Chennai Super Kings,Harbhajan Singh,RG Sharma,RA Jadeja,0,0,,,,,,,,,
829729,2015,2015-04-17,Wankhede Stadium,1,6.6,Mumbai Indians,Chennai Super Kings,Harbhajan Singh,RG Sharma,RA Jadeja,0,0,,,,,,,,,
829729,2015,2015-04-17,Wankhede Stadium,1,7.1,Mumbai Indians,Chennai Super Kings,RG Sharma,Harbhajan Singh,MM Sharma,4,0,,,,,,,,,
829729,2015,2015-04-17,Wankhede Stadium,1,7.2,Mumbai Indians,Chennai Super Kings,RG Sharma,Harbhajan Singh,MM Sharma,1,0,,,,,,,,,
829729,2015,2015-04-17,Wankhede Stadium,1,7.3,Mumbai Indians,Chennai Super Kings,Harbhajan Singh,RG Sharma,MM Sharma,0,0,,,,,,,,,
829729,2015,2015-04-17,Wankhede Stadium,1,7.4,Mumbai Indians,Chennai Super Kings,Harbhajan Singh,RG Sharma,MM Sharma,1,0,,,,,,,,,
829729,2015,2015-04-17,Wankhede Stadium,1,7.5,Mumbai Indians,Chennai Super Kings,RG Sharma,Harbhajan Singh,MM Sharma,1,0,,,,,,,,,
829729,2015,2015-04-17,Wankhede Stadium,1,7.6,Mumbai Indians,Chennai Super Kings,Harbhajan Singh,RG Sharma,MM Sharma,1,0,,,,,,,,,
829729,2015,2015-04-17,Wankhede Stadium,1,8.1,Mumbai Indians,Chennai Super Kings,Harbhajan Singh,RG Sharma,RA Jadeja,6,0,,,,,,,,,
829729,2015,2015-04-17,Wankhede Stadium,1,8.2,Mumbai Indians,Chennai Super Kings,Harbhajan Singh,RG Sharma,RA Jadeja,0,0,,,,,,,,,
829729,2015,2015-04-17,Wankhede Stadium,1,8.3,Mumbai Indians,Chennai Super Kings,Harbhajan Singh,RG Sharma,RA Jadeja,1,0,,,,,,,,,
829729,2015,2015-04-17,Wankhede Stadium,1,8.4,Mumbai Indians,Chennai Super Kings,RG Sharma,Harbhajan Singh,RA Jadeja,1,0,,,,,,,,,
829729,2015,2015-04-17,Wankhede Stadium,1,8.5,Mumbai Indians,Chennai Super Kings,Harbhajan Singh,RG Sharma,RA Jadeja,0,0,,,,,,,,,
829729,2015,2015-04-17,Wankhede Stadium,1,8.6,Mumbai Indians,Chennai Super Kings,Harbhajan Singh,RG Sharma,RA Jadeja,1,0,,,,,,,,,
829729,2015,2015-04-17,Wankhede Stadium,1,9.1,Mumbai Indians,Chennai Super Kings,Harbhajan Singh,RG Sharma,MM Sharma,0,0,,,,,,,,,
829729,2015,2015-04-17,Wankhede Stadium,1,9.2,Mumbai Indians,Chennai Super Kings,Harbhajan Singh,RG Sharma,MM Sharma,4,0,,,,,,,,,
829729,2015,2015-04-17,Wankhede Stadium,1,9.3,Mumbai Indians,Chennai Super Kings,Harbhajan Singh,RG Sharma,MM Sharma,0,0,,,,,,caught,Harbhajan Singh,,
829729,2015,2015-04-17,Wankhede Stadium,1,9.4,Mumbai Indians,Chennai Super Kings,RG Sharma,KA Pollard,MM Sharma,4,0,,,,,,,,,
829729,2015,2015-04-17,Wankhede Stadium,1,9.5,Mumbai Indians,Chennai Super Kings,RG Sharma,KA Pollard,MM Sharma,0,0,,,,,,,,,
829729,2015,2015-04-17,Wankhede Stadium,1,9.6,Mumbai Indians,Chennai Super Kings,RG Sharma,KA Pollard,MM Sharma,1,0,,,,,,,,,
829729,2015,2015-04-17,Wankhede Stadium,1,10.1,Mumbai Indians,Chennai Super Kings,RG Sharma,KA Pollard,RA Jadeja,1,0,,,,,,,,,
829729,2015,2015-04-17,Wankhede Stadium,1,10.2,Mumbai Indians,Chennai Super Kings,KA Pollard,RG Sharma,RA Jadeja,6,0,,,,,,,,,
829729,2015,2015-04-17,Wankhede Stadium,1,10.3,Mumbai Indians,Chennai Super Kings,KA Pollard,RG Sharma,RA Jadeja,0,0,,,,,,,,,
829729,2015,2015-04-17,Wankhede Stadium,1,10.4,Mumbai Indians,Chennai Super Kings,KA Pollard,RG Sharma,RA Jadeja,1,0,,,,,,,,,
829729,2015,2015-04-17,Wankhede Stadium,1,10.5,Mumbai Indians,Chennai Super Kings,RG Sharma,KA Pollard,RA Jadeja,1,0,,,,,,,,,
829729,2015,2015-04-17,Wankhede Stadium,1,10.6,Mumbai Indians,Chennai Super Kings,KA Pollard,RG Sharma,RA Jadeja,0,0,,,,,,,,,
829729,2015,2015-04-17,Wankhede Stadium,1,11.1,Mumbai Indians,Chennai Super Kings,RG Sharma,KA Pollard,R Ashwin,6,0,,,,,,,,,
829729,2015,2015-04-17,Wankhede Stadium,1,11.2,Mumbai Indians,Chennai Super Kings,RG Sharma,KA Pollard,R Ashwin,2,0,,,,,,,,,
829729,2015,2015-04-17,Wankhede Stadium,1,11.3,Mumbai Indians,Chennai Super Kings,RG Sharma,KA Pollard,R Ashwin,1,0,,,,,,,,,
829729,2015,2015-04-17,Wankhede Stadium,1,11.4,Mumbai Indians,Chennai Super Kings,KA Pollard,RG Sharma,R Ashwin,0,0,,,,,,,,,
829729,2015,2015-04-17,Wankhede Stadium,1,11.5,Mumbai Indians,Chennai Super Kings,KA Pollard,RG Sharma,R Ashwin,4,0,,,,,,,,,
829729,2015,2015-04-17,Wankhede Stadium,1,11.6,Mumbai Indians,Chennai Super Kings,KA Pollard,RG Sharma,R Ashwin,0,0,,,,,,,,,
829729,2015,2015-04-17,Wankhede Stadium,1,12.1,Mumbai Indians,Chennai Super Kings,RG Sharma,KA Pollard,DJ Bravo,1,0,,,,,,,,,
829729,2015,2015-04-17,Wankhede Stadium,1,12.2,Mumbai Indians,Chennai Super Kings,KA Pollard,RG Sharma,DJ Bravo,1,0,,,,,,,,,
829729,2015,2015-04-17,Wankhede Stadium,1,12.3,Mumbai Indians,Chennai Super Kings,RG Sharma,KA Pollard,DJ Bravo,1,0,,,,,,,,,
829729,2015,2015-04-17,Wankhede Stadium,1,12.4,Mumbai Indians,Chennai Super Kings,KA Pollard,RG Sharma,DJ Bravo,6,0,,,,,,,,,
829729,2015,2015-04-17,Wankhede Stadium,1,12.5,Mumbai Indians,Chennai Super Kings,KA Pollard,RG Sharma,DJ Bravo,1,0,,,,,,,,,
829729,2015,2015-04-17,Wankhede Stadium,1,12.6,Mumbai Indians,Chennai Super Kings,RG Sharma,KA Pollard,DJ Bravo,4,0,,,,,,,,,
829729,2015,2015-04-17,Wankhede Stadium,1,13.1,Mumbai Indians,Chennai Super Kings,KA Pollard,RG Sharma,RA Jadeja,0,1,1,,,,,,,,
829729,2015,2015-04-17,Wankhede Stadium,1,13.2,Mumbai Indians,Chennai Super Kings,KA Pollard,RG Sharma,RA Jadeja,6,0,,,,,,,,,
829729,2015,2015-04-17,Wankhede Stadium,1,13.3,Mumbai Indians,Chennai Super Kings,KA Pollard,RG Sharma,RA Jadeja,0,1,1,,,,,,,,
829729,2015,2015-04-17,Wankhede Stadium,1,13.4,Mumbai Indians,Chennai Super Kings,KA Pollard,RG Sharma,RA Jadeja,1,0,,,,,,,,,
829729,2015,2015-04-17,Wankhede Stadium,1,13.5,Mumbai Indians,Chennai Super Kings,RG Sharma,KA Pollard,RA Jadeja,1,0,,,,,,,,,
829729,2015,2015-04-17,Wankhede Stadium,1,13.6,Mumbai Indians,Chennai Super Kings,KA Pollard,RG Sharma,RA Jadeja,6,0,,,,,,,,,
829729,2015,2015-04-17,Wankhede Stadium,1,13.7,Mumbai Indians,Chennai Super Kings,KA Pollard,RG Sharma,RA Jadeja,4,0,,,,,,,,,
829729,2015,2015-04-17,Wankhede Stadium,1,13.8,Mumbai Indians,Chennai Super Kings,KA Pollard,RG Sharma,RA Jadeja,6,0,,,,,,,,,
829729,2015,2015-04-17,Wankhede Stadium,1,14.1,Mumbai Indians,Chennai Super Kings,RG Sharma,KA Pollard,A Nehra,2,0,,,,,,,,,
829729,2015,2015-04-17,Wankhede Stadium,1,14.2,Mumbai Indians,Chennai Super Kings,RG Sharma,KA Pollard,A Nehra,1,0,,,,,,,,,
829729,2015,2015-04-17,Wankhede Stadium,1,14.3,Mumbai Indians,Chennai Super Kings,KA Pollard,RG Sharma,A Nehra,2,0,,,,,,,,,
829729,2015,2015-04-17,Wankhede Stadium,1,14.4,Mumbai Indians,Chennai Super Kings,KA Pollard,RG Sharma,A Nehra,1,0,,,,,,,,,
829729,2015,2015-04-17,Wankhede Stadium,1,14.5,Mumbai Indians,Chennai Super Kings,RG Sharma,KA Pollard,A Nehra,2,0,,,,,,,,,
829729,2015,2015-04-17,Wankhede Stadium,1,14.6,Mumbai Indians,Chennai Super Kings,RG Sharma,KA Pollard,A Nehra,0,0,,,,,,caught,RG Sharma,,
829729,2015,2015-04-17,Wankhede Stadium,1,15.1,Mumbai Indians,Chennai Super Kings,KA Pollard,AT Rayudu,DJ Bravo,1,0,,,,,,,,,
829729,2015,2015-04-17,Wankhede Stadium,1,15.2,Mumbai Indians,Chennai Super Kings,AT Rayudu,KA Pollard,DJ Bravo,0,0,,,,,,,,,
829729,2015,2015-04-17,Wankhede Stadium,1,15.3,Mumbai Indians,Chennai Super Kings,AT Rayudu,KA Pollard,DJ Bravo,1,0,,,,,,,,,
829729,2015,2015-04-17,Wankhede Stadium,1,15.4,Mumbai Indians,Chennai Super Kings,KA Pollard,AT Rayudu,DJ Bravo,2,0,,,,,,,,,
829729,2015,2015-04-17,Wankhede Stadium,1,15.5,Mumbai Indians,Chennai Super Kings,KA Pollard,AT Rayudu,DJ Bravo,1,0,,,,,,,,,
829729,2015,2015-04-17,Wankhede Stadium,1,15.6,Mumbai Indians,Chennai Super Kings,AT Rayudu,KA Pollard,DJ Bravo,1,0,,,,,,,,,
829729,2015,2015-04-17,Wankhede Stadium,1,16.1,Mumbai Indians,Chennai Super Kings,AT Rayudu,KA Pollard,IC Pandey,4,0,,,,,,,,,
829729,2015,2015-04-17,Wankhede Stadium,1,16.2,Mumbai Indians,Chennai Super Kings,AT Rayudu,KA Pollard,IC Pandey,6,0,,,,,,,,,
829729,2015,2015-04-17,Wankhede Stadium,1,16.3,Mumbai Indians,Chennai Super Kings,AT Rayudu,KA Pollard,IC Pandey,0,0,,,,,,,,,
829729,2015,2015-04-17,Wankhede Stadium,1,16.4,Mumbai Indians,Chennai Super Kings,AT Rayudu,KA Pollard,IC Pandey,1,0,,,,,,,,,
829729,2015,2015-04-17,Wankhede Stadium,1,16.5,Mumbai Indians,Chennai Super Kings,KA Pollard,AT Rayudu,IC Pandey,2,0,,,,,,,,,
829729,2015,2015-04-17,Wankhede Stadium,1,16.6,Mumbai Indians,Chennai Super Kings,KA Pollard,AT Rayudu,IC Pandey,4,0,,,,,,,,,
829729,2015,2015-04-17,Wankhede Stadium,1,17.1,Mumbai Indians,Chennai Super Kings,AT Rayudu,KA Pollard,DJ Bravo,0,1,,,,1,,,,,
829729,2015,2015-04-17,Wankhede Stadium,1,17.2,Mumbai Indians,Chennai Super Kings,KA Pollard,AT Rayudu,DJ Bravo,2,0,,,,,,,,,
829729,2015,2015-04-17,Wankhede Stadium,1,17.3,Mumbai Indians,Chennai Super Kings,KA Pollard,AT Rayudu,DJ Bravo,0,0,,,,,,,,,
829729,2015,2015-04-17,Wankhede Stadium,1,17.4,Mumbai Indians,Chennai Super Kings,KA Pollard,AT Rayudu,DJ Bravo,1,0,,,,,,,,,
829729,2015,2015-04-17,Wankhede Stadium,1,17.5,Mumbai Indians,Chennai Super Kings,AT Rayudu,KA Pollard,DJ Bravo,1,0,,,,,,,,,
829729,2015,2015-04-17,Wankhede Stadium,1,17.6,Mumbai Indians,Chennai Super Kings,KA Pollard,AT Rayudu,DJ Bravo,0,0,,,,,,,,,
829729,2015,2015-04-17,Wankhede Stadium,1,18.1,Mumbai Indians,Chennai Super Kings,AT Rayudu,KA Pollard,MM Sharma,1,0,,,,,,,,,
829729,2015,2015-04-17,Wankhede Stadium,1,18.2,Mumbai Indians,Chennai Super Kings,KA Pollard,AT Rayudu,MM Sharma,1,0,,,,,,,,,
829729,2015,2015-04-17,Wankhede Stadium,1,18.3,Mumbai Indians,Chennai Super Kings,AT Rayudu,KA Pollard,MM Sharma,6,0,,,,,,,,,
829729,2015,2015-04-17,Wankhede Stadium,1,18.4,Mumbai Indians,Chennai Super Kings,AT Rayudu,KA Pollard,MM Sharma,0,0,,,,,,,,,
829729,2015,2015-04-17,Wankhede Stadium,1,18.5,Mumbai Indians,Chennai Super Kings,AT Rayudu,KA Pollard,MM Sharma,6,0,,,,,,,,,
829729,2015,2015-04-17,Wankhede Stadium,1,18.6,Mumbai Indians,Chennai Super Kings,AT Rayudu,KA Pollard,MM Sharma,1,0,,,,,,,,,
829729,2015,2015-04-17,Wankhede Stadium,1,19.1,Mumbai Indians,Chennai Super Kings,AT Rayudu,KA Pollard,DJ Bravo,1,0,,,,,,,,,
829729,2015,2015-04-17,Wankhede Stadium,1,19.2,Mumbai Indians,Chennai Super Kings,KA Pollard,AT Rayudu,DJ Bravo,4,0,,,,,,,,,
829729,2015,2015-04-17,Wankhede Stadium,1,19.3,Mumbai Indians,Chennai Super Kings,KA Pollard,AT Rayudu,DJ Bravo,1,0,,,,,,,,,
829729,2015,2015-04-17,Wankhede Stadium,1,19.4,Mumbai Indians,Chennai Super Kings,AT Rayudu,KA Pollard,DJ Bravo,0,0,,,,,,caught,AT Rayudu,,
829729,2015,2015-04-17,Wankhede Stadium,1,19.5,Mumbai Indians,Chennai Super Kings,KA Pollard,J Suchith,DJ Bravo,0,0,,,,,,caught,KA Pollard,,
829729,2015,2015-04-17,Wankhede Stadium,1,19.6,Mumbai Indians,Chennai Super Kings,R Vinay Kumar,J Suchith,DJ Bravo,0,2,,,2,,,,,,
829729,2015,2015-04-17,Wankhede Stadium,2,0.1,Chennai Super Kings,Mumbai Indians,DR Smith,BB McCullum,P Suyal,0,0,,,,,,,,,
829729,2015,2015-04-17,Wankhede Stadium,2,0.2,Chennai Super Kings,Mumbai Indians,DR Smith,BB McCullum,P Suyal,0,0,,,,,,,,,
829729,2015,2015-04-17,Wankhede Stadium,2,0.3,Chennai Super Kings,Mumbai Indians,DR Smith,BB McCullum,P Suyal,1,0,,,,,,,,,
829729,2015,2015-04-17,Wankhede Stadium,2,0.4,Chennai Super Kings,Mumbai Indians,BB McCullum,DR Smith,P Suyal,1,0,,,,,,,,,
829729,2015,2015-04-17,Wankhede Stadium,2,0.5,Chennai Super Kings,Mumbai Indians,DR Smith,BB McCullum,P Suyal,0,0,,,,,,,,,
829729,2015,2015-04-17,Wankhede Stadium,2,0.6,Chennai Super Kings,Mumbai Indians,DR Smith,BB McCullum,P Suyal,4,0,,,,,,,,,
829729,2015,2015-04-17,Wankhede Stadium,2,1.1,Chennai Super Kings,Mumbai Indians,BB McCullum,DR Smith,SL Malinga,0,0,,,,,,,,,
829729,2015,2015-04-17,Wankhede Stadium,2,1.2,Chennai Super Kings,Mumbai Indians,BB McCullum,DR Smith,SL Malinga,0,1,1,,,,,,,,
829729,2015,2015-04-17,Wankhede Stadium,2,1.3,Chennai Super Kings,Mumbai Indians,BB McCullum,DR Smith,SL Malinga,6,0,,,,,,,,,
829729,2015,2015-04-17,Wankhede Stadium,2,1.4,Chennai Super Kings,Mumbai Indians,BB McCullum,DR Smith,SL Malinga,0,0,,,,,,,,,
829729,2015,2015-04-17,Wankhede Stadium,2,1.5,Chennai Super Kings,Mumbai Indians,BB McCullum,DR Smith,SL Malinga,4,0,,,,,,,,,
829729,2015,2015-04-17,Wankhede Stadium,2,1.6,Chennai Super Kings,Mumbai Indians,BB McCullum,DR Smith,SL Malinga,1,0,,,,,,,,,
829729,2015,2015-04-17,Wankhede Stadium,2,1.7,Chennai Super Kings,Mumbai Indians,DR Smith,BB McCullum,SL Malinga,0,0,,,,,,,,,
829729,2015,2015-04-17,Wankhede Stadium,2,2.1,Chennai Super Kings,Mumbai Indians,BB McCullum,DR Smith,J Suchith,1,0,,,,,,,,,
829729,2015,2015-04-17,Wankhede Stadium,2,2.2,Chennai Super Kings,Mumbai Indians,DR Smith,BB McCullum,J Suchith,6,0,,,,,,,,,
829729,2015,2015-04-17,Wankhede Stadium,2,2.3,Chennai Super Kings,Mumbai Indians,DR Smith,BB McCullum,J Suchith,0,0,,,,,,,,,
829729,2015,2015-04-17,Wankhede Stadium,2,2.4,Chennai Super Kings,Mumbai Indians,DR Smith,BB McCullum,J Suchith,4,0,,,,,,,,,
829729,2015,2015-04-17,Wankhede Stadium,2,2.5,Chennai Super Kings,Mumbai Indians,DR Smith,BB McCullum,J Suchith,0,0,,,,,,,,,
829729,2015,2015-04-17,Wankhede Stadium,2,2.6,Chennai Super Kings,Mumbai Indians,DR Smith,BB McCullum,J Suchith,0,0,,,,,,,,,
829729,2015,2015-04-17,Wankhede Stadium,2,3.1,Chennai Super Kings,Mumbai Indians,BB McCullum,DR Smith,SL Malinga,4,0,,,,,,,,,
829729,2015,2015-04-17,Wankhede Stadium,2,3.2,Chennai Super Kings,Mumbai Indians,BB McCullum,DR Smith,SL Malinga,4,0,,,,,,,,,
829729,2015,2015-04-17,Wankhede Stadium,2,3.3,Chennai Super Kings,Mumbai Indians,BB McCullum,DR Smith,SL Malinga,1,0,,,,,,,,,
829729,2015,2015-04-17,Wankhede Stadium,2,3.4,Chennai Super Kings,Mumbai Indians,DR Smith,BB McCullum,SL Malinga,4,0,,,,,,,,,
829729,2015,2015-04-17,Wankhede Stadium,2,3.5,Chennai Super Kings,Mumbai Indians,DR Smith,BB McCullum,SL Malinga,0,1,1,,,,,,,,
829729,2015,2015-04-17,Wankhede Stadium,2,3.6,Chennai Super Kings,Mumbai Indians,DR Smith,BB McCullum,SL Malinga,2,0,,,,,,,,,
829729,2015,2015-04-17,Wankhede Stadium,2,3.7,Chennai Super Kings,Mumbai Indians,DR Smith,BB McCullum,SL Malinga,0,1,,1,,,,,,,
829729,2015,2015-04-17,Wankhede Stadium,2,3.8,Chennai Super Kings,Mumbai Indians,DR Smith,BB McCullum,SL Malinga,4,0,,,,,,,,,
829729,2015,2015-04-17,Wankhede Stadium,2,4.1,Chennai Super Kings,Mumbai Indians,BB McCullum,DR Smith,J Suchith,1,0,,,,,,,,,
829729,2015,2015-04-17,Wankhede Stadium,2,4.2,Chennai Super Kings,Mumbai Indians,DR Smith,BB McCullum,J Suchith,4,0,,,,,,,,,
829729,2015,2015-04-17,Wankhede Stadium,2,4.3,Chennai Super Kings,Mumbai Indians,DR Smith,BB McCullum,J Suchith,6,0,,,,,,,,,
829729,2015,2015-04-17,Wankhede Stadium,2,4.4,Chennai Super Kings,Mumbai Indians,DR Smith,BB McCullum,J Suchith,0,1,1,,,,,,,,
829729,2015,2015-04-17,Wankhede Stadium,2,4.5,Chennai Super Kings,Mumbai Indians,DR Smith,BB McCullum,J Suchith,6,0,,,,,,,,,
829729,2015,2015-04-17,Wankhede Stadium,2,4.6,Chennai Super Kings,Mumbai Indians,DR Smith,BB McCullum,J Suchith,0,0,,,,,,,,,
829729,2015,2015-04-17,Wankhede Stadium,2,4.7,Chennai Super Kings,Mumbai Indians,DR Smith,BB McCullum,J Suchith,4,0,,,,,,,,,
829729,2015,2015-04-17,Wankhede Stadium,2,5.1,Chennai Super Kings,Mumbai Indians,BB McCullum,DR Smith,Harbhajan Singh,4,0,,,,,,,,,
829729,2015,2015-04-17,Wankhede Stadium,2,5.2,Chennai Super Kings,Mumbai Indians,BB McCullum,DR Smith,Harbhajan Singh,4,0,,,,,,,,,
829729,2015,2015-04-17,Wankhede Stadium,2,5.3,Chennai Super Kings,Mumbai Indians,BB McCullum,DR Smith,Harbhajan Singh,4,0,,,,,,,,,
829729,2015,2015-04-17,Wankhede Stadium,2,5.4,Chennai Super Kings,Mumbai Indians,BB McCullum,DR Smith,Harbhajan Singh,1,0,,,,,,,,,
829729,2015,2015-04-17,Wankhede Stadium,2,5.5,Chennai Super Kings,Mumbai Indians,DR Smith,BB McCullum,Harbhajan Singh,4,0,,,,,,,,,
829729,2015,2015-04-17,Wankhede Stadium,2,5.6,Chennai Super Kings,Mumbai Indians,DR Smith,BB McCullum,Harbhajan Singh,1,0,,,,,,,,,
829729,2015,2015-04-17,Wankhede Stadium,2,6.1,Chennai Super Kings,Mumbai Indians,DR Smith,BB McCullum,P Suyal,0,0,,,,,,,,,
829729,2015,2015-04-17,Wankhede Stadium,2,6.2,Chennai Super Kings,Mumbai Indians,DR Smith,BB McCullum,P Suyal,1,0,,,,,,,,,
829729,2015,2015-04-17,Wankhede Stadium,2,6.3,Chennai Super Kings,Mumbai Indians,BB McCullum,DR Smith,P Suyal,1,1,,1,,,,,,,
829729,2015,2015-04-17,Wankhede Stadium,2,6.4,Chennai Super Kings,Mumbai Indians,DR Smith,BB McCullum,P Suyal,4,0,,,,,,,,,
829729,2015,2015-04-17,Wankhede Stadium,2,6.5,Chennai Super Kings,Mumbai Indians,DR Smith,BB McCullum,P Suyal,1,0,,,,,,,,,
829729,2015,2015-04-17,Wankhede Stadium,2,6.6,Chennai Super Kings,Mumbai Indians,BB McCullum,DR Smith,P Suyal,6,0,,,,,,,,,
829729,2015,2015-04-17,Wankhede Stadium,2,6.7,Chennai Super Kings,Mumbai Indians,BB McCullum,DR Smith,P Suyal,0,1,1,,,,,,,,
829729,2015,2015-04-17,Wankhede Stadium,2,6.8,Chennai Super Kings,Mumbai Indians,BB McCullum,DR Smith,P Suyal,0,1,1,,,,,,,,
829729,2015,2015-04-17,Wankhede Stadium,2,6.9,Chennai Super Kings,Mumbai Indians,BB McCullum,DR Smith,P Suyal,1,0,,,,,,,,,
829729,2015,2015-04-17,Wankhede Stadium,2,7.1,Chennai Super Kings,Mumbai Indians,BB McCullum,DR Smith,Harbhajan Singh,2,0,,,,,,,,,
829729,2015,2015-04-17,Wankhede Stadium,2,7.2,Chennai Super Kings,Mumbai Indians,BB McCullum,DR Smith,Harbhajan Singh,0,0,,,,,,caught,BB McCullum,,
829729,2015,2015-04-17,Wankhede Stadium,2,7.3,Chennai Super Kings,Mumbai Indians,DR Smith,SK Raina,Harbhajan Singh,6,0,,,,,,,,,
829729,2015,2015-04-17,Wankhede Stadium,2,7.4,Chennai Super Kings,Mumbai Indians,DR Smith,SK Raina,Harbhajan Singh,0,0,,,,,,,,,
829729,2015,2015-04-17,Wankhede Stadium,2,7.5,Chennai Super Kings,Mumbai Indians,DR Smith,SK Raina,Harbhajan Singh,0,0,,,,,,,,,
829729,2015,2015-04-17,Wankhede Stadium,2,7.6,Chennai Super Kings,Mumbai Indians,DR Smith,SK Raina,Harbhajan Singh,0,0,,,,,,caught,DR Smith,,
829729,2015,2015-04-17,Wankhede Stadium,2,8.1,Chennai Super Kings,Mumbai Indians,F du Plessis,SK Raina,R Vinay Kumar,0,0,,,,,,,,,
829729,2015,2015-04-17,Wankhede Stadium,2,8.2,Chennai Super Kings,Mumbai Indians,F du Plessis,SK Raina,R Vinay Kumar,1,0,,,,,,,,,
829729,2015,2015-04-17,Wankhede Stadium,2,8.3,Chennai Super Kings,Mumbai Indians,SK Raina,F du Plessis,R Vinay Kumar,1,0,,,,,,,,,
829729,2015,2015-04-17,Wankhede Stadium,2,8.4,Chennai Super Kings,Mumbai Indians,F du Plessis,SK Raina,R Vinay Kumar,0,0,,,,,,,,,
829729,2015,2015-04-17,Wankhede Stadium,2,8.5,Chennai Super Kings,Mumbai Indians,F du Plessis,SK Raina,R Vinay Kumar,0,0,,,,,,,,,
829729,2015,2015-04-17,Wankhede Stadium,2,8.6,Chennai Super Kings,Mumbai Indians,F du Plessis,SK Raina,R Vinay Kumar,4,0,,,,,,,,,
829729,2015,2015-04-17,Wankhede Stadium,2,9.1,Chennai Super Kings,Mumbai Indians,SK Raina,F du Plessis,Harbhajan Singh,1,0,,,,,,,,,
829729,2015,2015-04-17,Wankhede Stadium,2,9.2,Chennai Super Kings,Mumbai Indians,F du Plessis,SK Raina,Harbhajan Singh,1,0,,,,,,,,,
829729,2015,2015-04-17,Wankhede Stadium,2,9.3,Chennai Super Kings,Mumbai Indians,SK Raina,F du Plessis,Harbhajan Singh,0,0,,,,,,,,,
829729,2015,2015-04-17,Wankhede Stadium,2,9.4,Chennai Super Kings,Mumbai Indians,SK Raina,F du Plessis,Harbhajan Singh,1,0,,,,,,,,,
829729,2015,2015-04-17,Wankhede Stadium,2,9.5,Chennai Super Kings,Mumbai Indians,F du Plessis,SK Raina,Harbhajan Singh,4,0,,,,,,,,,
829729,2015,2015-04-17,Wankhede Stadium,2,9.6,Chennai Super Kings,Mumbai Indians,F du Plessis,SK Raina,Harbhajan Singh,0,0,,,,,,,,,
829729,2015,2015-04-17,Wankhede Stadium,2,10.1,Chennai Super Kings,Mumbai Indians,SK Raina,F du Plessis,SL Malinga,1,0,,,,,,,,,
829729,2015,2015-04-17,Wankhede Stadium,2,10.2,Chennai Super Kings,Mumbai Indians,F du Plessis,SK Raina,SL Malinga,1,0,,,,,,,,,
829729,2015,2015-04-17,Wankhede Stadium,2,10.3,Chennai Super Kings,Mumbai Indians,SK Raina,F du Plessis,SL Malinga,0,1,1,,,,,,,,
829729,2015,2015-04-17,Wankhede Stadium,2,10.4,Chennai Super Kings,Mumbai Indians,SK Raina,F du Plessis,SL Malinga,1,0,,,,,,,,,
829729,2015,2015-04-17,Wankhede Stadium,2,10.5,Chennai Super Kings,Mumbai Indians,F du Plessis,SK Raina,SL Malinga,0,0,,,,,,,,,
829729,2015,2015-04-17,Wankhede Stadium,2,10.6,Chennai Super Kings,Mumbai Indians,F du Plessis,SK Raina,SL Malinga,0,0,,,,,,,,,
829729,2015,2015-04-17,Wankhede Stadium,2,10.7,Chennai Super Kings,Mumbai Indians,F du Plessis,SK Raina,SL Malinga,0,0,,,,,,,,,
829729,2015,2015-04-17,Wankhede Stadium,2,11.1,Chennai Super Kings,Mumbai Indians,SK Raina,F du Plessis,Harbhajan Singh,0,0,,,,,,,,,
829729,2015,2015-04-17,Wankhede Stadium,2,11.2,Chennai Super Kings,Mumbai Indians,SK Raina,F du Plessis,Harbhajan Singh,6,0,,,,,,,,,
829729,2015,2015-04-17,Wankhede Stadium,2,11.3,Chennai Super Kings,Mumbai Indians,SK Raina,F du Plessis,Harbhajan Singh,0,0,,,,,,,,,
829729,2015,2015-04-17,Wankhede Stadium,2,11.4,Chennai Super Kings,Mumbai Indians,SK Raina,F du Plessis,Harbhajan Singh,0,0,,,,,,,,,
829729,2015,2015-04-17,Wankhede Stadium,2,11.5,Chennai Super Kings,Mumbai Indians,SK Raina,F du Plessis,Harbhajan Singh,4,0,,,,,,,,,
829729,2015,2015-04-17,Wankhede Stadium,2,11.6,Chennai Super Kings,Mumbai Indians,SK Raina,F du Plessis,Harbhajan Singh,1,0,,,,,,,,,
829729,2015,2015-04-17,Wankhede Stadium,2,12.1,Chennai Super Kings,Mumbai Indians,SK Raina,F du Plessis,SL Malinga,1,0,,,,,,,,,
829729,2015,2015-04-17,Wankhede Stadium,2,12.2,Chennai Super Kings,Mumbai Indians,F du Plessis,SK Raina,SL Malinga,0,0,,,,,,bowled,F du Plessis,,
829729,2015,2015-04-17,Wankhede Stadium,2,12.3,Chennai Super Kings,Mumbai Indians,MS Dhoni,SK Raina,SL Malinga,1,0,,,,,,,,,
829729,2015,2015-04-17,Wankhede Stadium,2,12.4,Chennai Super Kings,Mumbai Indians,SK Raina,MS Dhoni,SL Malinga,1,0,,,,,,,,,
829729,2015,2015-04-17,Wankhede Stadium,2,12.5,Chennai Super Kings,Mumbai Indians,MS Dhoni,SK Raina,SL Malinga,0,0,,,,,,,,,
829729,2015,2015-04-17,Wankhede Stadium,2,12.6,Chennai Super Kings,Mumbai Indians,MS Dhoni,SK Raina,SL Malinga,0,0,,,,,,,,,
829729,2015,2015-04-17,Wankhede Stadium,2,13.1,Chennai Super Kings,Mumbai Indians,SK Raina,MS Dhoni,R Vinay Kumar,4,0,,,,,,,,,
829729,2015,2015-04-17,Wankhede Stadium,2,13.2,Chennai Super Kings,Mumbai Indians,SK Raina,MS Dhoni,R Vinay Kumar,0,0,,,,,,,,,
829729,2015,2015-04-17,Wankhede Stadium,2,13.3,Chennai Super Kings,Mumbai Indians,SK Raina,MS Dhoni,R Vinay Kumar,0,0,,,,,,,,,
829729,2015,2015-04-17,Wankhede Stadium,2,13.4,Chennai Super Kings,Mumbai Indians,SK Raina,MS Dhoni,R Vinay Kumar,6,0,,,,,,,,,
829729,2015,2015-04-17,Wankhede Stadium,2,13.5,Chennai Super Kings,Mumbai Indians,SK Raina,MS Dhoni,R Vinay Kumar,1,0,,,,,,,,,
829729,2015,2015-04-17,Wankhede Stadium,2,13.6,Chennai Super Kings,Mumbai Indians,MS Dhoni,SK Raina,R Vinay Kumar,1,0,,,,,,,,,
829729,2015,2015-04-17,Wankhede Stadium,2,14.1,Chennai Super Kings,Mumbai Indians,MS Dhoni,SK Raina,KA Pollard,1,0,,,,,,,,,
829729,2015,2015-04-17,Wankhede Stadium,2,14.2,Chennai Super Kings,Mumbai Indians,SK Raina,MS Dhoni,KA Pollard,0,0,,,,,,,,,
829729,2015,2015-04-17,Wankhede Stadium,2,14.3,Chennai Super Kings,Mumbai Indians,SK Raina,MS Dhoni,KA Pollard,0,1,1,,,,,,,,
829729,2015,2015-04-17,Wankhede Stadium,2,14.4,Chennai Super Kings,Mumbai Indians,SK Raina,MS Dhoni,KA Pollard,0,1,,1,,,,,,,
829729,2015,2015-04-17,Wankhede Stadium,2,14.5,Chennai Super Kings,Mumbai Indians,SK Raina,MS Dhoni,KA Pollard,4,0,,,,,,,,,
829729,2015,2015-04-17,Wankhede Stadium,2,14.6,Chennai Super Kings,Mumbai Indians,SK Raina,MS Dhoni,KA Pollard,1,0,,,,,,,,,
829729,2015,2015-04-17,Wankhede Stadium,2,14.7,Chennai Super Kings,Mumbai Indians,MS Dhoni,SK Raina,KA Pollard,0,0,,,,,,caught and bowled,MS Dhoni,,
829729,2015,2015-04-17,Wankhede Stadium,2,14.8,Chennai Super Kings,Mumbai Indians,DJ Bravo,SK Raina,KA Pollard,2,0,,,,,,,,,
829729,2015,2015-04-17,Wankhede Stadium,2,15.1,Chennai Super Kings,Mumbai Indians,SK Raina,DJ Bravo,P Suyal,2,0,,,,,,,,,
829729,2015,2015-04-17,Wankhede Stadium,2,15.2,Chennai Super Kings,Mumbai Indians,SK Raina,DJ Bravo,P Suyal,0,0,,,,,,,,,
829729,2015,2015-04-17,Wankhede Stadium,2,15.3,Chennai Super Kings,Mumbai Indians,SK Raina,DJ Bravo,P Suyal,1,0,,,,,,,,,
829729,2015,2015-04-17,Wankhede Stadium,2,15.4,Chennai Super Kings,Mumbai Indians,DJ Bravo,SK Raina,P Suyal,0,0,,,,,,,,,
829729,2015,2015-04-17,Wankhede Stadium,2,15.5,Chennai Super Kings,Mumbai Indians,DJ Bravo,SK Raina,P Suyal,1,0,,,,,,,,,
829729,2015,2015-04-17,Wankhede Stadium,2,15.6,Chennai Super Kings,Mumbai Indians,SK Raina,DJ Bravo,P Suyal,1,0,,,,,,,,,
829729,2015,2015-04-17,Wankhede Stadium,2,16.1,Chennai Super Kings,Mumbai Indians,SK Raina,DJ Bravo,KA Pollard,0,1,1,,,,,,,,
829729,2015,2015-04-17,Wankhede Stadium,2,16.2,Chennai Super Kings,Mumbai Indians,SK Raina,DJ Bravo,KA Pollard,4,0,,,,,,,,,
829729,2015,2015-04-17,Wankhede Stadium,2,16.3,Chennai Super Kings,Mumbai Indians,SK Raina,DJ Bravo,KA Pollard,1,0,,,,,,,,,
829729,2015,2015-04-17,Wankhede Stadium,2,16.4,Chennai Super Kings,Mumbai Indians,DJ Bravo,SK Raina,KA Pollard,4,0,,,,,,,,,
829729,2015,2015-04-17,Wankhede Stadium,2,16.5,Chennai Super Kings,Mumbai Indians,DJ Bravo,SK Raina,KA Pollard,6,0,,,,,,,,,
