match_id,season,start_date,venue,innings,ball,batting_team,bowling_team,striker,non_striker,bowler,runs_off_bat,extras,wides,noballs,byes,legbyes,penalty,wicket_type,player_dismissed,other_wicket_type,other_player_dismissed
829785,2015,2015-05-06,M Chinnaswamy Stadium,1,0.1,Royal Challengers Bangalore,Kings XI Punjab,CH Gayle,V Kohli,Sandeep Sharma,0,0,,,,,,,,,
829785,2015,2015-05-06,M Chinnaswamy Stadium,1,0.2,Royal Challengers Bangalore,Kings XI Punjab,CH Gayle,V Kohli,Sandeep Sharma,0,0,,,,,,,,,
829785,2015,2015-05-06,M Chinnaswamy Stadium,1,0.3,Royal Challengers Bangalore,Kings XI Punjab,CH Gayle,V Kohli,Sandeep Sharma,0,0,,,,,,,,,
829785,2015,2015-05-06,M Chinnaswamy Stadium,1,0.4,Royal Challengers Bangalore,Kings XI Punjab,CH Gayle,V Kohli,Sandeep Sharma,0,0,,,,,,,,,
829785,2015,2015-05-06,M Chinnaswamy Stadium,1,0.5,Royal Challengers Bangalore,Kings XI Punjab,CH Gayle,V Kohli,Sandeep Sharma,1,0,,,,,,,,,
829785,2015,2015-05-06,M Chinnaswamy Stadium,1,0.6,Royal Challengers Bangalore,Kings XI Punjab,V Kohli,CH Gayle,Sandeep Sharma,0,0,,,,,,,,,
829785,2015,2015-05-06,M Chinnaswamy Stadium,1,1.1,Royal Challengers Bangalore,Kings XI Punjab,CH Gayle,V Kohli,MG Johnson,4,0,,,,,,,,,
829785,2015,2015-05-06,M Chinnaswamy Stadium,1,1.2,Royal Challengers Bangalore,Kings XI Punjab,CH Gayle,V Kohli,MG Johnson,0,0,,,,,,,,,
829785,2015,2015-05-06,M Chinnaswamy Stadium,1,1.3,Royal Challengers Bangalore,Kings XI Punjab,CH Gayle,V Kohli,MG Johnson,6,0,,,,,,,,,
829785,2015,2015-05-06,M Chinnaswamy Stadium,1,1.4,Royal Challengers Bangalore,Kings XI Punjab,CH Gayle,V Kohli,MG Johnson,6,0,,,,,,,,,
829785,2015,2015-05-06,M Chinnaswamy Stadium,1,1.5,Royal Challengers Bangalore,Kings XI Punjab,CH Gayle,V Kohli,MG Johnson,4,0,,,,,,,,,
829785,2015,2015-05-06,M Chinnaswamy Stadium,1,1.6,Royal Challengers Bangalore,Kings XI Punjab,CH Gayle,V Kohli,MG Johnson,0,0,,,,,,,,,
829785,2015,2015-05-06,M Chinnaswamy Stadium,1,2.1,Royal Challengers Bangalore,Kings XI Punjab,V Kohli,CH Gayle,Sandeep Sharma,1,0,,,,,,,,,
829785,2015,2015-05-06,M Chinnaswamy Stadium,1,2.2,Royal Challengers Bangalore,Kings XI Punjab,CH Gayle,V Kohli,Sandeep Sharma,6,0,,,,,,,,,
829785,2015,2015-05-06,M Chinnaswamy Stadium,1,2.3,Royal Challengers Bangalore,Kings XI Punjab,CH Gayle,V Kohli,Sandeep Sharma,4,0,,,,,,,,,
829785,2015,2015-05-06,M Chinnaswamy Stadium,1,2.4,Royal Challengers Bangalore,Kings XI Punjab,CH Gayle,V Kohli,Sandeep Sharma,1,1,,1,,,,,,,
829785,2015,2015-05-06,M Chinnaswamy Stadium,1,2.5,Royal Challengers Bangalore,Kings XI Punjab,V Kohli,CH Gayle,Sandeep Sharma,1,0,,,,,,,,,
829785,2015,2015-05-06,M Chinnaswamy Stadium,1,2.6,Royal Challengers Bangalore,Kings XI Punjab,CH Gayle,V Kohli,Sandeep Sharma,6,0,,,,,,,,,
829785,2015,2015-05-06,M Chinnaswamy Stadium,1,2.7,Royal Challengers Bangalore,Kings XI Punjab,CH Gayle,V Kohli,Sandeep Sharma,4,0,,,,,,,,,
829785,2015,2015-05-06,M Chinnaswamy Stadium,1,3.1,Royal Challengers Bangalore,Kings XI Punjab,V Kohli,CH Gayle,MG Johnson,0,0,,,,,,,,,
829785,2015,2015-05-06,M Chinnaswamy Stadium,1,3.2,Royal Challengers Bangalore,Kings XI Punjab,V Kohli,CH Gayle,MG Johnson,0,0,,,,,,,,,
829785,2015,2015-05-06,M Chinnaswamy Stadium,1,3.3,Royal Challengers Bangalore,Kings XI Punjab,V Kohli,CH Gayle,MG Johnson,0,0,,,,,,,,,
829785,2015,2015-05-06,M Chinnaswamy Stadium,1,3.4,Royal Challengers Bangalore,Kings XI Punjab,V Kohli,CH Gayle,MG Johnson,0,0,,,,,,,,,
829785,2015,2015-05-06,M Chinnaswamy Stadium,1,3.5,Royal Challengers Bangalore,Kings XI Punjab,V Kohli,CH Gayle,MG Johnson,4,0,,,,,,,,,
829785,2015,2015-05-06,M Chinnaswamy Stadium,1,3.6,Royal Challengers Bangalore,Kings XI Punjab,V Kohli,CH Gayle,MG Johnson,2,0,,,,,,,,,
829785,2015,2015-05-06,M Chinnaswamy Stadium,1,4.1,Royal Challengers Bangalore,Kings XI Punjab,CH Gayle,V Kohli,Anureet Singh,0,1,,,,1,,,,,
829785,2015,2015-05-06,M Chinnaswamy Stadium,1,4.2,Royal Challengers Bangalore,Kings XI Punjab,V Kohli,CH Gayle,Anureet Singh,4,0,,,,,,,,,
829785,2015,2015-05-06,M Chinnaswamy Stadium,1,4.3,Royal Challengers Bangalore,Kings XI Punjab,V Kohli,CH Gayle,Anureet Singh,0,0,,,,,,,,,
829785,2015,2015-05-06,M Chinnaswamy Stadium,1,4.4,Royal Challengers Bangalore,Kings XI Punjab,V Kohli,CH Gayle,Anureet Singh,1,0,,,,,,,,,
829785,2015,2015-05-06,M Chinnaswamy Stadium,1,4.5,Royal Challengers Bangalore,Kings XI Punjab,CH Gayle,V Kohli,Anureet Singh,0,0,,,,,,,,,
829785,2015,2015-05-06,M Chinnaswamy Stadium,1,4.6,Royal Challengers Bangalore,Kings XI Punjab,CH Gayle,V Kohli,Anureet Singh,1,0,,,,,,,,,
829785,2015,2015-05-06,M Chinnaswamy Stadium,1,5.1,Royal Challengers Bangalore,Kings XI Punjab,CH Gayle,V Kohli,MG Johnson,0,1,1,,,,,,,,
829785,2015,2015-05-06,M Chinnaswamy Stadium,1,5.2,Royal Challengers Bangalore,Kings XI Punjab,CH Gayle,V Kohli,MG Johnson,6,0,,,,,,,,,
829785,2015,2015-05-06,M Chinnaswamy Stadium,1,5.3,Royal Challengers Bangalore,Kings XI Punjab,CH Gayle,V Kohli,MG Johnson,0,0,,,,,,,,,
829785,2015,2015-05-06,M Chinnaswamy Stadium,1,5.4,Royal Challengers Bangalore,Kings XI Punjab,CH Gayle,V Kohli,MG Johnson,1,0,,,,,,,,,
829785,2015,2015-05-06,M Chinnaswamy Stadium,1,5.5,Royal Challengers Bangalore,Kings XI Punjab,V Kohli,CH Gayle,MG Johnson,0,0,,,,,,,,,
829785,2015,2015-05-06,M Chinnaswamy Stadium,1,5.6,Royal Challengers Bangalore,Kings XI Punjab,V Kohli,CH Gayle,MG Johnson,0,0,,,,,,,,,
829785,2015,2015-05-06,M Chinnaswamy Stadium,1,5.7,Royal Challengers Bangalore,Kings XI Punjab,V Kohli,CH Gayle,MG Johnson,0,1,1,,,,,,,,
829785,2015,2015-05-06,M Chinnaswamy Stadium,1,5.8,Royal Challengers Bangalore,Kings XI Punjab,V Kohli,CH Gayle,MG Johnson,1,0,,,,,,,,,
829785,2015,2015-05-06,M Chinnaswamy Stadium,1,6.1,Royal Challengers Bangalore,Kings XI Punjab,V Kohli,CH Gayle,Anureet Singh,1,0,,,,,,,,,
829785,2015,2015-05-06,M Chinnaswamy Stadium,1,6.2,Royal Challengers Bangalore,Kings XI Punjab,CH Gayle,V Kohli,Anureet Singh,1,0,,,,,,,,,
829785,2015,2015-05-06,M Chinnaswamy Stadium,1,6.3,Royal Challengers Bangalore,Kings XI Punjab,V Kohli,CH Gayle,Anureet Singh,0,0,,,,,,,,,
829785,2015,2015-05-06,M Chinnaswamy Stadium,1,6.4,Royal Challengers Bangalore,Kings XI Punjab,V Kohli,CH Gayle,Anureet Singh,1,0,,,,,,,,,
829785,2015,2015-05-06,M Chinnaswamy Stadium,1,6.5,Royal Challengers Bangalore,Kings XI Punjab,CH Gayle,V Kohli,Anureet Singh,0,0,,,,,,,,,
829785,2015,2015-05-06,M Chinnaswamy Stadium,1,6.6,Royal Challengers Bangalore,Kings XI Punjab,CH Gayle,V Kohli,Anureet Singh,0,0,,,,,,,,,
829785,2015,2015-05-06,M Chinnaswamy Stadium,1,7.1,Royal Challengers Bangalore,Kings XI Punjab,V Kohli,CH Gayle,GJ Maxwell,4,0,,,,,,,,,
829785,2015,2015-05-06,M Chinnaswamy Stadium,1,7.2,Royal Challengers Bangalore,Kings XI Punjab,V Kohli,CH Gayle,GJ Maxwell,1,0,,,,,,,,,
829785,2015,2015-05-06,M Chinnaswamy Stadium,1,7.3,Royal Challengers Bangalore,Kings XI Punjab,CH Gayle,V Kohli,GJ Maxwell,0,0,,,,,,,,,
829785,2015,2015-05-06,M Chinnaswamy Stadium,1,7.4,Royal Challengers Bangalore,Kings XI Punjab,CH Gayle,V Kohli,GJ Maxwell,1,0,,,,,,,,,
829785,2015,2015-05-06,M Chinnaswamy Stadium,1,7.5,Royal Challengers Bangalore,Kings XI Punjab,V Kohli,CH Gayle,GJ Maxwell,1,0,,,,,,,,,
829785,2015,2015-05-06,M Chinnaswamy Stadium,1,7.6,Royal Challengers Bangalore,Kings XI Punjab,CH Gayle,V Kohli,GJ Maxwell,1,0,,,,,,,,,
829785,2015,2015-05-06,M Chinnaswamy Stadium,1,8.1,Royal Challengers Bangalore,Kings XI Punjab,CH Gayle,V Kohli,AR Patel,1,0,,,,,,,,,
829785,2015,2015-05-06,M Chinnaswamy Stadium,1,8.2,Royal Challengers Bangalore,Kings XI Punjab,V Kohli,CH Gayle,AR Patel,0,0,,,,,,,,,
829785,2015,2015-05-06,M Chinnaswamy Stadium,1,8.3,Royal Challengers Bangalore,Kings XI Punjab,V Kohli,CH Gayle,AR Patel,6,0,,,,,,,,,
829785,2015,2015-05-06,M Chinnaswamy Stadium,1,8.4,Royal Challengers Bangalore,Kings XI Punjab,V Kohli,CH Gayle,AR Patel,1,0,,,,,,,,,
829785,2015,2015-05-06,M Chinnaswamy Stadium,1,8.5,Royal Challengers Bangalore,Kings XI Punjab,CH Gayle,V Kohli,AR Patel,0,1,,,,1,,,,,
829785,2015,2015-05-06,M Chinnaswamy Stadium,1,8.6,Royal Challengers Bangalore,Kings XI Punjab,V Kohli,CH Gayle,AR Patel,1,0,,,,,,,,,
829785,2015,2015-05-06,M Chinnaswamy Stadium,1,9.1,Royal Challengers Bangalore,Kings XI Punjab,V Kohli,CH Gayle,GJ Maxwell,1,0,,,,,,,,,
829785,2015,2015-05-06,M Chinnaswamy Stadium,1,9.2,Royal Challengers Bangalore,Kings XI Punjab,CH Gayle,V Kohli,GJ Maxwell,6,0,,,,,,,,,
829785,2015,2015-05-06,M Chinnaswamy Stadium,1,9.3,Royal Challengers Bangalore,Kings XI Punjab,CH Gayle,V Kohli,GJ Maxwell,6,0,,,,,,,,,
829785,2015,2015-05-06,M Chinnaswamy Stadium,1,9.4,Royal Challengers Bangalore,Kings XI Punjab,CH Gayle,V Kohli,GJ Maxwell,0,1,1,,,,,,,,
829785,2015,2015-05-06,M Chinnaswamy Stadium,1,9.5,Royal Challengers Bangalore,Kings XI Punjab,CH Gayle,V Kohli,GJ Maxwell,0,0,,,,,,,,,
829785,2015,2015-05-06,M Chinnaswamy Stadium,1,9.6,Royal Challengers Bangalore,Kings XI Punjab,CH Gayle,V Kohli,GJ Maxwell,0,0,,,,,,,,,
829785,2015,2015-05-06,M Chinnaswamy Stadium,1,9.7,Royal Challengers Bangalore,Kings XI Punjab,CH Gayle,V Kohli,GJ Maxwell,1,0,,,,,,,,,
829785,2015,2015-05-06,M Chinnaswamy Stadium,1,10.1,Royal Challengers Bangalore,Kings XI Punjab,CH Gayle,V Kohli,AR Patel,0,1,1,,,,,,,,
829785,2015,2015-05-06,M Chinnaswamy Stadium,1,10.2,Royal Challengers Bangalore,Kings XI Punjab,CH Gayle,V Kohli,AR Patel,6,0,,,,,,,,,
829785,2015,2015-05-06,M Chinnaswamy Stadium,1,10.3,Royal Challengers Bangalore,Kings XI Punjab,CH Gayle,V Kohli,AR Patel,0,0,,,,,,,,,
829785,2015,2015-05-06,M Chinnaswamy Stadium,1,10.4,Royal Challengers Bangalore,Kings XI Punjab,CH Gayle,V Kohli,AR Patel,1,0,,,,,,,,,
829785,2015,2015-05-06,M Chinnaswamy Stadium,1,10.5,Royal Challengers Bangalore,Kings XI Punjab,V Kohli,CH Gayle,AR Patel,0,0,,,,,,,,,
829785,2015,2015-05-06,M Chinnaswamy Stadium,1,10.6,Royal Challengers Bangalore,Kings XI Punjab,V Kohli,CH Gayle,AR Patel,1,0,,,,,,,,,
829785,2015,2015-05-06,M Chinnaswamy Stadium,1,10.7,Royal Challengers Bangalore,Kings XI Punjab,CH Gayle,V Kohli,AR Patel,6,0,,,,,,,,,
829785,2015,2015-05-06,M Chinnaswamy Stadium,1,11.1,Royal Challengers Bangalore,Kings XI Punjab,V Kohli,CH Gayle,Sandeep Sharma,0,0,,,,,,,,,
829785,2015,2015-05-06,M Chinnaswamy Stadium,1,11.2,Royal Challengers Bangalore,Kings XI Punjab,V Kohli,CH Gayle,Sandeep Sharma,0,0,,,,,,bowled,V Kohli,,
829785,2015,2015-05-06,M Chinnaswamy Stadium,1,11.3,Royal Challengers Bangalore,Kings XI Punjab,AB de Villiers,CH Gayle,Sandeep Sharma,1,0,,,,,,,,,
829785,2015,2015-05-06,M Chinnaswamy Stadium,1,11.4,Royal Challengers Bangalore,Kings XI Punjab,CH Gayle,AB de Villiers,Sandeep Sharma,1,0,,,,,,,,,
829785,2015,2015-05-06,M Chinnaswamy Stadium,1,11.5,Royal Challengers Bangalore,Kings XI Punjab,AB de Villiers,CH Gayle,Sandeep Sharma,1,0,,,,,,,,,
829785,2015,2015-05-06,M Chinnaswamy Stadium,1,11.6,Royal Challengers Bangalore,Kings XI Punjab,CH Gayle,AB de Villiers,Sandeep Sharma,1,0,,,,,,,,,
829785,2015,2015-05-06,M Chinnaswamy Stadium,1,12.1,Royal Challengers Bangalore,Kings XI Punjab,CH Gayle,AB de Villiers,Karanveer Singh,0,1,1,,,,,,,,
829785,2015,2015-05-06,M Chinnaswamy Stadium,1,12.2,Royal Challengers Bangalore,Kings XI Punjab,CH Gayle,AB de Villiers,Karanveer Singh,1,0,,,,,,,,,
829785,2015,2015-05-06,M Chinnaswamy Stadium,1,12.3,Royal Challengers Bangalore,Kings XI Punjab,AB de Villiers,CH Gayle,Karanveer Singh,1,0,,,,,,,,,
829785,2015,2015-05-06,M Chinnaswamy Stadium,1,12.4,Royal Challengers Bangalore,Kings XI Punjab,CH Gayle,AB de Villiers,Karanveer Singh,0,1,1,,,,,,,,
829785,2015,2015-05-06,M Chinnaswamy Stadium,1,12.5,Royal Challengers Bangalore,Kings XI Punjab,CH Gayle,AB de Villiers,Karanveer Singh,1,0,,,,,,,,,
829785,2015,2015-05-06,M Chinnaswamy Stadium,1,12.6,Royal Challengers Bangalore,Kings XI Punjab,AB de Villiers,CH Gayle,Karanveer Singh,1,0,,,,,,,,,
829785,2015,2015-05-06,M Chinnaswamy Stadium,1,12.7,Royal Challengers Bangalore,Kings XI Punjab,CH Gayle,AB de Villiers,Karanveer Singh,6,0,,,,,,,,,
829785,2015,2015-05-06,M Chinnaswamy Stadium,1,12.8,Royal Challengers Bangalore,Kings XI Punjab,CH Gayle,AB de Villiers,Karanveer Singh,6,0,,,,,,,,,
829785,2015,2015-05-06,M Chinnaswamy Stadium,1,13.1,Royal Challengers Bangalore,Kings XI Punjab,AB de Villiers,CH Gayle,MG Johnson,1,0,,,,,,,,,
829785,2015,2015-05-06,M Chinnaswamy Stadium,1,13.2,Royal Challengers Bangalore,Kings XI Punjab,CH Gayle,AB de Villiers,MG Johnson,4,0,,,,,,,,,
829785,2015,2015-05-06,M Chinnaswamy Stadium,1,13.3,Royal Challengers Bangalore,Kings XI Punjab,CH Gayle,AB de Villiers,MG Johnson,0,0,,,,,,,,,
829785,2015,2015-05-06,M Chinnaswamy Stadium,1,13.4,Royal Challengers Bangalore,Kings XI Punjab,CH Gayle,AB de Villiers,MG Johnson,1,0,,,,,,,,,
829785,2015,2015-05-06,M Chinnaswamy Stadium,1,13.5,Royal Challengers Bangalore,Kings XI Punjab,AB de Villiers,CH Gayle,MG Johnson,0,0,,,,,,,,,
829785,2015,2015-05-06,M Chinnaswamy Stadium,1,13.6,Royal Challengers Bangalore,Kings XI Punjab,AB de Villiers,CH Gayle,MG Johnson,1,0,,,,,,,,,
829785,2015,2015-05-06,M Chinnaswamy Stadium,1,14.1,Royal Challengers Bangalore,Kings XI Punjab,AB de Villiers,CH Gayle,Karanveer Singh,0,0,,,,,,,,,
829785,2015,2015-05-06,M Chinnaswamy Stadium,1,14.2,Royal Challengers Bangalore,Kings XI Punjab,AB de Villiers,CH Gayle,Karanveer Singh,6,0,,,,,,,,,
829785,2015,2015-05-06,M Chinnaswamy Stadium,1,14.3,Royal Challengers Bangalore,Kings XI Punjab,AB de Villiers,CH Gayle,Karanveer Singh,6,0,,,,,,,,,
829785,2015,2015-05-06,M Chinnaswamy Stadium,1,14.4,Royal Challengers Bangalore,Kings XI Punjab,AB de Villiers,CH Gayle,Karanveer Singh,6,0,,,,,,,,,
829785,2015,2015-05-06,M Chinnaswamy Stadium,1,14.5,Royal Challengers Bangalore,Kings XI Punjab,AB de Villiers,CH Gayle,Karanveer Singh,1,0,,,,,,,,,
829785,2015,2015-05-06,M Chinnaswamy Stadium,1,14.6,Royal Challengers Bangalore,Kings XI Punjab,CH Gayle,AB de Villiers,Karanveer Singh,4,0,,,,,,,,,
829785,2015,2015-05-06,M Chinnaswamy Stadium,1,15.1,Royal Challengers Bangalore,Kings XI Punjab,AB de Villiers,CH Gayle,Anureet Singh,4,0,,,,,,,,,
829785,2015,2015-05-06,M Chinnaswamy Stadium,1,15.2,Royal Challengers Bangalore,Kings XI Punjab,AB de Villiers,CH Gayle,Anureet Singh,1,0,,,,,,,,,
829785,2015,2015-05-06,M Chinnaswamy Stadium,1,15.3,Royal Challengers Bangalore,Kings XI Punjab,CH Gayle,AB de Villiers,Anureet Singh,1,0,,,,,,,,,
829785,2015,2015-05-06,M Chinnaswamy Stadium,1,15.4,Royal Challengers Bangalore,Kings XI Punjab,AB de Villiers,CH Gayle,Anureet Singh,0,0,,,,,,,,,
829785,2015,2015-05-06,M Chinnaswamy Stadium,1,15.5,Royal Challengers Bangalore,Kings XI Punjab,AB de Villiers,CH Gayle,Anureet Singh,1,0,,,,,,,,,
829785,2015,2015-05-06,M Chinnaswamy Stadium,1,15.6,Royal Challengers Bangalore,Kings XI Punjab,CH Gayle,AB de Villiers,Anureet Singh,1,0,,,,,,,,,
829785,2015,2015-05-06,M Chinnaswamy Stadium,1,16.1,Royal Challengers Bangalore,Kings XI Punjab,CH Gayle,AB de Villiers,AR Patel,0,1,1,,,,,,,,
829785,2015,2015-05-06,M Chinnaswamy Stadium,1,16.2,Royal Challengers Bangalore,Kings XI Punjab,CH Gayle,AB de Villiers,AR Patel,4,0,,,,,,,,,
829785,2015,2015-05-06,M Chinnaswamy Stadium,1,16.3,Royal Challengers Bangalore,Kings XI Punjab,CH Gayle,AB de Villiers,AR Patel,6,0,,,,,,,,,
829785,2015,2015-05-06,M Chinnaswamy Stadium,1,16.4,Royal Challengers Bangalore,Kings XI Punjab,CH Gayle,AB de Villiers,AR Patel,0,0,,,,,,,,,
829785,2015,2015-05-06,M Chinnaswamy Stadium,1,16.5,Royal Challengers Bangalore,Kings XI Punjab,CH Gayle,AB de Villiers,AR Patel,0,0,,,,,,,,,
829785,2015,2015-05-06,M Chinnaswamy Stadium,1,16.6,Royal Challengers Bangalore,Kings XI Punjab,CH Gayle,AB de Villiers,AR Patel,0,0,,,,,,,,,
829785,2015,2015-05-06,M Chinnaswamy Stadium,1,16.7,Royal Challengers Bangalore,Kings XI Punjab,CH Gayle,AB de Villiers,AR Patel,0,0,,,,,,caught and bowled,CH Gayle,,
829785,2015,2015-05-06,M Chinnaswamy Stadium,1,17.1,Royal Challengers Bangalore,Kings XI Punjab,AB de Villiers,KD Karthik,Sandeep Sharma,1,0,,,,,,,,,
829785,2015,2015-05-06,M Chinnaswamy Stadium,1,17.2,Royal Challengers Bangalore,Kings XI Punjab,KD Karthik,AB de Villiers,Sandeep Sharma,2,0,,,,,,,,,
829785,2015,2015-05-06,M Chinnaswamy Stadium,1,17.3,Royal Challengers Bangalore,Kings XI Punjab,KD Karthik,AB de Villiers,Sandeep Sharma,6,0,,,,,,,,,
829785,2015,2015-05-06,M Chinnaswamy Stadium,1,17.4,Royal Challengers Bangalore,Kings XI Punjab,KD Karthik,AB de Villiers,Sandeep Sharma,0,0,,,,,,bowled,KD Karthik,,
829785,2015,2015-05-06,M Chinnaswamy Stadium,1,17.5,Royal Challengers Bangalore,Kings XI Punjab,SN Khan,AB de Villiers,Sandeep Sharma,2,0,,,,,,,,,
829785,2015,2015-05-06,M Chinnaswamy Stadium,1,17.6,Royal Challengers Bangalore,Kings XI Punjab,SN Khan,AB de Villiers,Sandeep Sharma,1,0,,,,,,,,,
829785,2015,2015-05-06,M Chinnaswamy Stadium,1,18.1,Royal Challengers Bangalore,Kings XI Punjab,SN Khan,AB de Villiers,AR Patel,1,0,,,,,,,,,
829785,2015,2015-05-06,M Chinnaswamy Stadium,1,18.2,Royal Challengers Bangalore,Kings XI Punjab,AB de Villiers,SN Khan,AR Patel,0,0,,,,,,,,,
829785,2015,2015-05-06,M Chinnaswamy Stadium,1,18.3,Royal Challengers Bangalore,Kings XI Punjab,AB de Villiers,SN Khan,AR Patel,6,0,,,,,,,,,
829785,2015,2015-05-06,M Chinnaswamy Stadium,1,18.4,Royal Challengers Bangalore,Kings XI Punjab,AB de Villiers,SN Khan,AR Patel,0,0,,,,,,,,,
829785,2015,2015-05-06,M Chinnaswamy Stadium,1,18.5,Royal Challengers Bangalore,Kings XI Punjab,AB de Villiers,SN Khan,AR Patel,4,0,,,,,,,,,
829785,2015,2015-05-06,M Chinnaswamy Stadium,1,18.6,Royal Challengers Bangalore,Kings XI Punjab,AB de Villiers,SN Khan,AR Patel,4,0,,,,,,,,,
829785,2015,2015-05-06,M Chinnaswamy Stadium,1,19.1,Royal Challengers Bangalore,Kings XI Punjab,SN Khan,AB de Villiers,Anureet Singh,1,0,,,,,,,,,
829785,2015,2015-05-06,M Chinnaswamy Stadium,1,19.2,Royal Challengers Bangalore,Kings XI Punjab,AB de Villiers,SN Khan,Anureet Singh,1,0,,,,,,,,,
829785,2015,2015-05-06,M Chinnaswamy Stadium,1,19.3,Royal Challengers Bangalore,Kings XI Punjab,SN Khan,AB de Villiers,Anureet Singh,4,0,,,,,,,,,
829785,2015,2015-05-06,M Chinnaswamy Stadium,1,19.4,Royal Challengers Bangalore,Kings XI Punjab,SN Khan,AB de Villiers,Anureet Singh,1,0,,,,,,,,,
829785,2015,2015-05-06,M Chinnaswamy Stadium,1,19.5,Royal Challengers Bangalore,Kings XI Punjab,AB de Villiers,SN Khan,Anureet Singh,0,1,,,,1,,,,,
829785,2015,2015-05-06,M Chinnaswamy Stadium,1,19.6,Royal Challengers Bangalore,Kings XI Punjab,SN Khan,AB de Villiers,Anureet Singh,1,0,,,,,,,,,
829785,2015,2015-05-06,M Chinnaswamy Stadium,2,0.1,Kings XI Punjab,Royal Challengers Bangalore,M Vijay,M Vohra,MA Starc,1,0,,,,,,,,,
829785,2015,2015-05-06,M Chinnaswamy Stadium,2,0.2,Kings XI Punjab,Royal Challengers Bangalore,M Vohra,M Vijay,MA Starc,0,3,3,,,,,,,,
829785,2015,2015-05-06,M Chinnaswamy Stadium,2,0.3,Kings XI Punjab,Royal Challengers Bangalore,M Vohra,M Vijay,MA Starc,2,0,,,,,,,,,
829785,2015,2015-05-06,M Chinnaswamy Stadium,2,0.4,Kings XI Punjab,Royal Challengers Bangalore,M Vohra,M Vijay,MA Starc,0,0,,,,,,,,,
829785,2015,2015-05-06,M Chinnaswamy Stadium,2,0.5,Kings XI Punjab,Royal Challengers Bangalore,M Vohra,M Vijay,MA Starc,0,0,,,,,,caught,M Vohra,,
829785,2015,2015-05-06,M Chinnaswamy Stadium,2,0.6,Kings XI Punjab,Royal Challengers Bangalore,WP Saha,M Vijay,MA Starc,0,0,,,,,,,,,
829785,2015,2015-05-06,M Chinnaswamy Stadium,2,0.7,Kings XI Punjab,Royal Challengers Bangalore,WP Saha,M Vijay,MA Starc,0,5,,,,5,,,,,
829785,2015,2015-05-06,M Chinnaswamy Stadium,2,1.1,Kings XI Punjab,Royal Challengers Bangalore,WP Saha,M Vijay,S Aravind,0,0,,,,,,,,,
829785,2015,2015-05-06,M Chinnaswamy Stadium,2,1.2,Kings XI Punjab,Royal Challengers Bangalore,WP Saha,M Vijay,S Aravind,6,0,,,,,,,,,
829785,2015,2015-05-06,M Chinnaswamy Stadium,2,1.3,Kings XI Punjab,Royal Challengers Bangalore,WP Saha,M Vijay,S Aravind,1,0,,,,,,,,,
829785,2015,2015-05-06,M Chinnaswamy Stadium,2,1.4,Kings XI Punjab,Royal Challengers Bangalore,M Vijay,WP Saha,S Aravind,0,0,,,,,,,,,
829785,2015,2015-05-06,M Chinnaswamy Stadium,2,1.5,Kings XI Punjab,Royal Challengers Bangalore,M Vijay,WP Saha,S Aravind,0,0,,,,,,,,,
829785,2015,2015-05-06,M Chinnaswamy Stadium,2,1.6,Kings XI Punjab,Royal Challengers Bangalore,M Vijay,WP Saha,S Aravind,1,0,,,,,,,,,
829785,2015,2015-05-06,M Chinnaswamy Stadium,2,2.1,Kings XI Punjab,Royal Challengers Bangalore,M Vijay,WP Saha,HV Patel,0,0,,,,,,,,,
829785,2015,2015-05-06,M Chinnaswamy Stadium,2,2.2,Kings XI Punjab,Royal Challengers Bangalore,M Vijay,WP Saha,HV Patel,0,0,,,,,,bowled,M Vijay,,
829785,2015,2015-05-06,M Chinnaswamy Stadium,2,2.3,Kings XI Punjab,Royal Challengers Bangalore,GJ Maxwell,WP Saha,HV Patel,0,0,,,,,,,,,
829785,2015,2015-05-06,M Chinnaswamy Stadium,2,2.4,Kings XI Punjab,Royal Challengers Bangalore,GJ Maxwell,WP Saha,HV Patel,0,0,,,,,,,,,
829785,2015,2015-05-06,M Chinnaswamy Stadium,2,2.5,Kings XI Punjab,Royal Challengers Bangalore,GJ Maxwell,WP Saha,HV Patel,0,0,,,,,,,,,
829785,2015,2015-05-06,M Chinnaswamy Stadium,2,2.6,Kings XI Punjab,Royal Challengers Bangalore,GJ Maxwell,WP Saha,HV Patel,1,0,,,,,,,,,
829785,2015,2015-05-06,M Chinnaswamy Stadium,2,3.1,Kings XI Punjab,Royal Challengers Bangalore,GJ Maxwell,WP Saha,S Aravind,0,0,,,,,,bowled,GJ Maxwell,,
829785,2015,2015-05-06,M Chinnaswamy Stadium,2,3.2,Kings XI Punjab,Royal Challengers Bangalore,DA Miller,WP Saha,S Aravind,0,0,,,,,,,,,
829785,2015,2015-05-06,M Chinnaswamy Stadium,2,3.3,Kings XI Punjab,Royal Challengers Bangalore,DA Miller,WP Saha,S Aravind,0,0,,,,,,,,,
829785,2015,2015-05-06,M Chinnaswamy Stadium,2,3.4,Kings XI Punjab,Royal Challengers Bangalore,DA Miller,WP Saha,S Aravind,0,0,,,,,,,,,
829785,2015,2015-05-06,M Chinnaswamy Stadium,2,3.5,Kings XI Punjab,Royal Challengers Bangalore,DA Miller,WP Saha,S Aravind,4,0,,,,,,,,,
829785,2015,2015-05-06,M Chinnaswamy Stadium,2,3.6,Kings XI Punjab,Royal Challengers Bangalore,DA Miller,WP Saha,S Aravind,1,0,,,,,,,,,
829785,2015,2015-05-06,M Chinnaswamy Stadium,2,4.1,Kings XI Punjab,Royal Challengers Bangalore,DA Miller,WP Saha,MA Starc,1,0,,,,,,,,,
829785,2015,2015-05-06,M Chinnaswamy Stadium,2,4.2,Kings XI Punjab,Royal Challengers Bangalore,WP Saha,DA Miller,MA Starc,1,0,,,,,,,,,
829785,2015,2015-05-06,M Chinnaswamy Stadium,2,4.3,Kings XI Punjab,Royal Challengers Bangalore,DA Miller,WP Saha,MA Starc,0,0,,,,,,,,,
829785,2015,2015-05-06,M Chinnaswamy Stadium,2,4.4,Kings XI Punjab,Royal Challengers Bangalore,DA Miller,WP Saha,MA Starc,1,0,,,,,,,,,
829785,2015,2015-05-06,M Chinnaswamy Stadium,2,4.5,Kings XI Punjab,Royal Challengers Bangalore,WP Saha,DA Miller,MA Starc,1,0,,,,,,,,,
829785,2015,2015-05-06,M Chinnaswamy Stadium,2,4.6,Kings XI Punjab,Royal Challengers Bangalore,DA Miller,WP Saha,MA Starc,0,0,,,,,,,,,
829785,2015,2015-05-06,M Chinnaswamy Stadium,2,5.1,Kings XI Punjab,Royal Challengers Bangalore,WP Saha,DA Miller,S Aravind,0,0,,,,,,,,,
829785,2015,2015-05-06,M Chinnaswamy Stadium,2,5.2,Kings XI Punjab,Royal Challengers Bangalore,WP Saha,DA Miller,S Aravind,4,0,,,,,,,,,
829785,2015,2015-05-06,M Chinnaswamy Stadium,2,5.3,Kings XI Punjab,Royal Challengers Bangalore,WP Saha,DA Miller,S Aravind,0,0,,,,,,,,,
829785,2015,2015-05-06,M Chinnaswamy Stadium,2,5.4,Kings XI Punjab,Royal Challengers Bangalore,WP Saha,DA Miller,S Aravind,0,0,,,,,,caught,WP Saha,,
829785,2015,2015-05-06,M Chinnaswamy Stadium,2,5.5,Kings XI Punjab,Royal Challengers Bangalore,GJ Bailey,DA Miller,S Aravind,1,0,,,,,,,,,
829785,2015,2015-05-06,M Chinnaswamy Stadium,2,5.6,Kings XI Punjab,Royal Challengers Bangalore,DA Miller,GJ Bailey,S Aravind,0,0,,,,,,bowled,DA Miller,,
829785,2015,2015-05-06,M Chinnaswamy Stadium,2,6.1,Kings XI Punjab,Royal Challengers Bangalore,GJ Bailey,AR Patel,YS Chahal,0,0,,,,,,,,,
829785,2015,2015-05-06,M Chinnaswamy Stadium,2,6.2,Kings XI Punjab,Royal Challengers Bangalore,GJ Bailey,AR Patel,YS Chahal,1,0,,,,,,,,,
829785,2015,2015-05-06,M Chinnaswamy Stadium,2,6.3,Kings XI Punjab,Royal Challengers Bangalore,AR Patel,GJ Bailey,YS Chahal,4,0,,,,,,,,,
829785,2015,2015-05-06,M Chinnaswamy Stadium,2,6.4,Kings XI Punjab,Royal Challengers Bangalore,AR Patel,GJ Bailey,YS Chahal,0,0,,,,,,,,,
829785,2015,2015-05-06,M Chinnaswamy Stadium,2,6.5,Kings XI Punjab,Royal Challengers Bangalore,AR Patel,GJ Bailey,YS Chahal,0,0,,,,,,,,,
829785,2015,2015-05-06,M Chinnaswamy Stadium,2,6.6,Kings XI Punjab,Royal Challengers Bangalore,AR Patel,GJ Bailey,YS Chahal,0,0,,,,,,,,,
829785,2015,2015-05-06,M Chinnaswamy Stadium,2,7.1,Kings XI Punjab,Royal Challengers Bangalore,GJ Bailey,AR Patel,S Aravind,0,0,,,,,,bowled,GJ Bailey,,
829785,2015,2015-05-06,M Chinnaswamy Stadium,2,7.2,Kings XI Punjab,Royal Challengers Bangalore,MG Johnson,AR Patel,S Aravind,0,0,,,,,,,,,
829785,2015,2015-05-06,M Chinnaswamy Stadium,2,7.3,Kings XI Punjab,Royal Challengers Bangalore,MG Johnson,AR Patel,S Aravind,1,0,,,,,,,,,
829785,2015,2015-05-06,M Chinnaswamy Stadium,2,7.4,Kings XI Punjab,Royal Challengers Bangalore,AR Patel,MG Johnson,S Aravind,0,0,,,,,,,,,
829785,2015,2015-05-06,M Chinnaswamy Stadium,2,7.5,Kings XI Punjab,Royal Challengers Bangalore,AR Patel,MG Johnson,S Aravind,4,0,,,,,,,,,
829785,2015,2015-05-06,M Chinnaswamy Stadium,2,7.6,Kings XI Punjab,Royal Challengers Bangalore,AR Patel,MG Johnson,S Aravind,4,0,,,,,,,,,
829785,2015,2015-05-06,M Chinnaswamy Stadium,2,8.1,Kings XI Punjab,Royal Challengers Bangalore,MG Johnson,AR Patel,MA Starc,0,0,,,,,,,,,
829785,2015,2015-05-06,M Chinnaswamy Stadium,2,8.2,Kings XI Punjab,Royal Challengers Bangalore,MG Johnson,AR Patel,MA Starc,0,1,1,,,,,,,,
829785,2015,2015-05-06,M Chinnaswamy Stadium,2,8.3,Kings XI Punjab,Royal Challengers Bangalore,MG Johnson,AR Patel,MA Starc,0,0,,,,,,bowled,MG Johnson,,
829785,2015,2015-05-06,M Chinnaswamy Stadium,2,8.4,Kings XI Punjab,Royal Challengers Bangalore,Anureet Singh,AR Patel,MA Starc,0,0,,,,,,,,,
829785,2015,2015-05-06,M Chinnaswamy Stadium,2,8.5,Kings XI Punjab,Royal Challengers Bangalore,Anureet Singh,AR Patel,MA Starc,0,0,,,,,,bowled,Anureet Singh,,
829785,2015,2015-05-06,M Chinnaswamy Stadium,2,8.6,Kings XI Punjab,Royal Challengers Bangalore,Karanveer Singh,AR Patel,MA Starc,2,0,,,,,,,,,
829785,2015,2015-05-06,M Chinnaswamy Stadium,2,8.7,Kings XI Punjab,Royal Challengers Bangalore,Karanveer Singh,AR Patel,MA Starc,0,0,,,,,,,,,
829785,2015,2015-05-06,M Chinnaswamy Stadium,2,9.1,Kings XI Punjab,Royal Challengers Bangalore,AR Patel,Karanveer Singh,HV Patel,0,0,,,,,,,,,
829785,2015,2015-05-06,M Chinnaswamy Stadium,2,9.2,Kings XI Punjab,Royal Challengers Bangalore,AR Patel,Karanveer Singh,HV Patel,1,0,,,,,,,,,
829785,2015,2015-05-06,M Chinnaswamy Stadium,2,9.3,Kings XI Punjab,Royal Challengers Bangalore,Karanveer Singh,AR Patel,HV Patel,0,0,,,,,,,,,
829785,2015,2015-05-06,M Chinnaswamy Stadium,2,9.4,Kings XI Punjab,Royal Challengers Bangalore,Karanveer Singh,AR Patel,HV Patel,1,0,,,,,,,,,
829785,2015,2015-05-06,M Chinnaswamy Stadium,2,9.5,Kings XI Punjab,Royal Challengers Bangalore,AR Patel,Karanveer Singh,HV Patel,6,0,,,,,,,,,
829785,2015,2015-05-06,M Chinnaswamy Stadium,2,9.6,Kings XI Punjab,Royal Challengers Bangalore,AR Patel,Karanveer Singh,HV Patel,4,0,,,,,,,,,
829785,2015,2015-05-06,M Chinnaswamy Stadium,2,10.1,Kings XI Punjab,Royal Challengers Bangalore,Karanveer Singh,AR Patel,MA Starc,1,0,,,,,,,,,
829785,2015,2015-05-06,M Chinnaswamy Stadium,2,10.2,Kings XI Punjab,Royal Challengers Bangalore,AR Patel,Karanveer Singh,MA Starc,1,0,,,,,,,,,
829785,2015,2015-05-06,M Chinnaswamy Stadium,2,10.3,Kings XI Punjab,Royal Challengers Bangalore,Karanveer Singh,AR Patel,MA Starc,0,0,,,,,,,,,
829785,2015,2015-05-06,M Chinnaswamy Stadium,2,10.4,Kings XI Punjab,Royal Challengers Bangalore,Karanveer Singh,AR Patel,MA Starc,0,0,,,,,,bowled,Karanveer Singh,,
829785,2015,2015-05-06,M Chinnaswamy Stadium,2,10.5,Kings XI Punjab,Royal Challengers Bangalore,Sandeep Sharma,AR Patel,MA Starc,0,0,,,,,,,,,
829785,2015,2015-05-06,M Chinnaswamy Stadium,2,10.6,Kings XI Punjab,Royal Challengers Bangalore,Sandeep Sharma,AR Patel,MA Starc,0,0,,,,,,,,,
829785,2015,2015-05-06,M Chinnaswamy Stadium,2,11.1,Kings XI Punjab,Royal Challengers Bangalore,AR Patel,Sandeep Sharma,YS Chahal,2,0,,,,,,,,,
829785,2015,2015-05-06,M Chinnaswamy Stadium,2,11.2,Kings XI Punjab,Royal Challengers Bangalore,AR Patel,Sandeep Sharma,YS Chahal,0,0,,,,,,,,,
829785,2015,2015-05-06,M Chinnaswamy Stadium,2,11.3,Kings XI Punjab,Royal Challengers Bangalore,AR Patel,Sandeep Sharma,YS Chahal,4,0,,,,,,,,,
829785,2015,2015-05-06,M Chinnaswamy Stadium,2,11.4,Kings XI Punjab,Royal Challengers Bangalore,AR Patel,Sandeep Sharma,YS Chahal,0,0,,,,,,,,,
829785,2015,2015-05-06,M Chinnaswamy Stadium,2,11.5,Kings XI Punjab,Royal Challengers Bangalore,AR Patel,Sandeep Sharma,YS Chahal,6,0,,,,,,,,,
829785,2015,2015-05-06,M Chinnaswamy Stadium,2,11.6,Kings XI Punjab,Royal Challengers Bangalore,AR Patel,Sandeep Sharma,YS Chahal,1,0,,,,,,,,,
829785,2015,2015-05-06,M Chinnaswamy Stadium,2,12.1,Kings XI Punjab,Royal Challengers Bangalore,AR Patel,Sandeep Sharma,D Wiese,1,0,,,,,,,,,
829785,2015,2015-05-06,M Chinnaswamy Stadium,2,12.2,Kings XI Punjab,Royal Challengers Bangalore,Sandeep Sharma,AR Patel,D Wiese,0,0,,,,,,,,,
829785,2015,2015-05-06,M Chinnaswamy Stadium,2,12.3,Kings XI Punjab,Royal Challengers Bangalore,Sandeep Sharma,AR Patel,D Wiese,0,0,,,,,,,,,
829785,2015,2015-05-06,M Chinnaswamy Stadium,2,12.4,Kings XI Punjab,Royal Challengers Bangalore,Sandeep Sharma,AR Patel,D Wiese,1,0,,,,,,,,,
829785,2015,2015-05-06,M Chinnaswamy Stadium,2,12.5,Kings XI Punjab,Royal Challengers Bangalore,AR Patel,Sandeep Sharma,D Wiese,1,0,,,,,,,,,
829785,2015,2015-05-06,M Chinnaswamy Stadium,2,12.6,Kings XI Punjab,Royal Challengers Bangalore,Sandeep Sharma,AR Patel,D Wiese,1,0,,,,,,,,,
829785,2015,2015-05-06,M Chinnaswamy Stadium,2,13.1,Kings XI Punjab,Royal Challengers Bangalore,Sandeep Sharma,AR Patel,YS Chahal,4,0,,,,,,,,,
829785,2015,2015-05-06,M Chinnaswamy Stadium,2,13.2,Kings XI Punjab,Royal Challengers Bangalore,Sandeep Sharma,AR Patel,YS Chahal,1,0,,,,,,,,,
829785,2015,2015-05-06,M Chinnaswamy Stadium,2,13.3,Kings XI Punjab,Royal Challengers Bangalore,AR Patel,Sandeep Sharma,YS Chahal,1,0,,,,,,,,,
829785,2015,2015-05-06,M Chinnaswamy Stadium,2,13.4,Kings XI Punjab,Royal Challengers Bangalore,Sandeep Sharma,AR Patel,YS Chahal,0,0,,,,,,caught and bowled,Sandeep Sharma,,
